{
    "meta": {
        "directory": "data\\judgments\\DHC Judgments",
        "request": {
            "query": "Patents",
            "page": 2,
            "court": "DHC",
            "start_page": 1,
            "req_pages": 2,
            "req_total": null,
            "start_date": null,
            "end_date": null
        },
        "response": {
            "entry_start": 11,
            "entry_end": 20,
            "entry_total": 776,
            "page": 2,
            "page_total": 77,
            "page_previous": 1,
            "page_next": 3,
            "page_processed": 2,
            "saved_total": 15,
            "generated_at": "2022-11-22T12:30:47"
        }
    },
    "data": [
        {
            "case_number": "LPA 48/2021",
            "title": "LEELA MATHUR VS MUNICIPAL CORPORATION OF DELHI & ANR.",
            "date": "02/09/2022",
            "document_href": "http://dhcappl.nic.in:8080/FreeText/download.do?FILENAME=dhc/SMP/judgement/03-09-2022//SMP02092022LPA482021_162032.pdf&ID=1500032146_1",
            "document_path": "data\\judgments\\DHC Judgments\\1500032146_1.pdf"
        },
        {
            "case_number": "LPA 161/2021",
            "title": "MUNICIPAL CORPORATION OF DELHI (ERSTWHILE) (EAST DELHI MUNICIPAL CORPORATION/ EDMC) (ERSTWHILE MUNICIPAL CORPORATION OF DELHI/ MCD) & ANR. VS LEELA MATHUR",
            "date": "02/09/2022",
            "document_href": "http://dhcappl.nic.in:8080/FreeText/download.do?FILENAME=dhc/SMP/judgement/03-09-2022//SMP02092022LPA482021_162032.pdf&ID=1500032146_2",
            "document_path": "data\\judgments\\DHC Judgments\\1500032146_2.pdf"
        },
        {
            "case_number": "CAP 6/2021",
            "title": "DS BIOPHARMA LIMITED VS THE CONTROLLER OF PATENTS AND DESIGNS AND ANR",
            "date": "30/08/2022",
            "document_href": "http://dhcappl.nic.in:8080/FreeText/download.do?FILENAME=dhc/PMS/judgement/12-09-2022//PMS30082022CAP62021_145645.pdf&ID=1500032146_3",
            "document_path": "data\\judgments\\DHC Judgments\\1500032146_3.pdf"
        },
        {
            "case_number": "SC 282/2020",
            "title": "NEETU SINGH VS TELEGRAM FZ LLC",
            "date": "30/08/2022",
            "document_href": "http://dhcappl.nic.in:8080/FreeText/download.do?FILENAME=dhc/PMS/judgement/31-08-2022//PMS30082022SC2822020_121640.pdf&ID=1500032146_4",
            "document_path": "data\\judgments\\DHC Judgments\\1500032146_4.pdf"
        },
        {
            "case_number": "OMPCOMM 11/2021",
            "title": "ANTRIX CORPORATION LTD. VS DEVAS MULTIMEDIA PRIVATE LIMITED",
            "date": "29/08/2022",
            "document_href": "http://dhcappl.nic.in:8080/FreeText/download.do?FILENAME=dhc/SAS/judgement/29-08-2022//SAS29082022OMPCOMM112021_153737.pdf&ID=1500032146_5",
            "document_path": "data\\judgments\\DHC Judgments\\1500032146_5.pdf"
        },
        {
            "case_number": "CAP 25/2021",
            "title": "GOGORO INC VS THE CONTROLLER OF PATENTS AND DESIGNS AND ANR",
            "date": "24/08/2022",
            "document_href": "http://dhcappl.nic.in:8080/FreeText/download.do?FILENAME=dhc/PMS/judgement/26-08-2022//PMS24082022CAP252021_122709.pdf&ID=1500032146_7",
            "document_path": "data\\judgments\\DHC Judgments\\1500032146_7.pdf"
        },
        {
            "case_number": "CAP 12/2022",
            "title": "NOVARTIS AG VS CONTROLLER OF PATENTS AND DESIGNS",
            "date": "23/08/2022",
            "document_href": "http://dhcappl.nic.in:8080/FreeText/download.do?FILENAME=dhc/PMS/judgement/23-08-2022//PMS23082022CAP122022_153958.pdf&ID=1500032146_8",
            "document_path": "data\\judgments\\DHC Judgments\\1500032146_8.pdf"
        },
        {
            "case_number": "CMM 812/2022",
            "title": "SIDDHAST INTELLECTUAL PROPERTY INNOVATIONS PVT. LTD. VS CONTROLLER GENERAL OF PATENTS, DESIGNS AND TRADEMARKS AND ANR",
            "date": "22/08/2022",
            "document_href": "http://dhcappl.nic.in:8080/FreeText/download.do?FILENAME=dhc/CHS/judgement/25-08-2022//CHS22082022CMM8122022_121520.pdf&ID=1500032146_9",
            "document_path": "data\\judgments\\DHC Judgments\\1500032146_9.pdf"
        }
    ]
}