{
    "meta": {
        "directory": "data\\judgments\\DHC Judgments",
        "request": {
            "query": "Infringement",
            "page": 2,
            "court": "DHC",
            "start_page": 1,
            "req_pages": 2,
            "req_total": null,
            "start_date": null,
            "end_date": null
        },
        "response": {
            "entry_start": 11,
            "entry_end": 20,
            "entry_total": 2884,
            "page": 2,
            "page_total": 288,
            "page_previous": 1,
            "page_next": 3,
            "page_processed": 2,
            "saved_total": 10,
            "generated_at": "2022-11-22T12:31:09"
        }
    },
    "data": [
        {
            "case_number": "SC 422/2019",
            "title": "WARNER BROS. ENTERTAINMENT INC. VS HTTPS://XMOVIES08.RU & ORS.",
            "date": "10/10/2022",
            "document_href": "http://dhcappl.nic.in:8080/FreeText/download.do?FILENAME=dhc/NAC/judgement/12-10-2022//NAC10102022SC4222019_150120.pdf&ID=666421466_0",
            "document_path": "data\\judgments\\DHC Judgments\\666421466_0.pdf"
        },
        {
            "case_number": "SC 457/2019",
            "title": "WARNER BROS. ENTERTAINMENT INC. VS MOVIESFLIX.NET_& ORS.",
            "date": "10/10/2022",
            "document_href": "http://dhcappl.nic.in:8080/FreeText/download.do?FILENAME=dhc/NAC/judgement/12-10-2022//NAC10102022SC4572019_150155.pdf&ID=666421466_1",
            "document_path": "data\\judgments\\DHC Judgments\\666421466_1.pdf"
        },
        {
            "case_number": "CW 6466/2021",
            "title": "BALJIT SINGH BHATIA & ORS. VS UNION OF INDIA  & ORS.",
            "date": "06/10/2022",
            "document_href": "http://dhcappl.nic.in:8080/FreeText/download.do?FILENAME=dhc/SVN/judgement/11-10-2022//SVN06102022CW64662021_205712.pdf&ID=666421466_4",
            "document_path": "data\\judgments\\DHC Judgments\\666421466_4.pdf"
        },
        {
            "case_number": "SC 281/2022",
            "title": "PHILLIPS 66 COMPANY VS RAAJ UNOCAL LUBRICANTS LIMITED",
            "date": "06/10/2022",
            "document_href": "http://dhcappl.nic.in:8080/FreeText/download.do?FILENAME=dhc/ABL/judgement/09-10-2022//ABL06102022SC2812022_071717.pdf&ID=666421466_5",
            "document_path": "data\\judgments\\DHC Judgments\\666421466_5.pdf"
        },
        {
            "case_number": "SC 281/2021",
            "title": "TTK PRESTIGE LIMITED VS BAGHLA SANITARYWARE PRIVATE LIMITED  & ORS.",
            "date": "06/10/2022",
            "document_href": "http://dhcappl.nic.in:8080/FreeText/download.do?FILENAME=dhc/ABL/judgement/08-10-2022//ABL06102022SC2812021_162047.pdf&ID=666421466_9",
            "document_path": "data\\judgments\\DHC Judgments\\666421466_9.pdf"
        }
    ]
}