{
    "meta": {
        "directory": "data\\judgments\\DHC Judgments",
        "request": {
            "query": "trade marks",
            "page": 11,
            "court": "DHC",
            "start_page": 1,
            "req_pages": 10,
            "req_total": null,
            "start_date": null,
            "end_date": null
        },
        "response": {
            "entry_start": 101,
            "entry_end": 110,
            "entry_total": 1610,
            "page": 11,
            "page_total": 161,
            "page_previous": 10,
            "page_next": 12,
            "page_processed": 11,
            "saved_total": 100,
            "generated_at": "2022-11-12T20:44:53"
        },
        "filters": {
            "sent_count": {
                "min_sents": "2",
                "min_words": "20",
                "tokenizer_path": null
            }
        }
    },
    "data": [
        {
            "case_number": "SC 137/2021",
            "title": "PUMA SE VS HI-TEC POINT TECHNOLOGIES P LTD  AND  ORS",
            "date": "19/05/2022",
            "document_href": "http://dhcappl.nic.in:8080/FreeText/download.do?FILENAME=dhc/PMS/judgement/20-05-2022//PMS19052022SC1372021_174657.pdf&ID=1735402161_0",
            "document_path": "data\\judgments\\DHC Judgments\\1735402161_0.pdf",
            "paragraphs": {
                "adobe_api": [
                    {
                        "page": 1,
                        "paragraph_number": 2,
                        "content": "The present suit has been filed by the Plaintiff-PUMA SE seeking protection of its mark ‘PUMA’ which was coined and adopted by it internationally in 1948. The Plaintiff’s brand ‘PUMA’ is one of the world’s leading sports brand designing, developing, selling and marketing footwear, apparel and accessories. The mark ‘PUMA’ has been used in India from 1980’s onwards and the same is registered under several classes. Defendant No.1-M/s Hi-Tech Point Technologies Pvt. Ltd. started a Global Positioning System (hereinafter ‘GPS’) service through electronic application by the name ‘PUMA GUARD’. Defendant No.2 -Black Box GPS Technology  OPC Pvt. Ltd. also launched a device with GPS tracking and anti-theft capabilities under the mark ‘PUMA’.",
                        "reference": "2."
                    },
                    {
                        "page": 2,
                        "paragraph_number": 3,
                        "content": "www.pumaguard.in www.pumaguard.com Defendant No.1 filed an application for registration of the mark ‘PUMA THE VEHICLE GUARD’ in Class-9 on 23rd February, 2013 on ‘proposed to be used’ basis. On coming across the said application, correspondence was entered into between the parties. However, the Defendants refused to comply with the requisitions of the Plaintiff. The Plaintiff also came across two domain names, namely, ‘’ and ‘’ where Defendant No. 2 was promoting and selling its GPS and anti-theft vehicle devices under the impugned mark. After effecting a purchase on 15th February, 2021 from Defendant No.2, the present suit was filed.",
                        "reference": "3."
                    },
                    {
                        "page": 2,
                        "paragraph_number": 4,
                        "content": "Vide order dated 24th March, 2021, an ex parte ad-interim injunction was granted in the following terms:  “13. In view of the above, the Plaintiff has made out a prima facie case, the balance of convenience also lies in favour of the Plaintiff and irreparable cause would be caused to the Plaintiff in case the Defendants are not restrained, as prayed for. Accordingly, the Defendants, their directors, partners or proprietors as the case may be, servants, agents, affiliates, associates, stockiest are restrained from manufacturing, stocking, warehousing, trading, supplying, selling, marketing, in any manner including online sale or dealing in any other way, any goods including antitheft and GPS vehicle devices and/or any other products under the trade marks  or any other name/ mark which is identical and deceptively similar to the Plaintiff's mark PUMA including use of it as a domain name not limited to pumaguard.in and pumaguard.com or key words or meta-names, Twitter handle, Facebook channel, LinkedIn profile, YouTube channel, app name or any other online media which may amount to infringement or passing off of the Plaintiff's registered trademarks as mentioned in paragraph 12 of the plaint.”",
                        "reference": "4."
                    },
                    {
                        "page": 3,
                        "paragraph_number": 5,
                        "content": "Vide the said order, a Local Commissioner was also appointed to visit the premises of Defendant No.2 and prepare an inventory of the products with the impugned mark. The Local Commissioner executed the commission in Chandigarh in Defendant No.2’s premises and made an inventory of the GPS tracking devices under the name ‘PUMA’. Photographs were also taken by the Local Commissioner. The said devices were 19 18 in number and one packaging was also found bearing the mark ‘PUMA’. The same were returned on superdari to Defendant No.2.",
                        "reference": "5."
                    },
                    {
                        "page": 3,
                        "paragraph_number": 6,
                        "content": "www.pumaguard.in www.pumaguard.in www.pumaguard.com The Defendants who are impleaded in the present suit are Defendant Nos.1 and 2 who are the contesting parties. Defendant No.3-Endurance Domains Technology LLP is the Registrar of the domain name ‘’. Defendant No.4-PDR Solutions Fzc is the webhost of the website ‘’. Defendant Nos.5 and 6 are the Registrar and web host respectively of the website ‘’. Defendant No.7-Google LLC has included Defendant No.1’s GPS tracking application on the Google Play Store. Defendant No.8-Apple Inc. has also included the Defendant No.1’s application on its `App store’. Defendant No.9-Twitter Inc, Defendant No.10-LinkedIn Corporation and Defendant No.11-Facebook  Inc. are social media platforms where the Defendant No.2’s products are being promoted, advertised and business is being solicited.",
                        "reference": "6."
                    },
                    {
                        "page": 4,
                        "paragraph_number": 7,
                        "content": "Order dated 27th July, 2021 notes that a submission was made on behalf of Defendant Nos.7, 10 and 11 that they shall block/deactivate the links specified in the order on their websites. On behalf of Twitter Inc., it was confirmed that the Twitter handle of Defendant Nos.1 and 2 has been changed. The relevant paragraphs of the said order are set out below:  “2. Ms. Aishwarya Kane, leamed counsel for Defendant No. 7/ Google LLC submits that in terms of the order dated 24th March, 2021, there were no specific directions issued to Defendant No. 7 for taking down or blocking/deactivating the offending content on the website 'YouTube.com'. Having heard the counsel, it is directed that Defendant Nos. 7, 10 and 11 shall block/deactivate the following links on their respective websites: a)https://www.youtube.com/channel/UC0xmJL_7Dpsyf XeIc-5-vdg  b)https://www.linkedin.com/in/pumathevehicleguard/? originalSubdomain=in  c)https://www.facebook.com/PumaTheVehicleGuard/1/",
                        "reference": "7."
                    },
                    {
                        "page": 4,
                        "paragraph_number": 8,
                        "content": "Mr. Deepak Gogia, learned counsel for Defendant No. 9/Twitter Inc. states that the Defendant Nos. 1 and 2 have already changed their Twitter handle as also noted by the leamed Joint Registrar in the order dated July, 2021. In these circumstances, Mr. Narula does not press for any specific directions against Defendant No. 9.”",
                        "reference": "3."
                    },
                    {
                        "page": 4,
                        "paragraph_number": 9,
                        "content": "Mr. Narula, ld. Counsel for the Plaintiff confirms that after the said order was passed, the application of the Defendant No.1 has been removed from Apple’s App Store. However, he submits that Defendants’ profile on  LinkedIn continues to exist and the application continues to be visible on the Google Play Store.",
                        "reference": "8."
                    },
                    {
                        "page": 5,
                        "paragraph_number": 10,
                        "content": "During the pendency of the suit, the Plaintiff and Defendant Nos.1 and 2 have arrived at a settlement. An application under Order XXIII Rule 3 CPC has been filed jointly by the parties. The terms and conditions of the settlement are contained in paragraphs 3(I) to (XII) of the joint application.  The terms and conditions are extracted herein below:  “3. That the parties submit that during the pendency of the present proceedings, the Plaintiff and the Defendant No. 1 & 2 (hereinafter referred to as the “Defendants”) have arrived at a settlement on the following terms & conditions as more particularly set out hereinafter: - I.  The Defendants acknowledge and recognize that the Plaintiff is the proprietor of its well-known trade mark PUMA;  II.  The Defendants undertakes that with immediate effect that the their directors, partners or proprietors as the case may be, servants, agents, affiliates, associates, stockiest and all other persons directly under the control of the Defendants have stopped and agree not to, at any time in the future, manufacture, market, offer for sale including online sale or dealing in any other way, any goods including anti-theft and GPS vehicle Devices and/ or any other security and surveillance products under the Plaintiff’s trade mark PUMA or any other goods. Further not to use PUMA as a trade mark/tradename/domain name or any other mark which is identical and/or deceptively similar to the Plaintiff’s mark PUMA which may amount to infringement of the Plaintiff’s registered trademarks and passing off;  III.  The Defendants further undertake not to pursue or file any appeal against Trade Mark Registry order dated 16th September, 2018 vide which the Defendants trade mark application for registration of the mark under No. 2483675 in class 9 was refused/ abandoned. The Defendants further undertake not to file any fresh application for registration of the mark PUMA or any other deceptively similar mark in future.  IV.  www.pumaguard.in  www.pumaguard.com  www.pumaguard.in  www.pumaguard.com  www.pumaguard.in  www.pumaguard.com  The Defendants confirm that they have stopped running their websites & with immediate effect. The Defendants undertake not to operate their websites & at any time in future or incorporate any new website containing the mark PUMA as part of their domain name. The Defendant further undertakes not to use any email/website/ domain name containing the mark PUMA. The Defendants also undertake to transfer the domain names & to the Plaintiff. Further, the Defendants will have ‘no objection’ to the above domain names being transferred by the respective Registrars in the name of the Plaintiff.  V.  The Defendant undertakes to remove from third parties websites/ online directory and other online resources, the goods bearing the mark PUMA or any advertisement for PUMA products placed anywhere within 30 days of execution of the present application. The Defendant further undertakes that in future it will not use directly or indirectly or advertise its business/ services/products under the impugned mark PUMA or any mark deceptively similar thereto.  VI.  The Defendants agree and undertake to deactivate/ disable the access and take down the software application under the name ‘PUMA GUARD’ from app stores (Apple & Google Play stores) within 7 days from the date of signing of the present application.  VII.  The Defendants agree and undertake to deactivate/ disable their profile under the name PUMA/‘PUMA GUARD’ from YouTube, LinkedIn, Facebook & Twitter.  VIII.  The Defendants further agree for destruction of the infringing products seized by the local commissioner and other inventory lying in their power and possession in the presence of the Plaintiff’s representative.  IX.  The Defendants agrees to pay an amount of Rs. 3,50,000/-(Three Lakh Fifty Thousand) as cost of these legal proceedings to the Plaintiff vide Demand Draft no. Rs 50,000/-dated 02/12/2021 drawn on The Karur Vysya bank Limited and Demand Draft no. Rs 300000/-dated 11/08/2021 drawn on The Karur Vysya bank Limited and  X.  The aforesaid undertakings have been given and signed by Mr. Rajesh Vaidya on behalf of Defendant no 1 and Mrs Madhu Vaidya on behalf of Defendant no 2 on behalf of the Defendants and Ms. Sonu Kapoor on behalf of the Plaintiff. All aforesaid undertakings shall be binding on the parties, partners, legal heirs, servants, agents, representatives and assigns in the business;  XI.  That parties have agreed that full court fees of the present suit will be refunded to the Plaintiff as parties have settled the despite amicably.  XII.  The Defendants understood that in the event of breach of any of the terms of the present settlement, the Plaintiff would be entitled to forthwith and without any notice, terminate the present settlement and pursues appropriate legal remedies and reliefs available to it including but not limited to liquidated damages;",
                        "reference": "9."
                    },
                    {
                        "page": 8,
                        "paragraph_number": 11,
                        "content": "That in view of the aforesaid undertaking given by Defendants, the Plaintiff undertakes to forgo its claim of rendition of account/damages against the Defendants as stated in paragraph No. 47 (j-m) of the plaint and the parties agree that in view of the above undertakings and acknowledgements a decree for permanent injunction be passed in favour of the Plaintiff and against the Defendants as per Paragraph No. 47 (a-c) of the plaint.”",
                        "reference": "4."
                    },
                    {
                        "page": 8,
                        "paragraph_number": 12,
                        "content": "As per the terms of the settlement, Defendant No.1 and 2 have acknowledged the rights of the Plaintiff in the mark ‘PUMA’. They have also confirmed that they have stopped using the mark ‘PUMA’ for their GPS tracking devices or any other such similar products which may amount to infringement and passing off. Defendant Nos.1 and 2 have also undertaken not to pursue trademark application 2483675 which has been refused by the Registrar of Trade Marks. The Defendants’ websites are also stated to be longer been operational.",
                        "reference": "10."
                    },
                    {
                        "page": 8,
                        "paragraph_number": 13,
                        "content": "The Court has perused the terms of settlement. The same are lawful. There is no impediment in recording the settlement. The terms of settlement shall be binding on the parties and all other acting for and on their behalf.",
                        "reference": "11."
                    },
                    {
                        "page": 9,
                        "paragraph_number": 14,
                        "content": "Accordingly, the suit is decreed against Defendant Nos.1 and 2 in terms of paragraphs 3(I) to 3(XII) and 4 as set out above. In addition, the suit is decreed in terms of paragraph 47 (a) to (c) of the Plaint. None of the other reliefs are pressed.",
                        "reference": "12."
                    },
                    {
                        "page": 9,
                        "paragraph_number": 15,
                        "content": "In order to give full effect to the injunction/decree which has granted today, it is directed that Google LLC shall remove Defendant No.1’s app -‘PUMA GUARD’ from its Google Play Store. The LinkedIn profile of Defendant No.1 and 2 shall also be removed by Defendant No.10. Copy of this order be emailed by ld. Counsel to the plaintiff to the said defendants for compliance.",
                        "reference": "13."
                    },
                    {
                        "page": 9,
                        "paragraph_number": 16,
                        "content": "In future, if there are any other URLs where the Defendants’ products are being advertised, either on the internet or on any other social media platforms, the Plaintiff is permitted to write to the Defendants arrayed as Defendant Nos.7 to 11 in the present suit along with the copy of the order with a request for take down of the said URLs. If the said URLs are not taken down, the Plaintiff is permitted to avail of its remedies in accordance with law.",
                        "reference": "14."
                    },
                    {
                        "page": 9,
                        "paragraph_number": 18,
                        "content": "www.pumaguard.in www.pumaguard.com In view of the decree passed today, Defendant Nos. 3 and 5 i.e., Endurance Domains Technology LLP and Public Domain Registry (PDR) are directed to transfer the domain names ‘’ and ‘’ to the Plaintiff. The details of the person in whose favour the transfer is to be effected shall be communicated by the Plaintiff to  the said two Defendants within two weeks. Upon receipt of the said details, the transfer shall be effected within a period of two weeks thereafter.",
                        "reference": "16."
                    }
                ]
            }
        },
        {
            "case_number": "SC 135/2021",
            "title": "CABLE NEWS NETWORK INC VS MR FAYYAZ SHAIKH & ANR.",
            "date": "19/05/2022",
            "document_href": "http://dhcappl.nic.in:8080/FreeText/download.do?FILENAME=dhc/PMS/judgement/20-05-2022//PMS19052022SC1352021_174557.pdf&ID=1735402161_1",
            "document_path": "data\\judgments\\DHC Judgments\\1735402161_1.pdf",
            "paragraphs": {
                "adobe_api": [
                    {
                        "page": 1,
                        "paragraph_number": 2,
                        "content": "The present suit has been filed by the Plaintiff -Cable News Network, Inc. which is a company based in USA, involved in the broadcasting/production of an English news channel under the name/mark  ‘ / CNN’. The case of the Plaintiff is that the said news channel ‘CNN’ was launched in September, 1985. Since the year 1989, the news channel ‘CNN’ has been available for viewers in India as well. The first New Delhi Bureau of ‘CNN’ was opened in the year 1992 and in June, 1993, a strategic relationship was entered into between ‘CNN’ International and New Delhi Television Pvt. Ltd. (NDTV). As per the plaint, the Plaintiff’s television channel ‘CNN’ was the first private television channel which was allowed to be broadcasted on an Indian Satellite. Further, the mark ‘CNN’ has been protected by the Plaintiff by filing various proceedings. One such proceeding is CS (COMM) 924/2016 titled Cable",
                        "reference": "2."
                    },
                    {
                        "page": 2,
                        "paragraph_number": 3,
                        "content": "The Plaintiffs have several trademark registrations in India for the mark ‘CNN’, since the year 1999, in several Classes, namely, 9, 16, 35, 38, 41, 42, and 43. Various other variants and formative marks of the mark ‘CNN’ have also been registered by the Plaintiff, such as ‘CNN IBN’, ‘CNN IBN 7’, ‘CNN NEWS 18’, ‘CNN CAFÉ’, ‘CNN GO’, etc. The earliest mark dates back to 1999. A complete list of registrations has been set out in Paragraph 16 of the Plaint.",
                        "reference": "3."
                    },
                    {
                        "page": 2,
                        "paragraph_number": 4,
                        "content": "It is the case of the Plaintiff that, sometime in March, 2021, the Plaintiff came to know that the Defendant No.1 -Mr. Fayyaz Shaikh started running a news channel running under the name ‘CNN News Khabar Update Marathi’. Defendant No.2 – Mr. Azhar Hussain, was shown as the Editor in Chief of the said channel. They were also using the network named ‘CNN City News Network, Darwha, Yavatmal, Maharashtra-445202. The Plaintiff came across the use of the mark ‘CNN’ in the following manner, by the Defendants:",
                        "reference": "4."
                    },
                    {
                        "page": 2,
                        "paragraph_number": 5,
                        "content": "The Defendants were also running YouTube Channels and were promoting the mark ‘CNN’ on their Twitter account, Instagram posts, blogs, etc. The depiction of the mark ‘CNN’ on the YouTube Channels of the Defendants is set out below:",
                        "reference": "5."
                    },
                    {
                        "page": 3,
                        "paragraph_number": 6,
                        "content": "Accordingly, in view of the identical use of the mark ‘CNN’ by the Defendants for an identical service i.e., news service on the internet, the present suit was filed by the Plaintiff. As per the Plaintiff, the use of the mark ‘CNN’ constitutes infringement of its registered trademarks, passing off, etc. It is also alleged that the said use would constitute misrepresentation, impersonation, dilution and tarnishment.",
                        "reference": "6."
                    },
                    {
                        "page": 3,
                        "paragraph_number": 7,
                        "content": "The present suit was listed for the first time before the Court on 24th March, 2021, on which date, an ex parte ad interim injunction was granted, in the following terms:  “Accordingly, till the next date of hearing the defendants, its directors, partners, employees, officers, servants, agents, subsidiaries, distributors, and all others acting for and on their behalf are restrained from using as a trading name or rendering any services, communicating or making available or publishing or printing or disseminating or distributing, or duplicating, or sharing or displaying, or releasing, or showing, or uploading,  or downloading, or exhibiting, or playing, and/or defraying any content, news, information under the mark CNN, CNN NEWS or any other mark, name, logo, monogram or label including the impugned trademarks  in any medium especially Cable TV, DTH, Internet services, MMS, Tapes, Conditional Access System or in any other like manner including social media websites and mobile applications on any communication devices. It is further directed that the defendants shall remove all the videos and/or content/ information published and/or uploaded on the Internet on any link including the following links;  a.  http://twitter.com/yoyofayyaz  b.  http://www.instagram.com./yo_yo_ fayyaz/  c. http://www.youtube.com.channel/UChhgEUvXXfyx 6EuC6t9qlQ  d. https://www.youtube.com/channel/UCqQd5QYu4E iem-8UrhnlcA  e.  http://cnnewskhbarmarathi.blogspot.com/, fhttp://www.blogger.com/profile/0186748387830260 1221”",
                        "reference": "7."
                    },
                    {
                        "page": 4,
                        "paragraph_number": 8,
                        "content": "It is further directed that in case any further social media pages, YouTube channels, blogs, containing the impugned mark, comes to the notice of the plaintiffs company, it shall at liberty to approach the YouTube/Instagram/Twitter/social media pages to pull down the videos/blogs/webpages of the defendants that bear the infringing logos/trademarks. The plaintiff shall also be at liberty to approach this Court.”",
                        "reference": "13."
                    },
                    {
                        "page": 4,
                        "paragraph_number": 9,
                        "content": "Thereafter, the Defendants were served in the matter. The order dated 20th July, 2021 in the present suit records that in view of the affidavit of  service filed by the Plaintiff, the Defendants are indicated to have been served. As per the affidavit of service filed on 5th July, 2021, the Defendants have been sent copies of the paper-book through speed post. The delivery reports have also been attached with the said affidavit of service. A perusal of the same shows that the Defendants have refused to take the service.",
                        "reference": "8."
                    },
                    {
                        "page": 5,
                        "paragraph_number": 10,
                        "content": "None appears for the Defendants. Ld. Counsel for the Plaintiff confirms that the YouTube channels have been taken down and all the other social media posts/accounts have also been taken down, in compliance of the order dated 24th March, 2021.",
                        "reference": "9."
                    },
                    {
                        "page": 5,
                        "paragraph_number": 11,
                        "content": "The Court has repeatedly granted time to the Defendants to file the written statement. However, till date there has been no appearance on behalf of the Defendants and no written statement has been filed. It is clear that the Defendants do not intend to pursue any defence in the present case.",
                        "reference": "10."
                    },
                    {
                        "page": 5,
                        "paragraph_number": 12,
                        "content": "The fact that the Defendants have taken down the YouTube videos, Twitter and other infringing accounts/posts on social media shows that the Defendants are well aware of the present proceedings as also the order dated 24th March, 2021 which has already been passed. Compliance of Order XXXIX Rule 3 has also been done.",
                        "reference": "11."
                    },
                    {
                        "page": 5,
                        "paragraph_number": 13,
                        "content": "In view of the above, since none appears for the Defendants, the Defendants are proceeded against ex parte. Following the rationale of the judgment of the ld. Single Judge of this Court in Disney Enterprises Inc. & Anr. v. Balraj Muttneja &Ors. [CS (OS) 3466/2012 decided on 20th February, 2014], which is clear to the effect that filing of ex parte evidence would not be required in all matters. Thus, this Court is of the opinion that no ex parte evidence needs to be adduced in this case. The same has been  reiterated by the Court in S. Oliver Bernd Freier GMBH & CO. KG v. Jaikara Apparels and Ors. [210 (2014) DLT 381], as also, in United Coffee House v. Raghav Kalra and Ors. [2013 (55) PTC 414 (Del)]. The relevant observations from the judgment in Disney Enterprises Inc. (supra), are as under:  “3. Though the defendants entered appearance through their counsel on 01.02.2013 but remained unrepresented thereafter and failed to file a written statement as well. The defendants were thus directed to be proceeded ex-parte vide order dated 04.10.2013and the plaintiffs permitted to file affidavits by way of ex parte evidence. 4. The plaintiffs, despite having been granted sufficient time and several opportunities, have failed to get their affidavits for leading ex-parte evidence on record. However, it is not deemed expedient to further await the same and allow this matter to languish, for the reason that I have in Indian Performing Rights Society Ltd. Vs. Gauhati Town Club MANU/DE/0582/2013 held that where the defendant is ex parte and the material before the Court is sufficient to allow the claim of the plaintiff, the time of the Court should not be wasted in directing ex parte evidence to be recorded and which mostly is nothing but a repetition of the contents of the plaint.”",
                        "reference": "12."
                    },
                    {
                        "page": 6,
                        "paragraph_number": 14,
                        "content": "In the present case, a perusal of the judgment dated 16th November, 2017 passed by the ld. Single Judge in CS(COMM) 924/2016 titled Cable News Network, Inc. v. Anshu Jain (Anim Desire Private Limited), shows that the Plaintiff’s rights in the mark ‘CNN’ have been upheld by the Court. The mark ‘CNN’ has also been declared as a well-known mark. Relevant  extracts of the judgment are set out below:  “7. Testimony of PW-1 (Abhijeet Dhar) has remained unchallenged and unrebutted. There are no sound reasons to disbelieve the positive uncontroverted testimony of PW-1. The defendants did not bother to put forth their stand; the averments are deemed to be not disputed.",
                        "reference": "13."
                    },
                    {
                        "page": 7,
                        "paragraph_number": 15,
                        "content": "On perusal of the plaint and documents on record, it reveals that the plaintiff is the registered user of the mark CNN. The plaintiff has placed on record number of documents showing that plaintiff has been running its well known news channel with presence in several countries and territories worldwide. Various printouts show that the defendants have been using the domain name www.cnndigital.com. This Court is of the view that the plaintiff’s trademark CNN is a well known trademark as defined under Section 2(1) (zg) and other provisions of the Trade Marks Act, 1999.”",
                        "reference": "8."
                    },
                    {
                        "page": 7,
                        "paragraph_number": 16,
                        "content": "The rights of the Plaintiff in the mark ‘CNN’ being undisputed and unchallenged and the said mark has been declared as a well-known mark. The Defendants were using an identical mark for identical services i.e., NEWS. The mark ‘CNN’ is a registered trade mark of the Plaintiff. Details of the registrations are set out below:  Thus, the use of an identical mark for identical services is clear infringement of the Plaintiff’s rights in the ‘CNN’ mark. There can be no justification for the Defendants to use an identical mark. Even if the name of the Defendants’ network is City News network, the use of the abbreviated form ‘CNN’ would be impermissible owing to the well-known nature of the Plaintiff’s mark. Moreover, the mark ‘CNN’ is one which is globally well known in the field of news dissemination and media related business.",
                        "reference": "14."
                    },
                    {
                        "page": 10,
                        "paragraph_number": 17,
                        "content": "Accordingly, the present is a fit case for grant of a permanent injunction against the Defendants from using, broadcasting, telecasting any news or any other program under the mark ‘CNN’ and using the mark ‘CNN’, in any manner, with or without any suffix or prefix for any goods or services which are cognate and allied to the Plaintiff’s news services or other related services. The Defendants shall also refrain from posting any tweets or uploading any videos or putting up any content on the internet using the mark/name ‘CNN’. The present suit is decreed in terms of the reliefs as sought in paragraph 44 (a), (b) and (c) of the Plaint.",
                        "reference": "15."
                    },
                    {
                        "page": 10,
                        "paragraph_number": 18,
                        "content": "None has appeared in this matter on behalf of the Defendants. The use of the mark ‘CNN’ is clearly with knowledge of the Plaintiff’s goodwill and reputation, as also, considering that the Defendants, being journalists/  CS (COMM) 135/2021  Page 10 of  persons in the media business, are deemed to be well aware of the reputation of the Plaintiff’s mark and the rights of the Plaintiff in the said mark. Accordingly, costs of Rs.3 lakhs are awarded to the Plaintiff, in terms of the relief as sought in paragraph 44(i) of the Plaint.",
                        "reference": "16."
                    }
                ]
            }
        },
        {
            "case_number": "WO 37/2021",
            "title": "SUDHIR BHATIA TRADING AS V.BHATIA INTERNATIONAL VS CENTRAL GOVERNMENT OF INDIA & ORS",
            "date": "19/05/2022",
            "document_href": "http://dhcappl.nic.in:8080/FreeText/download.do?FILENAME=dhc/JIS/judgement/21-05-2022//JIS19052022WO372021_195845.pdf&ID=1735402161_6",
            "document_path": "data\\judgments\\DHC Judgments\\1735402161_6.pdf",
            "paragraphs": {
                "adobe_api": [
                    {
                        "page": 1,
                        "paragraph_number": 1,
                        "content": "By way of present writ petition, Petitioner seeks a writ of Certiorari quashing the advertisement with respect to application No.731808, in Class 5, filed by Midas Hygiene Industries Pvt. Ltd./Respondent No.3 herein for registration of trademark LAXMAN REKHA (label) and a further direction to the concerned Registrar of Trade Marks to re-advertise theapplication.",
                        "reference": "1."
                    },
                    {
                        "page": 1,
                        "paragraph_number": 2,
                        "content": "Factual narrative to the extent necessaryand relevant for the present writ petition is that Respondent No.3 filed an application on 29.01.1997, for  registration of trademark LAXMAN REKHA (label).Respondent No.3 also filed a suit for perpetual injunction, infringement of copyright, passing off, delivery etc. against the Petitioner herein, in respect of trademark LAXMAN REKHA. LearnedSingleJudge of this Court grantedinjunction against the Petitioner vide order dated 31.07.2001. In an Appeal before the Division Bench, the injunction order was vacated vide order dated 20.09.2001, however, in Civil Appeal No. 107/2002, the Supreme Court, vide order dated 22.01.2004, set aside theorder of the Division Bench and restored the order granting injunction. The suit was transferredto the District Courts on account of pecuniary jurisdiction.",
                        "reference": "2."
                    },
                    {
                        "page": 2,
                        "paragraph_number": 3,
                        "content": "Before the learned Trial Court, Respondent No.3 preferred an application under Order 6 Rule 17 CPC in the year 2006, seeking amendment of theplaint and alongwith the application filed copy of th e registration certificate, whereby Respondent No.3’s trademark/label LAXMAN REKHA was registeredin Class 5.",
                        "reference": "3."
                    },
                    {
                        "page": 2,
                        "paragraph_number": 4,
                        "content": "It is averred in the writ petition that from theRegistration Certificate, Petitioner learnt that the application for registration was advertisedin Trade Marks Journal MEGA-1 on 25.08.2003. Petitioner thereafter contacted its lawyers, who on inquiry foundthat the trademark (label) of Respondent No.3 was advertised, but was totally black and illegible. Petitioner then approached theRegistrar of Trade Marks, Mumbai (hereinafter referred to as ‘the Registrar’) vide letter dated 09.02.2004 and requested him to re-advertise themark, on the ground that the markadvertised on page 618, was not clearly visible and also enclosed photocopy of the relevantpage for ready reference. This was followed by reminder letters dated 01.11.2006, 24.11.2006, 26.11.2006, 25.01.2007 etc., whereby Petitioner requested the  Registrar to take action under Section 57(4) of the Trade Marks Act, 1999 (hereinafter referred to as the “Act”), more so, in larger public interest. Finally, a legal notice dated 10.06.2008 was sent to Respondent No.2 seeking redressal of the grievance relating to the illegible advertisement. Receiving no response, Petitioner approached this Court by way of the present writ petition.",
                        "reference": "4."
                    },
                    {
                        "page": 3,
                        "paragraph_number": 6,
                        "content": "Learned counsel for the Petitioner has sought quashing of the advertisement on many-foldgrounds. It is contended that the Registrar failed to appreciate the provisions of Section 20(2) of the Act, which empowers the Registrar to re-advertise the trademark application, after remedying the flaws or errors in the advertisement.",
                        "reference": "6."
                    },
                    {
                        "page": 3,
                        "paragraph_number": 7,
                        "content": "It was contended that the Registrarfailed to appreciate the purpose and purport of advertising the application, which is to inform the world at large that an application hasbeen filed seeking registration of a trademark. It is the obligation of the Registrar of Trade Marks to maintain a Register of Trade Marks under Section 6 of the Act. If there is an error in the advertisement and the same is not rectified by the Registrar, it would result in an impure entry in the Register. The Registrar took no action to re-advertise the trademark, despite the Petitioner pointing out that the advertisement was illegible.",
                        "reference": "7."
                    },
                    {
                        "page": 3,
                        "paragraph_number": 8,
                        "content": "It was next contended by Mr. Bhatia that the Registrar failed to appreciate the Schemeof the Act. Application for registration of a trademark  is filed under Section 18(1) of the Act andRegistrar of Trade Marks accepts or refuses theapplication under Section 18(4) or in its discretion, orders for an advertisement, before acceptance. The application is then advertised under Section 20 of the Act. Section 21(1) of the Act providesfor opposition to registration within four months, from the date of the advertisement or re-advertisement of the application or within such further period, not exceeding one month, as the Registrar allows, on an application made in the prescribed manner andon payment of prescribed fee. Petitioner would have filed an opposition on seeing the mark, had the same been properly advertised. Since the parties were litigating in various forumsin respect of the trademark LAXMAN REKHA, there was legitimate expectation that Petitioner would file the opposition.A very valuable right and opportunity available to the Petitioner under the Statute has thus been lost. The impugned action of the Registrar has resulted in an unfair advantage of registration in favour of Respondent No.3, while Petitioner has suffered grave prejudice.",
                        "reference": "8."
                    },
                    {
                        "page": 4,
                        "paragraph_number": 9,
                        "content": "Learned counsel submitted that the Registrar has also failed to appreciate that advertisement of an application with correct particulars and legibility is also in public interest as there may have been others who would have filed oppositions,but have lost theopportunity. Filing of an opposition is a statutory right available to the Petitioner and others who have been adversely affected, by the grant of registration. Learned counsel relies on a judgment of this Court in VirendraSethi v. Kundan Das & Ors., 2002 (25)  PTC 50 (Del), wherein it was held that it is the duty and responsibility of the concerned Authorities under the Trade and Merchandise Marks Act, 1958, to ensure that the advertisement is published properly and nothing is left  vague or uncertain. In thesaid case, theCourt having perused the copy of the Journal observed that the word ‘PRIKAS’ was not readily and properly visible and thus the Petitioner lost a valuable right to seek amendment of his opposition and the Registrar ought to have allowed the prayer for re-advertisement.",
                        "reference": "9."
                    },
                    {
                        "page": 5,
                        "paragraph_number": 10,
                        "content": "Learned counsel further urgedthat Petitionerhas no other effective remedy in law to challenge the advertisement andthe objection raised by the Respondents that the Petitioner had a remedy of filing a rectification application, is misplaced. In opposition proceedings, the onus to prove the grounds of registration is on the applicant as there is no absolute right in registration. However, rectification of a registered trademark is a discretionary relief with onus of proof on the applicant preferring the rectification petition. Therefore, it is the case of the Petitioner that the equitiesshouldbe balanced by quashingthe advertisement impugned herein and directing the Registrar to re-advertise the same.",
                        "reference": "10."
                    },
                    {
                        "page": 5,
                        "paragraph_number": 11,
                        "content": "The stand of Respondents No. 1 and 2, per contra, is that Petitioner had an alternative efficacious remedyunder theAct, after registration of the trademark LAXMAN REKHA.In any case, almost 17 years have elapsed from the date of issue of the advertisement and thus it is urged by the learned counsel that the Court should not exerciseits discretionary power to quash the advertisement and direct the same to be re-advertised,moreso, in view of the fact that registration had been granted in favour of Respondent No.3 on 16.04.2005, bestowing on him statutoryrights under Section 28(1) of the Act.",
                        "reference": "11."
                    },
                    {
                        "page": 5,
                        "paragraph_number": 12,
                        "content": "It was further submitted by learnedcounsel appearing on behalf of RespondentsNo.1 and 2 that theimpugned advertisementwas publishedat a  time when printing of Trade Marks Journal was outsourced to clear the backlog and wherever the errors were found in the Journal, the same were corrected during a rectification drive. With respect to the present case, though it cannot be disputedthat the advertisement is not very clear but it is certainly readable andthus does not require re-advertisement.",
                        "reference": "12."
                    },
                    {
                        "page": 6,
                        "paragraph_number": 13,
                        "content": "Learned counsel, albeit subtly, took an objection to the territorial jurisdiction of thisCourt in entertaining the present petition on the ground that the impugnedadvertisement was issued by the Office of Registrar of Trade Marks, Mumbai.",
                        "reference": "13."
                    },
                    {
                        "page": 6,
                        "paragraph_number": 14,
                        "content": "Arguingon behalf of Respondent No.3, learnedSeniorCounsel at the outset, submitted that this Court lacks the territorial jurisdiction to entertain the present writ petition on many-fold grounds, viz. (a) Respondent No.3 is carrying on business and works for gain in Mumbai;(b) the application for registration of trademark was filed in the Office of the Registrar of Trade Marks, Mumbai; and (c) the letters authored by the Petitioner were addressed to the Trade Marks Authority, Mumbai, save and except the letter dated 10.06.2008, which was a legal notice addressed to the Registrar of Trade Marks, Delhi. Insofar as the legal notice is concerned, it was argued that the samewas consciously and deliberately sent to the Registrar, Delhi, only to create jurisdiction in this Court, despite thePetitioner knowing that the Competent Authority to redress the grievance, if any, was the Registrar, Mumbai. Reliancewas placed on a judgmentof this Court in Rahul Yadav  v.  IDBI Bank, 2021 SCC OnLine Del 2443, wherein one of the objections raised to the territorial jurisdiction of this Court was that the advertisement was issued from Mumbaiand no cause of action had arisen at Delhi. This Court, relying on a plethora of judgments on territorialjurisdiction and the  concept of ‘cause of action’, as interpreted in various judicial pronouncements, held that in the absence of even a miniscule cause of action arising within theterritorial limits of this Court coupled with the admitted fact that even the advertisement was issuedin Mumbai, this Court lacked the territorial jurisdiction to entertain the petition.",
                        "reference": "14."
                    },
                    {
                        "page": 7,
                        "paragraph_number": 15,
                        "content": "Raising another preliminaryobjection to the maintainability of the writ petition, it was argued that even assuming that the Petitioner was aggrieved, it had an alternative statutory remedy under Section 57 of the Act, to seek cancellation of the trademark, registered in favour of Respondent No.3 and rectification of the Register. However, instead of exhausting the said remedy, Petitioner chose to file thepresent writ petition. It is a settled law that writ petition will not be entertained where the Petitioner has an alternative efficacious remedy andthat too statutory. The letters authored by the Petitioner and addressed to the Registrar seeking rectification clearly reflect that the Petitionerwas aware of the powers of the Registrar to cancel or rectify the trademark registered by it and there is no explanation in thewrit petition for not availing the statutoryremedy.",
                        "reference": "15."
                    },
                    {
                        "page": 7,
                        "paragraph_number": 16,
                        "content": "It was also urged that thepetition deserves to be dismissed on grounds of delay and laches. As a matter of record, parties are interlocked in litigation for the last several years and the trademarkwas relied upon by the parties in several cases since the year 2000-01, wherein the trademark underwent a judicial scrutiny upto the SupremeCourt. Having been aware of the registration of the trademark in 2005, Petitioner spent time in writing letters in the years 2006 and 2007, followed by a legal notice in 2008. The Trade Marks Journal was available in the public domain, when the advertisement was issued on 25.08.2003 as well as when thetrademark was  registered in 2005, yet the Petitioner waited for three longyears to approach this Court. It is a settled law that merely writing letters or making representations does not give a sufficient causeor groundto a party to seek condonation of delay. Assumingthat the Registrar did not respond to the first letter of the Petitioner, it was at that stage that the Petitioner should have approached the Court and not to wait for nearly three years assuming writ petition was a remedy.",
                        "reference": "16."
                    },
                    {
                        "page": 8,
                        "paragraph_number": 17,
                        "content": "Without prejudice to the aforesaid contentions, it is submitted that the advertisement is proper and the mark is readable, though the background may be slightly dark. It is wrong to urgethat the mark is totally black and completely illegible. It was also argued that there is a provision for obtaining certified copy of the extract of the Register and the Petitioner could have easily obtaineda copy of the extract of theRegister on Form TM-46, which would have given complete information of the advertisement. Instead of taking requisitesteps to obtain the copy of the advertisement and availing the remedy of seeking cancellation/rectification, Petitioner choseto wait for three years, corresponding with theRegistrar without any sufficient cause and then filed the present writ petition in 2008 and that too, in a Court which lacked the territorial jurisdiction.",
                        "reference": "17."
                    },
                    {
                        "page": 8,
                        "paragraph_number": 18,
                        "content": "It was next contended that when the present writ petition was filed in 2008 and was listed for admission on 13.08.2008, Petitioner did not press the relief sought in the application for stay and the application was dismissed as not pressed. Even thereafter, no steps were taken by the Petitioner to seek an expeditiousdisposal of the writ petition. The Court must take into account the fact that registration has been granted for the trademark LAXMAN REKHA (label) in favour of Respondent No.3  way-back in the year 2005 and statutory rights have accrued in its favour. At this stage, if the advertisement is quashed, even assuming that the advertisement was not completely legible, irreparable harm and injury shall be caused to RespondentNo.3.",
                        "reference": "18."
                    },
                    {
                        "page": 9,
                        "paragraph_number": 19,
                        "content": "In Rejoinder, Mr. Bhatia, learned counsel for the Petitioner, contended that thestand of RespondentsNo.1 and 2 in the Counter affidavit that the advertisement is readable, though not very clear, is an incorrect statement. A bare perusal of the copy of the advertisement, as placed on record as well as from the Journal itself, would reveal that therelevant part of the advertisement is totally black and the Registrar has faulted in exercising its power to remedy the error and re-advertise. Reliance was placed on the judgment of thisCourt in AshokaDresses v. Bonn’S Shirts and Ors., 2000(20) PTC 161 (Del), wherein it was observed that the very purpose of an advertisement in a Trade Mark Journal is to provide complete information in respect of the trademark advertised so that public at large is not deprived of the opportunity to make an effectiveopposition. It was held in the said judgment that an incorrect advertisement amounts to a misrepresentation and is required to be cancelled. Section 21(1) of the Act provides an opportunity of opposition and is a very valuable statutory right, which the Petitioner has been unable to exercise on accountof the illegible advertisement.",
                        "reference": "19."
                    },
                    {
                        "page": 9,
                        "paragraph_number": 20,
                        "content": "Responding to theargument of the Respondentsthat the Petitioner has an alternate remedy of filing a rectification petition, it was submitted that filing a rectification petition is not a proper remedy in the present case. Rectification and opposition proceedings are clearly different and distinct.  The differences sought to be brought forth have been tabulated by the Petitioner in its rejoinderto the counter affidavit.",
                        "reference": "20."
                    },
                    {
                        "page": 10,
                        "paragraph_number": 21,
                        "content": "It was strenuouslyarguedthat it is a statutory dutyof the Registrar of Trade Marks to publish advertisements with correct facts, particulars and also to ensure that the advertisement is clearly visible and readable. Not having performed its dutydiligently, Respondents No.1 and2 cannot take a stand that the Petitioner at this stage should file for rectification under Section 57 of the Act. Insofar as objection to the territorial jurisdiction of this Court is concerned, it was argued that the Trade Marks Journal bearing the impugned advertisement was made available in Delhi and having an all over India circulation, it is open to judicialscrutiny by this Court. Moreover, the cause of action hasarisen in Delhi, as Respondent No.3 is relying on the registration which is a subject matter of litigation in a suit pending between the partiesin the District Courts, Delhi andOffices of Respondents No.1 and 2 are also located at Delhi.",
                        "reference": "21."
                    },
                    {
                        "page": 10,
                        "paragraph_number": 22,
                        "content": "Learned counsel for the Petitioner further argued that there is no delay in filing the present writ petition, as alleged by the Respondents. As soon as the Petitioner became aware of the registration in the pending litigation between the parties in the year 2006, he rightly made representations to the Registrar, being the Competent Authority, tocancel theadvertisement and re-advertise and only when the Registrar failed to perform its statutory duty for over 2 years, the writ jurisdiction of this Court was invoked.",
                        "reference": "22."
                    },
                    {
                        "page": 11,
                        "paragraph_number": 24,
                        "content": "The first and foremost legal nodus that this Court is called upon to address, is whether this Court lacks the territorial jurisdiction to entertain the present petition. While there may be substance in the contention raised by the Respondents, with respect to the territorial jurisdiction of this Court, however, this Court cannot overlook the fact that the writ petition was filed in the year 2008 and notice to show cause was issued by the Court on 13.08.2008. On 01.03.2011, ‘Rule’ was issued and the petition was admitted to hearing. The writ petition has remained pendingsince then and at this distant point of time, when a long period of almost 14 years has lapsed, in my view, it would be inequitable to dismiss the writ petition on the groundof lack of territorial jurisdiction. This is more so when thisCourt is not deciding the writ petition on merits and is relegating the Petitioner to avail the alternative statutory remedyavailable under the Act.",
                        "reference": "24."
                    },
                    {
                        "page": 11,
                        "paragraph_number": 25,
                        "content": "This Court draws strength for the aforesaid view from the observationsof a Division Bench of this Court in Azra Poultry Equipments v. Union of India and Ors., in W.P. (C) 286/1991 decided on 07.03.2012, wherein the Division Bench heldthat though the writ petition was liable to be summarily dismissed on the ground of lack of territorial jurisdiction alone, however, since thepetition had remainedpending for over 20 years, Petitioner could not be ousted on that ground. I am also persuaded by a judgment of the High Court of Punjaband Haryana in Inder Pal Singh v. Union of India (UOI) and Ors., in Crl. Writ Petition 465/1997 decided on 17.01.2003, wherein a preliminary objection was raised before the Division  Bench that the Court had no territorial jurisdiction to entertain the petition and the Petitioner had argued that when the matter was listed for final hearing, this preliminary objection could not be raised also because the  petition was admitted for regular hearing way back in the year 1996. Reliance was placed on a judgment of the Supreme Court in Dinesh Chandra Gahtori vs. Chief of Army Staff and Anr. (2001) 9 SCC 525 in this regard. Agreeing with thecontention of the Petitioner, the Division Bench held that it would not be appropriate to dismiss the writ petition at that stage in theyear 2003, on the point of territorial jurisdiction, since the matter hadremained pending for a long time.",
                        "reference": "25."
                    },
                    {
                        "page": 12,
                        "paragraph_number": 26,
                        "content": "Before dealing with the objection of delay and laches raised by the Respondents, it would be pertinent to examine the relief claimed by the Petitioner in the present petition and for ready reference, the prayer clause is extracted hereunder:- “It is prayed that the Hon’ble Court be :  (a)  pleased to do superintendencein the matter.  (b)  to issue a Writ of Certiorari to quash the advertisement of application no.731808in class 5.  (c)  quash the advertisement of application no.731808 in class 5.  (d)  to direct the Respondent No.2 to re-advertise the application No.731808in class 5.  (e)  to direct Respondent No.2 to take adequate precautions in advertisements of trade mark applications in Trade Marks Journal.  (f)  to direct the Respondents to provide Trade Mark Journal in printed form as well and provide for easy availability of journals.  (g)  to grant such other and further reliefs as this Hon'ble Court may deem fit and proper in the facts and circumstances of the case and in favour of the Petitioner.”",
                        "reference": "26."
                    },
                    {
                        "page": 13,
                        "paragraph_number": 27,
                        "content": "It is clear from the prayer clausethat the Petitioner has invoked the writ jurisdiction of this Court to quash the advertisement and a direction to re-advertise thesame. Going into the chronology of dates and events, it is undisputed that the impugned advertisement was published in the Mega Journal on 25.08.2003 and the trademark of Respondent No.3 was registered on 16.04.2005. As per the counter affidavit filed by Respondents No.1 and 2, the mark was renewed on 29.01.2007 for ten years, which is undisputed by thePetitioner. Petitioner hasaverred in the petition that he learnt of the registration of the mark in 2006, when the Registration Certificate was filed by Respondent No.3 along with an application for amendment in a suit pending in the District Courts, between the same parties. The application is on record and is supported by an affidavit dated 15.09.2006. The aforesaid narrative is only with a view to bring forth the fact that when the present petition was filed in theyear 2008, Petitioner was aware that the trademarkof RespondentNo.3 was registered in 2005. At this stage, the statutory remedy available to the Petitioner was to seek cancellation of the registered trademark and rectification of the Register under Section 57 of the Act. It needs to be highlighted here that Petitioner was also aware of the power of Registrar of Trade Marks, to rectify the register under Section 57 of the Act, which is reflected from the letters addressed by the Petitioner to the Registrar in the years 2006 and 2007, followed by a legal notice, wherein a request was made to takeaction under Section 57(4) of the Act. However, the Petitioner failed to take recourse to the appropriateremedyavailable to him under theStatuteand instead filed the present writ petition, for the reasonsbest known to him.",
                        "reference": "27."
                    },
                    {
                        "page": 14,
                        "paragraph_number": 28,
                        "content": "In response to the said objection raised by the Respondents, learned counselfor the Petitionerheavilyrelied on two judgments of this Court as aforementioned, wherethe writ petitions were entertained in cases where there were defects/errors or misrepresentationsin the advertisements, issued in the Trade Marks Journal.",
                        "reference": "28."
                    },
                    {
                        "page": 14,
                        "paragraph_number": 29,
                        "content": "I have carefully perused thetwo judgments cited by learned counsel for the Petitioner and in my opinion, the common thread that runs in the two judgments being Virendra Sethi (supra) and Ashoka Dresses (supra), is that in both thecases, challenge to theadvertisements was laid prior to the registration of thetrademarks, with respect to which the advertisements were issued. Therecannot be an iota of doubt on the observationsof the Courts in these two judgments that it is a duty of the concerned Authority under the Trade Marks Act, to ensure that advertisement is published properly and nothingis left vague or uncertain andnothingis misrepresented. This, in my view, would no doubt include a case where the advertisement is illegible, as in such a case, the public would never know of what is advertised and thus those who wish to file oppositions shall be deprived of an important opportunity anda statutory right.",
                        "reference": "29."
                    },
                    {
                        "page": 14,
                        "paragraph_number": 30,
                        "content": "The observations, as aforementioned cannot, in my view, enure to the Petitioner’s advantage. It bears repetition to state that in both the judgments, the writ petition was filed prior to the registration of the marks in question. In Virendra Sethi (supra), thewrit petition was directed against an order of the Assistant Registrarof Trade Marks by which an interlocutoryapplication seeking amendmentof the opposition by the Petitionertherein was rejected. Petitioner had filed an opposition to the registration of the trademark ‘CHAAPAT’ applied for by the Respondent on the ground that it was  identical to the trademark ‘CHAAPAT’. Subsequent to the filing of the application, Petitioner discovered that publication of the advertisement in the Journal was not proper as besides the said word, ‘CHAAPAT’, there were some other words which were not clearly visible. The application for amendment of the opposition was rejected. It is in this context that the Petitioner had assailedthe impugned order and the Court finding t hat the word ‘PRIKAS’ appearing in the advertisement was not properly visible and allowed the writ petition allowing the Petitioner to incorporateamendments in the opposition.",
                        "reference": "30."
                    },
                    {
                        "page": 15,
                        "paragraph_number": 31,
                        "content": "In Ashoka Dresses (supra), Petitioners challenged the advertisement published in the Trade Mark Journal on the ground of misrepresentation and in this context, theCourt observed that an incorrect advertisement which amounted to misrepresentation is required to be cancelled. The order of the Registrar cancellingthe advertisement on ground of misrepresentation was upheld.",
                        "reference": "31."
                    },
                    {
                        "page": 15,
                        "paragraph_number": 32,
                        "content": "Compared and contrasted with the two judgments aforementioned, relied upon heavily by the Petitioner in the present case, Petitioner approached this Court after the trademark LAXMAN REKHA was registered in favour of Respondent No.3. It is undisputed that till date, the Petitioner has taken no steps to challenge the registration of the trademark granted in favour of Respondent No.3 in accordance with the remedies available underthe Act. Chapter-III of the Act provides the procedure for applying for registration of a trademark. Section 18 details the procedure for makingan application as well as prescribes the power of the Registrar of Trade Marks to refuse the application or accept it absolutely or subject to such amendments, modifications, conditions etc., if any, as he may think fit .  In case of refusal or conditional acceptance, the grou nds for doing so are required to be recorded in writing. Section 19 provides for withdrawal of acceptance for thereasons statedin Section 19 (a) & (b) but the withdrawal can only be before the registration of the mark. Section 20 provides for advertisement of an application, either after acceptance or before acceptance, so as to afford an opportunity to the public, to oppose the registration of the mark. Section 21 enables any person to apply for opposition to the registration, within four months from the date of advertisement or re-advertisement of the application for registration. Once the application is accepted and either not opposed or if opposed, the opposition has been rejected, the Registrar regist ers the trademark u nder Section 23 of the Act.",
                        "reference": "32."
                    },
                    {
                        "page": 16,
                        "paragraph_number": 33,
                        "content": "After the registration of thetrademark, statutory rights accrue under Section 28(1) of the Act, in favour of the registered proprietor of the trademark for its exclusive use as well as for protection against infringement. Having perused the Schemeof the Act, in my view, what is discernible is that post-registration of a trademark the remedy available to any person aggrieved is to seek cancellation of the mark and rectification of the Register, under Section 57 in Chapter VII of the Act. It is evident that Petitioner was completely aware of the said remedy way-back in the year 2006, but choseto remain silent and took no steps to seek cancellation of the mark and rectification of the Register, with respect to the trademark in question. Examined from this angle, in view of the statutory remedy available underthe Act, the relief sought in the present petition cannot be granted. Entertaining the petition at this stage and quashing the advertisement, assuming the same is illegible, wouldamount to entertaining  the petition against the settled principles of law th at the High Court will ordinarily not exercisethe extraordinary writ jurisdiction if th ere exists an alternative remedy, moreparticularly, a statutory remedy. Additionally, this would amount to rendering the statutoryremedyredundant and otiose. This Court cannot, by entertaining the present writ petition, create an alternate mechanism to challenge the registration of a trademark, though indirectly, against thelegislative intent.",
                        "reference": "33."
                    },
                    {
                        "page": 17,
                        "paragraph_number": 34,
                        "content": "Although in view of the above finding, theissue of delay on behalf of the Petitioner in approaching theCourt does not require any adjudication, however, even on that score, the petition must fail. Petitioner admittedly took no steps to challenge the registration of thetrademark between 2005 to 2008 or at least from 2006, when according to the Petitioner, he learnt of the registration. The only explanation rendered is that the Petitioner was writing letters to the Registrar, followed by a legal notice, for redressal of his grievance. It is a settled principleof law that in a writ jurisdiction, which is an extraordinary jurisdiction of the High Court, Court would not ordinarily assist those who are lethargic and indolent. If there is a delay on the part of the Petitioner, which is not satisfactorily explained, the High Court may decline to exercise the writ jurisdiction. Thisprinciple applies with a greater rigour, when the Petitioner on account of its lethargy permits t ime to lapse and in the meantime, third party rights are created. It is equally well-settled that mere writing of letters or representations cannot fu rnish an adequate explanation for delay. This principle was settled way-back in KV Rajalakshmiah Setty v. State of Mysore, AIR 1967 SC 993, and was reiterated in Rabindranath Bose and Others v. Union of India and Others, AIR 1970 SC 470. The judgments, in my view, squarely apply to the  present case, where thePetitioner took no action, except to correspond with the Registrar and admittedly in the meantime, statutory rights have accrued in favour of Respondent No.3. Court is thus not persu aded to exercise the writ jurisdiction in favour of the Petitioner.",
                        "reference": "34."
                    },
                    {
                        "page": 18,
                        "paragraph_number": 35,
                        "content": "For all the aforesaid reasons, thewrit petition is dismissed. Liberty is, however, granted to the Petitioner to resort to appropriate remedies available, in accordance with law.",
                        "reference": "35."
                    }
                ]
            }
        },
        {
            "case_number": "CAT 1/2021",
            "title": "M/S SUBROS EDUCATIONAL SOCIETY VS UNION OF INDIA",
            "date": "19/05/2022",
            "document_href": "http://dhcappl.nic.in:8080/FreeText/download.do?FILENAME=dhc/PMS/judgement/20-05-2022//PMS19052022CAT12021_174217.pdf&ID=1735402161_7",
            "document_path": "data\\judgments\\DHC Judgments\\1735402161_7.pdf",
            "paragraphs": {
                "adobe_api": [
                    {
                        "page": 1,
                        "paragraph_number": 2,
                        "content": "The Appellant -M/S. SUBROS EDUCATIONAL SOCIETY, has filed the present appeal challenging the impugned order dated 15th February, 2019 passed by the Senior Examiner, Registrar of Trademarks, New Delhi. By the said order, the mark ‘Step By Step High School’, applied for by the Appellant, vide Trademark Application bearing No.2891488 in Class 41, has been refused registration, under Sections 9 & 11 of the Trade Marks Act, 1999. The operative portion of the order dated 15th February, 2019 is set out below:  “With reference to the above and request on Form TM-M dated 09/02/2019. It has been decided by the Registrar of Trademarks to inform you that hearing in respect of above application was held on 26/12/2018 and the said application is refused on the following Grounds:  have heard the argument and also perused the documents available on record. The same and similar mark is already on record, hence, objection under Section 9 and 11 is sustained, application is refused for registration.”",
                        "reference": "2."
                    },
                    {
                        "page": 2,
                        "paragraph_number": 4,
                        "content": "A perusal of the above order shows that the same is for ‘Step By Step High School’, which is a variant of the Appellant’s registered trademark. The Appellant has several similar registrations, such as “Step By Step” bearing No.1301297, as well as “Step By Step School” bearing No.",
                        "reference": "4."
                    },
                    {
                        "page": 3,
                        "paragraph_number": 6,
                        "content": "The mark ‘Step By Step’ has been used by the Appellant in respect of educational services since the year 1990. The said mark has been used as a name of the play school as also higher levels of schooling and has acquired goodwill and reputation. It is submitted by Mr. Bhasin, ld. Counsel for the Appellant that in view of the expansion of its branches in other fields of educational services, the mark “Step By Step High School” was applied for.",
                        "reference": "5."
                    },
                    {
                        "page": 3,
                        "paragraph_number": 7,
                        "content": "Accordingly, the rejection of the said mark, in the face of the earlier registrations in the name of the Appellant for the mark ‘Step by Step’, as also the long user, is unsustainable. The impugned order dated 15th February, 2019 is, accordingly, set aside.",
                        "reference": "6."
                    },
                    {
                        "page": 3,
                        "paragraph_number": 8,
                        "content": "The application bearing No.2891488 for the registration of the mark ‘Step By Step High School’ shall proceed for advertisement in the trademark journal. The said mark shall be advertised within a period of four months. If there is any opposition to the said trademark application, the opposition shall be decided in accordance with law, without being effected by any of the observations made in the present order.",
                        "reference": "7."
                    },
                    {
                        "page": 3,
                        "paragraph_number": 9,
                        "content": "Let the present order be served upon the Respondent – Registrar of Trademarks, New Delhi, through Mr, Harish Vaidyanathan Shankar, ld. CGSC.",
                        "reference": "8."
                    }
                ]
            }
        },
        {
            "case_number": "WO 88/2021",
            "title": "TERRACE PHARMACEUTICALS PVT. LTD. VS THE CONTROLLER GENERAL OF PATENTS, DESIGNS AND TRADE MARKS & ANR.",
            "date": "18/05/2022",
            "document_href": "http://dhcappl.nic.in:8080/FreeText/download.do?FILENAME=dhc/PMS/judgement/20-05-2022//PMS18052022WO882021_180254.pdf&ID=1735402161_8",
            "document_path": "data\\judgments\\DHC Judgments\\1735402161_8.pdf",
            "paragraphs": {
                "adobe_api": [
                    {
                        "page": 2,
                        "paragraph_number": 2,
                        "content": "There are two aspects being considered in these matters.  i)  The first relates to the review application filed on behalf of the officers of the CGPDTM seeking review of the order dated 21st March, 2022, by which Rs.1 lakh was imposed as costs on each of the officers for lapses in communicating incorrect facts to the Court.  ii)  The second concerns the issue of a large number of pending oppositions, ripe for hearing, in the CGPDTM office.",
                        "reference": "2."
                    },
                    {
                        "page": 2,
                        "paragraph_number": 3,
                        "content": "Post the passing of the order dated 21st March, 2022, and filing of the review petition, this Court has heard the matters on 8th April, 2022, 11th April, 2022 and today. Mr. Shakti Dhar Ojha, Deputy Registrar, CGPDTM, Mumbai and two officers Mr. Sachin Sharma and Mr. Juneja -have joined the various hearings. Affidavits have also been filed by some of these  officials, explaining the reasons why the Court was not informed that more than 7000 oppositions were filed and taken on record, beyond the period of limitation. While reading the affidavits, the impression that the Court gets is that there has been a clear lack of communication between the various officers in the CGPDTM and conflicting notices were issued in respect of acceptance of oppositions. It is also submitted by the officers that they were not in the CGPDTM in the capacity of hearing officers and were therefore unaware of any oppositions being accepted beyond the limitation period. Further, the orders passed by the Supreme Court in Suo Moto Writ (Civil) No. 3 of 2020 titled In Re: Cognizance for Extension of Limitation concerning extension of limitation period in various matters during the pandemic, also do not seem to have been properly interpreted and understood by the office of CGPDTM.",
                        "reference": "3."
                    },
                    {
                        "page": 3,
                        "paragraph_number": 4,
                        "content": "Considering the affidavits dated 10th May, 2022 filed before this Court, and the explanation given by the officers, this Court deems it appropriate to clarify as under:  (1) That the lapse, which was attributed to the officials personally, shall be treated as an overall lapse of the office of CGPDTM and not of the said officials individually. The officials are cautioned that in the future it shall be ensured that the directions issued by the CGPTDM shall be issued in a clear and transparent manner, without ambiguities. Further, proper information shall be furnished to the Court whenever called upon.  (2) Insofar as the cost of Rs. 1 lakh imposed on each of the officers is concerned, the same shall stand. However, the ld. Controller General shall take a decision as to whether the said costs are to be deposited by  the office as a whole or by any of the officers individually. The Court shall be informed of the said decision on the next date of hearing.  (3) Insofar as the cases where registration certificates had been issued and oppositions have now been filed pursuant to the order dated 21st March, 2022, the affidavit of Mr. Prithpal Kaur Sidhu dated 10th May, 2022 has set out the procedure, which would be followed by the office of the CGPDTM, as under:  “13. It is submitted that as far as procedure related to cancellation/recall of the registration certificates of the application where registration certificates have been issued but oppositions have been received or may be filed by 30/05/2022 is concerned, the office has adopted the following procedure:  a.  As directed, wherever opposition is received, registration certificate is suspended and opposition petition is taken on record and the status of the application is reflected as opposed on e-Register.  b.  The processing the opposition petition will be proceeded as per provision of the law as stated u/s 21 of Trade Marks Act, 1999 read with rule 44-50 of Trade Marks Rules, 20 17.  c.  In case an opposition is allowed in future, the registration certificate will be cancelled and digital record will be updated accordingly.  d.  However, in case opposition is dismissed, the suspension of the registration certificate will be revoked and registration will be restored in the e-Register.”  (4)  The above procedure shall be adhered to in respect of oppositions, which may be filed till 30th May, 2022, pursuant to the order dated 21st March, 2022. Accordingly, the above stand of the CGPDTM’s office in respect of the procedure to be followed, is taken on record.  (5) Insofar as the pending oppositions are concerned, the affidavit dated 10th May, 2022 has been filed on behalf of Dr. Prithpal Kaur Sidhu, Deputy Registrar IP Office at Dwarka New Delhi, stating the following facts:  “5. It is submitted that as per office record the following are the pending application where third party opposition has been filed and are presently pending with the Trade Marks Registry.",
                        "reference": "4."
                    },
                    {
                        "page": 5,
                        "paragraph_number": 6,
                        "content": "It is submitted that the Government has  sanctioned 30 post of Hearing officers (on Contract basis) to dilute the pendency of the above pending cases. Recruitment process of these Hearing officers are completed and one month the training of these officers is scheduled at RGNIIPM Nagpur.",
                        "reference": "7."
                    },
                    {
                        "page": 6,
                        "paragraph_number": 7,
                        "content": "It is further submitted that the recruitment of 11 Assistant Registrars of Trade Marks & GI is pending with the UPSC and it is expected to be completed before the end of this year which will further arraignment the manpower required for leading with pendency in opposition cases.",
                        "reference": "8."
                    },
                    {
                        "page": 6,
                        "paragraph_number": 8,
                        "content": "It is further submitted that a promotion proposal of 8 Assistant Registrars of Trade Marks & GI is also under consideration and is expected to be completed soon.  I0. It is expected that by the end of this year the Trade Marks Registry would have around 59 Hearing officers to dispose pending opposition in the System. Details are summarised as under:  “11. It is further submitted that opposition around 86 thousand related to application filed up to 2015 and around 1 lakh 10 Thousands opposition related to applications filed between the year 2015 to 2020 are pending.",
                        "reference": "9."
                    },
                    {
                        "page": 7,
                        "paragraph_number": 9,
                        "content": "It is submitted that the office is targeting the disposal of these approx. one lakh ninety six thousand applications on priority basis by allotting these application among the athorised officers by the end of the year 2025. As far as opposition filed after 2020. Are concerned the same will be taken up for disposal in accordance to its maturity for hearing by allotting them for disposal among Dy. Registrar and above officers.”  (6)  As per the above, Mr. Sachin Sharma, Deputy Registrar of TM & GI, CGPDTM, clarifies that 30 new officers are likely to join the various trademark registries in Delhi, Mumbai, Kolkata, Chennai, Ahmedabad from June, 2022. This fact, coupled with the further recruitment that is to be made with the intervention of the UPSC ought to take the strength of Hearing Officers to 59. Accordingly, let the recruitment process begin and be carried out expeditiously, considering the large quantum of oppositions which are pending.  (7) In addition, Mr. Sharma submits that the CGPDTM also intends to start a mediation and settlement drive in the Trademark Registry for quicker disposal of the trademark oppositions.  (8) Let a decision in this regard be taken in respect of implementing mediation/settlement drive, as also the Hearing Officers being placed in various offices within the next eight weeks, and a further status report be filed in this regard by the CGPDTM, as to the progress of hearings and status of recruitment of officers, for the pending oppositions. The said status report shall be placed before the Court, at least one week before the next date of hearing.  (9) During this period, the new officials shall join the various offices of the CGPDTM and the list of cases for hearing of opposition matters shall be finalized. The matters shall be taken up for hearing after issuing public notices on the website of the CGPDTM.",
                        "reference": "12."
                    },
                    {
                        "page": 8,
                        "paragraph_number": 10,
                        "content": "In W.P.(C)-IPD 103/2021, Mr. Davesh Vashishtha, ld. Counsel appearing for Respondent No.3, submits that the limitation to file the opposition ought not to be extended in his case, as the Appellant ought to have been vigilant and there is also an active litigation pending between the parties. The said proceedings are as under:  (1)CS (COMM) 540/2020 titled Groz Enterprises Tools Pvt Ltd.  v.  Kamboj Enterprises & Ors., before the Tis Hazari Courts, Delhi  (2)FAO-IPD 38/2021 titled Groz Enterprises Tools Pvt Ltd. v. Kamboj Enterprises & Ors.",
                        "reference": "5."
                    },
                    {
                        "page": 8,
                        "paragraph_number": 11,
                        "content": "Heard. The order passed by this Court on 21st March, 2022 was in a batch of matters, wherein the oppositions to trademark applications had been  rejected on the ground that they were filed beyond the four months’ limitation period, which was contrary to the extension of limitation orders passed by the Supreme Court from time to time during the pandemic. The reasons for the said order have been clearly elaborated in the order itself.",
                        "reference": "6."
                    },
                    {
                        "page": 9,
                        "paragraph_number": 12,
                        "content": "Accordingly, it is clear that in case the Appellant in W.P.(C)-IPD 103/2021, files an opposition pursuant to the order dated 21st March, 2022, the said opposition proceeding shall be decided in accordance with law on its own merits. Mr. Vashishth, ld. Counsel submits that the Appellant has already filed the opposition. It is clarified that the filing of the opposition and the suspension of the registration certificate of the Respondent, shall not affect the merits of the dispute between the parties, both in the suit and the appeal mentioned above, as the opposition has been permitted to be filed on a technical ground (limitation) and not on merits. Thus, the said opposition proceedings shall proceed in accordance with law and such proceedings shall not affect the suit or any other disputes pending between the parties. Clarified accordingly.",
                        "reference": "7."
                    }
                ]
            }
        },
        {
            "case_number": "CAT 32/2022",
            "title": "RADICO KHAITAN LTD. VS THE REGISTRAR OF TRADE MARKS",
            "date": "18/05/2022",
            "document_href": "http://dhcappl.nic.in:8080/FreeText/download.do?FILENAME=dhc/PMS/judgement/23-05-2022//PMS18052022CAT322022_145957.pdf&ID=1735402161_9",
            "document_path": "data\\judgments\\DHC Judgments\\1735402161_9.pdf",
            "paragraphs": {
                "adobe_api": [
                    {
                        "page": 1,
                        "paragraph_number": 3,
                        "content": "This is an appeal filed by the Appellant– Radico Khaitan Ltd. challenging the rejection of trademark application No.2387452 for the registration of the word mark “EFKAY’S XXX RUM” in class 33. The Appellant is aggrieved by the order dated 23rd June, 2020 passed by the Senior Examiner by which the review petition filed by the Appellant has been dismissed. The said review petition was filed seeking review of the order dated 19th July, 2018 vide which the trade mark application of the Appellant bearing no. 2387452 for the registration of the mark “EFKAY’S XXX RUM”  in class 33 was rejected.",
                        "reference": "3."
                    },
                    {
                        "page": 2,
                        "paragraph_number": 4,
                        "content": "The background of the case is that, the Appellant filed an application for the registration of the mark “EFKAY’S XXX RUM” on 20th August, 2012. An examination report dated 23rd May, 2013 was issued by the Trade Mark Registry. The report raised objections on relative grounds of refusal under Section 11 of the Trade Marks Act, 1999 (hereinafter, ‘Act’). In response to the aforesaid examination report, the Appellant filed its reply on 30th April, 2015. In the said reply, the Appellant relied upon an assignment deed wherein rights in the mark “EFKAY’S” stood assigned in favour of the Appellant by one M/s Yezdi Distilleries which were the original adopters and the owners of the mark “EFKAY’S”.  The said assignment deed dated 29th March, 2012 was also relied upon by the counsels for the Appellant at the time of hearing. A user affidavit was also filed claiming user in the mark in question since 13th June, 2000. However, the mark was refused registration vide order dated 19th July, 2018 in the following terms:  “The trade mark applied for is objectionable under section 9/11 of the Act. The application is accordingly refused.”",
                        "reference": "4."
                    },
                    {
                        "page": 2,
                        "paragraph_number": 5,
                        "content": "The statement of reasons for the decision under Rule 36 (1) of the Trade Marks Rules, 2017 has been provided to the Appellant which states as under:  “With reference to the above and request on Form TM-M dated 07/08/2018. It has been decided by the Registrar of Trade Marks to inform you that hearing in respect of above application was held on 11/06/2018 and the said application is refused on the following Grounds;  * The applicant advocate Mr. Ankit Rastogi appeared. Filed reply and affidavit but supporting  document (Assignment Deed and others) not filed. I have heard the argument and also perused the documents available on record. The same and similar mark is already on record, hence, objection under section 11 is sustained, application is refused for registration.  * 11(1)(a) -Relative grounds for refusal of registration.-The said trade Mark is refused for registration because of its identity with an earlier trade mark and similarity of goods or services covered by the trade mark; or * 11(1)(b) -Relative grounds for refusal of registration. The said trade Mark is refused for registration because of its similarity to an earlier trade mark and the identity or similarity of the goods or services covered by the trade mark there exists a likelihood of confusion on the part of the public, which includes the likelihood of association with the earlier trade mark.  Since the objection raised in the Examination Report under section 11 of the Trade Marks Act, 1999 as mentioned above cannot be waived and Ld. Counsel failed to convince at the time of hearing his case, the above mentioned application is refused.”",
                        "reference": "5."
                    },
                    {
                        "page": 3,
                        "paragraph_number": 7,
                        "content": "The Appellant sought review of the order dated 19th July, 2018. However, the said review petition was also rejected vide the impugned order dated 23rd June, 2020. Hence, the present appeal.",
                        "reference": "7."
                    },
                    {
                        "page": 3,
                        "paragraph_number": 8,
                        "content": "The submission of Mr. Sagar Chandra, ld. Counsel appearing for the Appellant is that a perusal of the examination report would show that all the  “EFKAY’S” marks which have been cited belong to the original proprietor Mr. Farrokh. K. Irani and M/s Yezdi Distilleries. It is submitted by ld. Counsel, that in fact, the registrations for “EFKAY’S” cited in the examination report now stands registered in favour of the Appellant in view of assignment deed dated 29th March, 2012.",
                        "reference": "8."
                    },
                    {
                        "page": 4,
                        "paragraph_number": 9,
                        "content": "Heard ld. Counsels and perused the record. Insofar as the cited marks are concerned, all the marks containing the words “EFKAY’S” now stand assigned to the Appellant in view of the assignment deed dated 29th March, 2012. The relevant extract of the assignment deed is as under:  “The Assignor is the exclusive owner and proprietor in India, under the Trade Marks Act, 1999, of the following trademarks (hereinafter referred to as TRADEMARKS), brief particulars of which are given below:  *Efkays transfer and use by YEZDI to RADICO will be limited to Class 32 & 33 of the Trade marks Act.  NOW THEREFORE, IN CONSIDERATION OF THE PREMISES ANDOF THE MUTUAL COVENANTS AND PROMISES OF THE PARTIESHERETO, IT IS HEREBY AGREED",
                        "reference": "9."
                    },
                    {
                        "page": 5,
                        "paragraph_number": 10,
                        "content": "For and in consideration of a sum of Rs.200 Lac (Rupees Two Hundred Lac only) plus applicable VAT of Rs.28,00,000 (Rupees Twenty Eight Lacs only) paid to the Assignor by the Assignee, the receipt of which the Assignor doth hereby acknowledges, the Assignor does hereby sell, assign and transfer unto the Assignee, its successors and assigns, its entire right, title and interest in and to the said trade mark together with all the goodwill connected with and symbolized by the said trade mark, the same to be held and enjoyed by the Assignee.",
                        "reference": "1."
                    },
                    {
                        "page": 5,
                        "paragraph_number": 11,
                        "content": "The Assignor agrees to execute and deliver, at the request of and at the cost of the Assignee, all papers and instruments and to do and perform all reasonable acts as may be necessary and required to vest such right, title and interest in the Assignee.”",
                        "reference": "2."
                    },
                    {
                        "page": 5,
                        "paragraph_number": 12,
                        "content": "Insofar as the words “XXX RUM” are concerned, it has been submitted by Mr. Sagar Chandra, ld. Counsel, that no monopoly is being sought by the Appellant in the said words, and in the opinion of this Court, neither can it be granted. Moreover, no monopoly can also be granted on the individual words/terms “RUM” or “XXX”. Thus, the distinctive feature of the Appellant’s mark would merely be the word “EFKAY’S” which is assigned in favour of the Appellant.",
                        "reference": "10."
                    },
                    {
                        "page": 5,
                        "paragraph_number": 13,
                        "content": "In view of the above position, this Court is of the opinion that the rejection of Appellant’s mark is not sustainable as the mark “EFKAY’S” now belongs to the Appellant. Accordingly, the trademark application of the  Appellant shall proceed for advertisement in the trademark journal, with the condition – `No exclusive rights in the words “XXX RUM”, either jointly or otherwise’.",
                        "reference": "11."
                    },
                    {
                        "page": 6,
                        "paragraph_number": 14,
                        "content": "The mark shall be advertised with the above condition within a period of four months. The observations in this order shall not in any manner prejudice any opposition proceedings, if commenced against the application in question.",
                        "reference": "12."
                    },
                    {
                        "page": 6,
                        "paragraph_number": 15,
                        "content": "The present appeal is disposed of in the above terms. All pending applications are also disposed of.",
                        "reference": "13."
                    }
                ]
            }
        }
    ]
}