{
    "meta": {
        "directory": "data\\judgments\\DHC Judgments",
        "request": {
            "query": "Copyrights",
            "page": 1,
            "court": "DHC",
            "start_page": 1,
            "req_pages": 2,
            "req_total": null,
            "start_date": null,
            "end_date": null
        },
        "response": {
            "entry_start": 1,
            "entry_end": 10,
            "entry_total": 522,
            "page": 1,
            "page_total": 52,
            "page_next": 2,
            "page_processed": 1,
            "saved_total": 5,
            "generated_at": "2022-11-22T12:30:51"
        }
    },
    "data": [
        {
            "case_number": "SC 188/2022",
            "title": "PHONOGRAPHIC PERFORMANCE LIMITED VS LOOKPART EXHIBITIONS AND EVENTS PRIVATE LIMITED",
            "date": "10/10/2022",
            "document_href": "http://dhcappl.nic.in:8080/FreeText/download.do?FILENAME=dhc/PMS/judgement/12-10-2022//PMS10102022SC1882022_124159.pdf&ID=1921559389_1",
            "document_path": "data\\judgments\\DHC Judgments\\1921559389_1.pdf"
        },
        {
            "case_number": "SC 316/2021",
            "title": "TATA SONS PRIVATE LIMITED VS HAKUNAMATATA TATA FOUNDERS & ORS.",
            "date": "27/09/2022",
            "document_href": "http://dhcappl.nic.in:8080/FreeText/download.do?FILENAME=dhc/PMS/judgement/04-10-2022//PMS27092022SC3162021_150037.pdf&ID=1921559389_5",
            "document_path": "data\\judgments\\DHC Judgments\\1921559389_5.pdf"
        },
        {
            "case_number": "SC 226/2021",
            "title": "EUREKA FORBES LIMITED VS NATIONAL INTERNET EXCHANGE OF INDIA & ORS.",
            "date": "23/09/2022",
            "document_href": "http://dhcappl.nic.in:8080/FreeText/download.do?FILENAME=dhc/PMS/judgement/27-09-2022//PMS23092022SC2262021_180514.pdf&ID=1921559389_6",
            "document_path": "data\\judgments\\DHC Judgments\\1921559389_6.pdf"
        },
        {
            "case_number": "RFC 3/2020",
            "title": "VIVEK KOCHHER & ANR VS KYK CORPORATION LTD & ORS",
            "date": "23/09/2022",
            "document_href": "http://dhcappl.nic.in:8080/FreeText/download.do?FILENAME=dhc/VIB/judgement/28-09-2022//VIB23092022RFC32020_113125.pdf&ID=1921559389_7",
            "document_path": "data\\judgments\\DHC Judgments\\1921559389_7.pdf"
        },
        {
            "case_number": "FAC 62/2022",
            "title": "TATA SONS PRIVATE LIMITED VS HAKUNAMATATA TATA FOUNDERS & ORS.",
            "date": "19/09/2022",
            "document_href": "http://dhcappl.nic.in:8080/FreeText/download.do?FILENAME=dhc/MKO/judgement/19-09-2022//MKO19092022FAC622022_180111.pdf&ID=1921559389_8",
            "document_path": "data\\judgments\\DHC Judgments\\1921559389_8.pdf"
        }
    ]
}