{
    "meta": {
        "directory": "data\\judgments\\DHC Judgments",
        "request": {
            "query": "Infringement",
            "page": 1,
            "court": "DHC",
            "start_page": 1,
            "req_pages": 2,
            "req_total": null,
            "start_date": null,
            "end_date": null
        },
        "response": {
            "entry_start": 1,
            "entry_end": 10,
            "entry_total": 2884,
            "page": 1,
            "page_total": 288,
            "page_next": 2,
            "page_processed": 1,
            "saved_total": 5,
            "generated_at": "2022-11-22T12:31:05"
        }
    },
    "data": [
        {
            "case_number": "SC 617/2022",
            "title": "SUNSHINE TEAHOUSE PVT. LTD. VS MTRM GLOBAL PVT. LTD.",
            "date": "11/10/2022",
            "document_href": "http://dhcappl.nic.in:8080/FreeText/download.do?FILENAME=dhc/PMS/judgement/12-10-2022//PMS11102022SC6172022_171801.pdf&ID=1909312606_2",
            "document_path": "data\\judgments\\DHC Judgments\\1909312606_2.pdf"
        },
        {
            "case_number": "SC 369/2019",
            "title": "WARNER BROS. ENTERTAINMENT INC. VS HTTP.//TAMILROCKERS.WS & ORS.",
            "date": "10/10/2022",
            "document_href": "http://dhcappl.nic.in:8080/FreeText/download.do?FILENAME=dhc/NAC/judgement/12-10-2022//NAC10102022SC3692019_145701.pdf&ID=1909312606_3",
            "document_path": "data\\judgments\\DHC Judgments\\1909312606_3.pdf"
        },
        {
            "case_number": "SC 400/2019",
            "title": "WARNER BROS. ENTERTAINMENT INC. VS HTTP://WWW2.SERIES9.IO & ORS.",
            "date": "10/10/2022",
            "document_href": "http://dhcappl.nic.in:8080/FreeText/download.do?FILENAME=dhc/NAC/judgement/12-10-2022//NAC10102022SC4002019_145752.pdf&ID=1909312606_7",
            "document_path": "data\\judgments\\DHC Judgments\\1909312606_7.pdf"
        },
        {
            "case_number": "SC 403/2019",
            "title": "WARNER BROS. ENTERTAINMENT INC. VS HTTP://WWW.ONLINEWATCHMOVIES.COM.PK/ & ORS.",
            "date": "10/10/2022",
            "document_href": "http://dhcappl.nic.in:8080/FreeText/download.do?FILENAME=dhc/NAC/judgement/12-10-2022//NAC10102022SC4032019_145835.pdf&ID=1909312606_8",
            "document_path": "data\\judgments\\DHC Judgments\\1909312606_8.pdf"
        },
        {
            "case_number": "SC 407/2019",
            "title": "WARNER BROS. ENTERTAINMENT INC. VS HTTPS://WW2.MOVIERULZFREE.COM & ORS",
            "date": "10/10/2022",
            "document_href": "http://dhcappl.nic.in:8080/FreeText/download.do?FILENAME=dhc/NAC/judgement/12-10-2022//NAC10102022SC4072019_150047.pdf&ID=1909312606_9",
            "document_path": "data\\judgments\\DHC Judgments\\1909312606_9.pdf"
        }
    ]
}