{
    "meta": {
        "directory": "data\\judgments\\DHC Judgments",
        "request": {
            "query": "Patents",
            "page": 1,
            "court": "DHC",
            "start_page": 1,
            "req_pages": 2,
            "req_total": null,
            "start_date": null,
            "end_date": null
        },
        "response": {
            "entry_start": 1,
            "entry_end": 10,
            "entry_total": 776,
            "page": 1,
            "page_total": 77,
            "page_next": 2,
            "page_processed": 1,
            "saved_total": 7,
            "generated_at": "2022-11-22T12:30:43"
        }
    },
    "data": [
        {
            "case_number": "SC 271/2022",
            "title": "BASF SE VS GSP CROP SCIENCE PRIVATE LIMITED",
            "date": "07/10/2022",
            "document_href": "http://dhcappl.nic.in:8080/FreeText/download.do?FILENAME=dhc/PMS/judgement/10-10-2022//PMS07102022SC2712022_172336.pdf&ID=1139476957_2",
            "document_path": "data\\judgments\\DHC Judgments\\1139476957_2.pdf"
        },
        {
            "case_number": "OMPICOMM 190/2022",
            "title": "DR REDDYS LABORATORIES LIMITED THROUGH AUTHORIZED SIGNATORY MR GOPALA KRISHNA GANGAVELLI VS ALPHA SCIENCES PTE LIMITED",
            "date": "07/10/2022",
            "document_href": "http://dhcappl.nic.in:8080/FreeText/download.do?FILENAME=dhc/PRJ/judgement/11-10-2022//PRJ07102022OMPICOMM1902022_204331.pdf&ID=1139476957_3",
            "document_path": "data\\judgments\\DHC Judgments\\1139476957_3.pdf"
        },
        {
            "case_number": "SC 183/2022",
            "title": "SANDVIK INTELLECTUAL PROPERTY AB & ANR. VS SAI DEEPA ROCK DRILLS PRIVATE LIMITED & ANR.",
            "date": "22/09/2022",
            "document_href": "http://dhcappl.nic.in:8080/FreeText/download.do?FILENAME=dhc/JIS/judgement/27-09-2022//JIS22092022SC1832022_160958.pdf&ID=1139476957_4",
            "document_path": "data\\judgments\\DHC Judgments\\1139476957_4.pdf"
        },
        {
            "case_number": "SC 349/2022",
            "title": "FMC CORPORATION & ORS. VS NATCO PHARMA LIMITED",
            "date": "19/09/2022",
            "document_href": "http://dhcappl.nic.in:8080/FreeText/download.do?FILENAME=dhc/JIS/judgement/20-09-2022//JIS19092022SC3492022_205751.pdf&ID=1139476957_6",
            "document_path": "data\\judgments\\DHC Judgments\\1139476957_6.pdf"
        },
        {
            "case_number": "SC 19/2022",
            "title": "STERLITE TECHNOLOGIES LIMITED VS HFCL LIMITED",
            "date": "14/09/2022",
            "document_href": "http://dhcappl.nic.in:8080/FreeText/download.do?FILENAME=dhc/PMS/judgement/15-09-2022//PMS14092022SC192022_150835.pdf&ID=1139476957_7",
            "document_path": "data\\judgments\\DHC Judgments\\1139476957_7.pdf"
        },
        {
            "case_number": "WO 15/2021",
            "title": "HARYANA PESTICIDES MANUFACTURES ASSOCIATION VS WILLOWOOD CHEMICALS PRIVATE LIMITED",
            "date": "12/09/2022",
            "document_href": "http://dhcappl.nic.in:8080/FreeText/download.do?FILENAME=dhc/YKH/judgement/12-09-2022//YKH12092022WO152021_131920.pdf&ID=1139476957_8",
            "document_path": "data\\judgments\\DHC Judgments\\1139476957_8.pdf"
        },
        {
            "case_number": "S 349/2022",
            "title": "STERLITE TECHNOLOGIES LIMITED VS ANUPAM SINGH & ORS.",
            "date": "08/09/2022",
            "document_href": "http://dhcappl.nic.in:8080/FreeText/download.do?FILENAME=dhc/PMS/judgement/12-09-2022//PMS08092022S3492022_171834.pdf&ID=1139476957_9",
            "document_path": "data\\judgments\\DHC Judgments\\1139476957_9.pdf"
        }
    ]
}