{
    "meta": {
        "directory": "data\\judgments\\DHC Judgments",
        "request": {
            "query": "Licensing",
            "page": 2,
            "court": "DHC",
            "start_page": 1,
            "req_pages": 2,
            "req_total": null,
            "start_date": null,
            "end_date": null
        },
        "response": {
            "entry_start": 11,
            "entry_end": 20,
            "entry_total": 1161,
            "page": 2,
            "page_total": 116,
            "page_previous": 1,
            "page_next": 3,
            "page_processed": 2,
            "saved_total": 7,
            "generated_at": "2022-11-22T12:31:20"
        }
    },
    "data": []
}