{
    "meta": {
        "directory": "data\\judgments\\DHC Judgments",
        "request": {
            "query": "Copyrights",
            "page": 2,
            "court": "DHC",
            "start_page": 1,
            "req_pages": 2,
            "req_total": null,
            "start_date": null,
            "end_date": null
        },
        "response": {
            "entry_start": 11,
            "entry_end": 20,
            "entry_total": 522,
            "page": 2,
            "page_total": 52,
            "page_previous": 1,
            "page_next": 3,
            "page_processed": 2,
            "saved_total": 10,
            "generated_at": "2022-11-22T12:31:01"
        }
    },
    "data": [
        {
            "case_number": "FAOC 130/2022",
            "title": "APAAR HOMEZ MART PVT. LTD VS M/S. CENTURY WORLD",
            "date": "01/09/2022",
            "document_href": "http://dhcappl.nic.in:8080/FreeText/download.do?FILENAME=dhc/VIB/judgement/07-09-2022//VIB01092022FAOC1302022_143403.pdf&ID=2026863008_1",
            "document_path": "data\\judgments\\DHC Judgments\\2026863008_1.pdf"
        },
        {
            "case_number": "SC 510/2019",
            "title": "STAR INDIA PVT. LTD. & ANR. VS AAPKEAAJANESE.NET & ORS.",
            "date": "31/08/2022",
            "document_href": "http://dhcappl.nic.in:8080/FreeText/download.do?FILENAME=dhc/NAC/judgement/01-09-2022//NAC31082022SC5102019_121128.pdf&ID=2026863008_2",
            "document_path": "data\\judgments\\DHC Judgments\\2026863008_2.pdf"
        },
        {
            "case_number": "SC 588/2021",
            "title": "STAR INDIA PVT LTD VS EXTRAMOVIES.CLICK & ORS.",
            "date": "04/08/2022",
            "document_href": "http://dhcappl.nic.in:8080/FreeText/download.do?FILENAME=dhc/PMS/judgement/26-08-2022//PMS04082022SC5882021_121852.pdf&ID=2026863008_5",
            "document_path": "data\\judgments\\DHC Judgments\\2026863008_5.pdf"
        },
        {
            "case_number": "SC 492/2022",
            "title": "AKASH AGGARWAL VS FLIPKART INTERNET PRIVATE LIMITED AND ORS",
            "date": "02/08/2022",
            "document_href": "http://dhcappl.nic.in:8080/FreeText/download.do?FILENAME=dhc/PMS/judgement/05-08-2022//PMS02082022SC4922022_110131.pdf&ID=2026863008_6",
            "document_path": "data\\judgments\\DHC Judgments\\2026863008_6.pdf"
        },
        {
            "case_number": "SC 191/2022",
            "title": "JA ENTERTAINMENT PVT LTD VS MS SITHARA ENTERTAINMENT & ORS.",
            "date": "11/07/2022",
            "document_href": "http://dhcappl.nic.in:8080/FreeText/download.do?FILENAME=dhc/JIS/judgement/11-07-2022//JIS11072022SC1912022_223911.pdf&ID=2026863008_9",
            "document_path": "data\\judgments\\DHC Judgments\\2026863008_9.pdf"
        }
    ]
}