{
    "meta": {
        "directory": "data\\judgments\\DHC Judgments",
        "request": {
            "query": "Licensing",
            "page": 1,
            "court": "DHC",
            "start_page": 1,
            "req_pages": 2,
            "req_total": null,
            "start_date": null,
            "end_date": null
        },
        "response": {
            "entry_start": 1,
            "entry_end": 10,
            "entry_total": 1161,
            "page": 1,
            "page_total": 116,
            "page_next": 2,
            "page_processed": 1,
            "saved_total": 7,
            "generated_at": "2022-11-22T12:31:15"
        }
    },
    "data": [
        {
            "case_number": "FAC 9/2019",
            "title": "M/S WELSPUN ENTERPRISES LTD VS M/S NCC LTD",
            "date": "10/10/2022",
            "document_href": "http://dhcappl.nic.in:8080/FreeText/download.do?FILENAME=dhc/VIB/judgement/11-10-2022//VIB10102022FAC92019_120903.pdf&ID=1468693420_0",
            "document_path": "data\\judgments\\DHC Judgments\\1468693420_0.pdf"
        },
        {
            "case_number": "CW 10143/2022",
            "title": "SYNDICATE INNOVATIONS INTERNATIONAL LIMITED THROUGH ITS DIRECTOR MR. ASHOK RAI VS THE OFFICE OF THE COMMISSIONER OF CUSTOMS THROUGH JOINT SECRETARY  & ORS.",
            "date": "07/10/2022",
            "document_href": "http://dhcappl.nic.in:8080/FreeText/download.do?FILENAME=dhc/YVA/judgement/07-10-2022//YVA07102022CW101432022_141648.pdf&ID=1468693420_1",
            "document_path": "data\\judgments\\DHC Judgments\\1468693420_1.pdf"
        },
        {
            "case_number": "CW 3362/2015",
            "title": "SUGANDHI SNUFF KING PVT. LTD. & ANR. VS COMMISSIONER (FOOD SAFETY) GOVERNMENT OF NCT OF DELHI",
            "date": "27/09/2022",
            "document_href": "http://dhcappl.nic.in:8080/FreeText/download.do?FILENAME=dhc/588/judgement/28-09-2022//58827092022CW33622015_164434.pdf&ID=1468693420_5",
            "document_path": "data\\judgments\\DHC Judgments\\1468693420_5.pdf"
        },
        {
            "case_number": "CW 13204/2018",
            "title": "SOM GLOBAL ZARDA PRIVATE LIMITED VS COMMISSIONER FOOD SAFETY GOVT OF NCT OF DELHI AND ORS",
            "date": "27/09/2022",
            "document_href": "http://dhcappl.nic.in:8080/FreeText/download.do?FILENAME=dhc/588/judgement/28-09-2022//58827092022CW33622015_164434.pdf&ID=1468693420_6",
            "document_path": "data\\judgments\\DHC Judgments\\1468693420_6.pdf"
        },
        {
            "case_number": "CW 3241/2016",
            "title": "S.K. TOBACCO INDUSTRIES VS COMMISSIONER (FOOD SAFETY), GOVT. OF NCT, DELHI",
            "date": "27/09/2022",
            "document_href": "http://dhcappl.nic.in:8080/FreeText/download.do?FILENAME=dhc/588/judgement/28-09-2022//58827092022CW33622015_164434.pdf&ID=1468693420_7",
            "document_path": "data\\judgments\\DHC Judgments\\1468693420_7.pdf"
        },
        {
            "case_number": "CW 4365/2017",
            "title": "S.R. TRADING CO. VS COMMISSIONER (FOOD SAFETY), GOVT. OF NCT OF DELHI & ORS",
            "date": "27/09/2022",
            "document_href": "http://dhcappl.nic.in:8080/FreeText/download.do?FILENAME=dhc/588/judgement/28-09-2022//58827092022CW33622015_164434.pdf&ID=1468693420_8",
            "document_path": "data\\judgments\\DHC Judgments\\1468693420_8.pdf"
        },
        {
            "case_number": "CW 3415/2016",
            "title": "GANDHI TOBACCO PRODUCTS VS COMMISSIONER (FOOD SAFETY) GOVERNMENT OF NCT, DELHI",
            "date": "27/09/2022",
            "document_href": "http://dhcappl.nic.in:8080/FreeText/download.do?FILENAME=dhc/588/judgement/28-09-2022//58827092022CW33622015_164434.pdf&ID=1468693420_9",
            "document_path": "data\\judgments\\DHC Judgments\\1468693420_9.pdf"
        }
    ]
}