{
    "version": {
        "json_export": "184",
        "page_segmentation": "5",
        "schema": "1.1.0",
        "structure": "1.1006.0",
        "table_structure": "5"
    },
    "extended_metadata": {
        "ID_instance": "31 44 20 44 30 20 33 35 20 35 36 20 37 35 20 43 37 20 38 39 20 42 39 20 43 39 20 38 38 20 32 35 20 41 45 20 46 30 20 34 45 20 44 46 20 38 37 20 ",
        "ID_permanent": "34 34 20 30 35 20 32 36 20 30 46 20 38 43 20 42 35 20 42 32 20 31 31 20 30 41 20 30 30 20 36 37 20 34 35 20 38 42 20 36 42 20 43 36 20 32 33 20 ",
        "pdf_version": "1.6",
        "pdfa_compliance_level": "",
        "is_encrypted": false,
        "has_acroform": true,
        "is_digitally_signed": true,
        "pdfua_compliance_level": "",
        "page_count": 3,
        "has_embedded_files": false,
        "is_certified": false,
        "is_XFA": false,
        "language": "en-IN"
    },
    "elements": [
        {
            "Bounds": [
                185.64999389648438,
                265.97999572753906,
                497.6499938964844,
                575.7299957275391
            ],
            "ClipBounds": [
                185.64999389648438,
                265.97999572753906,
                497.6499938964844,
                575.7299957275391
            ],
            "HasClip": true,
            "Image": {
                "bits_per_component": 8,
                "colorspace": {
                    "Name": "DeviceRGB"
                },
                "data_length": 2061696,
                "height": 826,
                "resolution_horizontal": 192.0,
                "resolution_vertical": 192.0,
                "width": 832
            },
            "Page": 0,
            "Path": "//Document/Sect/Watermark"
        },
        {
            "Bounds": [
                126.02000427246094,
                717.54736328125,
                151.207763671875,
                730.3097229003906
            ],
            "ClipBounds": [
                126.02000427246094,
                717.54736328125,
                151.207763671875,
                730.3097229003906
            ],
            "Font": {
                "alt_family_name": "Titlingmes New Roman PSMT",
                "embedded": false,
                "encoding": "WinAnsiEncoding",
                "family_name": "Titlingmes New Roman PSMT",
                "font_type": "TrueType",
                "italic": false,
                "monospaced": false,
                "name": "TimesNewRomanPSMT",
                "subset": false,
                "weight": 400
            },
            "HasClip": true,
            "Lang": "en",
            "Page": 0,
            "Path": "//Document/Sect/P",
            "Text": "$~6 ",
            "TextSize": 14.039993286132812,
            "attributes": {
                "LineHeight": 16.875,
                "SpaceAfter": 18
            }
        },
        {
            "Bounds": [
                126.02000427246094,
                693.4273529052734,
                517.8919830322266,
                706.1897125244141
            ],
            "ClipBounds": [
                126.02000427246094,
                693.4273529052734,
                517.8919830322266,
                706.1897125244141
            ],
            "Font": {
                "alt_family_name": "Titlingmes New Roman PS",
                "embedded": false,
                "encoding": "WinAnsiEncoding",
                "family_name": "Titlingmes New Roman PS",
                "font_type": "TrueType",
                "italic": false,
                "monospaced": false,
                "name": "TimesNewRomanPS-BoldMT",
                "subset": false,
                "weight": 700
            },
            "HasClip": true,
            "Lang": "en",
            "Page": 0,
            "Path": "//Document/Sect/P[2]",
            "Text": "* IN THE  HIGH  COURT  OF DELHI  AT  NEW  DELHI ",
            "TextSize": 14.039993286132812,
            "attributes": {
                "LineHeight": 16.875,
                "SpaceAfter": 15.375
            }
        },
        {
            "Bounds": [
                126.02000427246094,
                661.1473541259766,
                137.44850158691406,
                673.9097137451172
            ],
            "ClipBounds": [
                126.02000427246094,
                661.1473541259766,
                137.44850158691406,
                673.9097137451172
            ],
            "Font": {
                "alt_family_name": "Titlingmes New Roman PSMT",
                "embedded": false,
                "encoding": "WinAnsiEncoding",
                "family_name": "Titlingmes New Roman PSMT",
                "font_type": "TrueType",
                "italic": false,
                "monospaced": false,
                "name": "TimesNewRomanPSMT",
                "subset": false,
                "weight": 400
            },
            "HasClip": true,
            "Lang": "en",
            "Page": 0,
            "Path": "//Document/Sect/P[3]",
            "Text": "+ ",
            "TextSize": 14.039993286132812,
            "attributes": {
                "LineHeight": 16.875,
                "SpaceAfter": 11.25
            }
        },
        {
            "Bounds": [
                162.02000427246094,
                484.1173553466797,
                560.9287567138672,
                691.5130004882812
            ],
            "ClipBounds": [
                162.02000427246094,
                484.1173553466797,
                560.9287567138672,
                691.5130004882812
            ],
            "Page": 0,
            "Path": "//Document/Sect/Table",
            "attributes": {
                "BBox": [
                    161.99299999999494,
                    487.21399999999267,
                    557.3769999999786,
                    690.1259999999893
                ],
                "NumCol": 3,
                "NumRow": 5,
                "Placement": "Block",
                "SpaceAfter": 11.25
            }
        },
        {
            "Path": "//Document/Sect/Table/TR/TD",
            "attributes": {
                "BBox": [
                    161.99299999999494,
                    594.7299999999814,
                    244.0699999999997,
                    690.1259999999893
                ],
                "BlockAlign": "Before",
                "ColIndex": 0,
                "Height": 95.375,
                "InlineAlign": "Start",
                "RowIndex": 0,
                "Width": 82.125
            }
        },
        {
            "Bounds": [
                162.02000427246094,
                628.9873657226562,
                351.37738037109375,
                673.6850738525391
            ],
            "ClipBounds": [
                162.02000427246094,
                628.9873657226562,
                351.37738037109375,
                673.6850738525391
            ],
            "Page": 0,
            "Path": "//Document/Sect/Table/TR/TD[2]",
            "attributes": {
                "BBox": [
                    161.99299999999494,
                    594.7299999999814,
                    347.86599999999453,
                    690.1259999999893
                ],
                "BlockAlign": "Before",
                "ColIndex": 1,
                "Height": 95.375,
                "InlineAlign": "Start",
                "RowIndex": 0,
                "Width": 185.875
            }
        },
        {
            "Bounds": [
                261.88999938964844,
                661.1473541259766,
                348.43255615234375,
                673.6850738525391
            ],
            "ClipBounds": [
                261.88999938964844,
                661.1473541259766,
                348.43255615234375,
                673.6850738525391
            ],
            "Font": {
                "alt_family_name": "Titlingmes New Roman PS",
                "embedded": false,
                "encoding": "WinAnsiEncoding",
                "family_name": "Titlingmes New Roman PS",
                "font_type": "TrueType",
                "italic": false,
                "monospaced": false,
                "name": "TimesNewRomanPS-BoldMT",
                "subset": false,
                "weight": 700
            },
            "HasClip": true,
            "Lang": "en",
            "Page": 0,
            "Path": "//Document/Sect/Table/TR/TD[2]/P",
            "Text": "C.A.(COMM. ",
            "TextSize": 14.039993286132812,
            "attributes": {
                "LineHeight": 16.875
            }
        },
        {
            "Bounds": [
                162.02000427246094,
                645.0673675537109,
                351.37738037109375,
                657.8297271728516
            ],
            "ClipBounds": [
                162.02000427246094,
                645.0673675537109,
                351.37738037109375,
                657.8297271728516
            ],
            "Font": {
                "alt_family_name": "Titlingmes New Roman PSMT",
                "embedded": false,
                "encoding": "WinAnsiEncoding",
                "family_name": "Titlingmes New Roman PSMT",
                "font_type": "TrueType",
                "italic": false,
                "monospaced": false,
                "name": "TimesNewRomanPSMT",
                "subset": false,
                "weight": 400
            },
            "HasClip": true,
            "Lang": "en",
            "Page": 0,
            "Path": "//Document/Sect/Table/TR/TD[2]/P[2]",
            "Text": "M/S SUBROS EDUCATIONAL ",
            "TextSize": 14.039993286132812,
            "attributes": {
                "LineHeight": 16.875
            }
        },
        {
            "Bounds": [
                270.0500030517578,
                628.9873657226562,
                325.6764831542969,
                641.7497253417969
            ],
            "ClipBounds": [
                270.0500030517578,
                628.9873657226562,
                325.6764831542969,
                641.7497253417969
            ],
            "Font": {
                "alt_family_name": "Titlingmes New Roman PSMT",
                "embedded": false,
                "encoding": "WinAnsiEncoding",
                "family_name": "Titlingmes New Roman PSMT",
                "font_type": "TrueType",
                "italic": false,
                "monospaced": false,
                "name": "TimesNewRomanPSMT",
                "subset": false,
                "weight": 400
            },
            "HasClip": true,
            "Lang": "en",
            "Page": 0,
            "Path": "//Document/Sect/Table/TR/TD[2]/P[3]",
            "Text": "Through: ",
            "TextSize": 14.039993286132812,
            "attributes": {
                "LineHeight": 16.875
            }
        },
        {
            "Bounds": [
                342.07000732421875,
                596.8273620605469,
                560.9287567138672,
                691.5130004882812
            ],
            "ClipBounds": [
                342.07000732421875,
                596.8273620605469,
                560.9287567138672,
                691.5130004882812
            ],
            "Page": 0,
            "Path": "//Document/Sect/Table/TR/TD[3]",
            "attributes": {
                "BBox": [
                    331.1869999999908,
                    594.7299999999814,
                    557.3769999999786,
                    690.1259999999893
                ],
                "BlockAlign": "Before",
                "ColIndex": 2,
                "Height": 95.375,
                "InlineAlign": "Start",
                "RowIndex": 0,
                "Width": 226.25
            }
        },
        {
            "Bounds": [
                347.9095001220703,
                645.0673675537109,
                414.09405517578125,
                657.8297271728516
            ],
            "ClipBounds": [
                347.9095001220703,
                645.0673675537109,
                414.09405517578125,
                657.8297271728516
            ],
            "Font": {
                "alt_family_name": "Titlingmes New Roman PSMT",
                "embedded": false,
                "encoding": "WinAnsiEncoding",
                "family_name": "Titlingmes New Roman PSMT",
                "font_type": "TrueType",
                "italic": false,
                "monospaced": false,
                "name": "TimesNewRomanPSMT",
                "subset": false,
                "weight": 400
            },
            "HasClip": true,
            "Lang": "en",
            "Page": 0,
            "Path": "//Document/Sect/Table/TR/TD[3]/P",
            "Text": " SOCIETY ",
            "TextSize": 14.039993286132812,
            "attributes": {
                "LineHeight": 16.875
            }
        },
        {
            "Bounds": [
                370.27000427246094,
                677.3473663330078,
                560.9287567138672,
                691.5130004882812
            ],
            "ClipBounds": [
                370.27000427246094,
                677.3473663330078,
                560.9287567138672,
                691.5130004882812
            ],
            "Font": {
                "alt_family_name": "Titlingmes New Roman PS",
                "embedded": false,
                "encoding": "WinAnsiEncoding",
                "family_name": "Titlingmes New Roman PS",
                "font_type": "TrueType",
                "italic": true,
                "monospaced": false,
                "name": "TimesNewRomanPS-BoldItalicMT",
                "subset": false,
                "weight": 700
            },
            "HasClip": true,
            "Lang": "en",
            "Page": 0,
            "Path": "//Document/Sect/Table/TR/TD[3]/P[2]",
            "Text": "Date of decision: 19th May, 2022 ",
            "TextSize": 14.039993286132812,
            "attributes": {
                "LineHeight": 16.875
            }
        },
        {
            "Bounds": [
                344.9499969482422,
                661.1473541259766,
                446.7954406738281,
                673.6850738525391
            ],
            "ClipBounds": [
                344.9499969482422,
                661.1473541259766,
                446.7954406738281,
                673.6850738525391
            ],
            "Font": {
                "alt_family_name": "Titlingmes New Roman PS",
                "embedded": false,
                "encoding": "WinAnsiEncoding",
                "family_name": "Titlingmes New Roman PS",
                "font_type": "TrueType",
                "italic": false,
                "monospaced": false,
                "name": "TimesNewRomanPS-BoldMT",
                "subset": false,
                "weight": 700
            },
            "HasClip": true,
            "Lang": "en",
            "Page": 0,
            "Path": "//Document/Sect/Table/TR/TD[3]/P[3]",
            "Text": "IPD-TM) 2/2021 ",
            "TextSize": 14.039993286132812,
            "attributes": {
                "LineHeight": 16.875
            }
        },
        {
            "Bounds": [
                470.97999572753906,
                645.0673675537109,
                554.7706146240234,
                657.8297271728516
            ],
            "ClipBounds": [
                470.97999572753906,
                645.0673675537109,
                554.7706146240234,
                657.8297271728516
            ],
            "Font": {
                "alt_family_name": "Titlingmes New Roman PSMT",
                "embedded": false,
                "encoding": "WinAnsiEncoding",
                "family_name": "Titlingmes New Roman PSMT",
                "font_type": "TrueType",
                "italic": false,
                "monospaced": false,
                "name": "TimesNewRomanPSMT",
                "subset": false,
                "weight": 400
            },
            "HasClip": true,
            "Lang": "en",
            "Page": 0,
            "Path": "//Document/Sect/Table/TR/TD[3]/P[4]",
            "Text": "APPELLANT ",
            "TextSize": 14.039993286132812,
            "attributes": {
                "LineHeight": 16.875
            }
        },
        {
            "Bounds": [
                342.07000732421875,
                596.8273620605469,
                560.8272399902344,
                641.7497253417969
            ],
            "ClipBounds": [
                342.07000732421875,
                596.8273620605469,
                560.8272399902344,
                641.7497253417969
            ],
            "Font": {
                "alt_family_name": "Titlingmes New Roman PSMT",
                "embedded": false,
                "encoding": "WinAnsiEncoding",
                "family_name": "Titlingmes New Roman PSMT",
                "font_type": "TrueType",
                "italic": false,
                "monospaced": false,
                "name": "TimesNewRomanPSMT",
                "subset": false,
                "weight": 400
            },
            "HasClip": true,
            "Lang": "en",
            "Page": 0,
            "Path": "//Document/Sect/Table/TR/TD[3]/P[5]",
            "Text": "Dr. Lalit Bhasin, Ms. Ananya Marwah and Mr. Ajay Pratap Singh, Advocates. (M:9810520379) ",
            "TextSize": 14.039993286132812,
            "attributes": {
                "LineHeight": 16.125,
                "TextAlign": "Justify"
            }
        },
        {
            "Bounds": [
                270.0500030517578,
                580.7473602294922,
                309.3480682373047,
                593.5097198486328
            ],
            "ClipBounds": [
                270.0500030517578,
                580.7473602294922,
                309.3480682373047,
                593.5097198486328
            ],
            "Page": 0,
            "Path": "//Document/Sect/Table/TR[2]/TD",
            "attributes": {
                "BBox": [
                    161.99299999999494,
                    579.6109999999753,
                    331.1869999999908,
                    594.7299999999814
                ],
                "BlockAlign": "Middle",
                "ColIndex": 0,
                "ColSpan": 2,
                "Height": 15.125,
                "InlineAlign": "End",
                "RowIndex": 1,
                "Width": 169.25
            }
        },
        {
            "Bounds": [
                270.0500030517578,
                580.7473602294922,
                309.3480682373047,
                593.5097198486328
            ],
            "ClipBounds": [
                270.0500030517578,
                580.7473602294922,
                309.3480682373047,
                593.5097198486328
            ],
            "Font": {
                "alt_family_name": "Titlingmes New Roman PSMT",
                "embedded": false,
                "encoding": "WinAnsiEncoding",
                "family_name": "Titlingmes New Roman PSMT",
                "font_type": "TrueType",
                "italic": false,
                "monospaced": false,
                "name": "TimesNewRomanPSMT",
                "subset": false,
                "weight": 400
            },
            "HasClip": true,
            "Lang": "en",
            "Page": 0,
            "Path": "//Document/Sect/Table/TR[2]/TD/P",
            "Text": "versus ",
            "TextSize": 14.039993286132812,
            "attributes": {
                "LineHeight": 16.875
            }
        },
        {
            "Path": "//Document/Sect/Table/TR[2]/TD[2]",
            "attributes": {
                "BBox": [
                    331.1869999999908,
                    579.6109999999753,
                    557.3769999999786,
                    594.7299999999814
                ],
                "BlockAlign": "Before",
                "ColIndex": 2,
                "Height": 15.125,
                "InlineAlign": "Start",
                "RowIndex": 1,
                "Width": 226.25
            }
        },
        {
            "Bounds": [
                162.02000427246094,
                564.6373596191406,
                275.1543273925781,
                577.3997192382812
            ],
            "ClipBounds": [
                162.02000427246094,
                564.6373596191406,
                275.1543273925781,
                577.3997192382812
            ],
            "Page": 0,
            "Path": "//Document/Sect/Table/TR[3]/TD",
            "attributes": {
                "BBox": [
                    161.99299999999494,
                    563.7709999999788,
                    331.1869999999908,
                    579.6109999999753
                ],
                "BlockAlign": "Middle",
                "ColIndex": 0,
                "ColSpan": 2,
                "Height": 15.875,
                "InlineAlign": "Start",
                "RowIndex": 2,
                "Width": 169.25
            }
        },
        {
            "Bounds": [
                162.02000427246094,
                564.6373596191406,
                275.1543273925781,
                577.3997192382812
            ],
            "ClipBounds": [
                162.02000427246094,
                564.6373596191406,
                275.1543273925781,
                577.3997192382812
            ],
            "Font": {
                "alt_family_name": "Titlingmes New Roman PSMT",
                "embedded": false,
                "encoding": "WinAnsiEncoding",
                "family_name": "Titlingmes New Roman PSMT",
                "font_type": "TrueType",
                "italic": false,
                "monospaced": false,
                "name": "TimesNewRomanPSMT",
                "subset": false,
                "weight": 400
            },
            "HasClip": true,
            "Lang": "en",
            "Page": 0,
            "Path": "//Document/Sect/Table/TR[3]/TD/P",
            "Text": "UNION OF INDIA ",
            "TextSize": 14.039993286132812,
            "attributes": {
                "LineHeight": 16.875
            }
        },
        {
            "Bounds": [
                441.9777069091797,
                564.6373596191406,
                536.6914367675781,
                577.3997192382812
            ],
            "ClipBounds": [
                441.9777069091797,
                564.6373596191406,
                536.6914367675781,
                577.3997192382812
            ],
            "Page": 0,
            "Path": "//Document/Sect/Table/TR[3]/TD[2]",
            "attributes": {
                "BBox": [
                    331.1869999999908,
                    563.7709999999788,
                    557.3769999999786,
                    579.6109999999753
                ],
                "BlockAlign": "Middle",
                "ColIndex": 2,
                "Height": 15.875,
                "InlineAlign": "Start",
                "RowIndex": 2,
                "Width": 226.25
            }
        },
        {
            "Bounds": [
                441.9777069091797,
                564.6373596191406,
                536.6914367675781,
                577.3997192382812
            ],
            "ClipBounds": [
                441.9777069091797,
                564.6373596191406,
                536.6914367675781,
                577.3997192382812
            ],
            "Font": {
                "alt_family_name": "Titlingmes New Roman PSMT",
                "embedded": false,
                "encoding": "WinAnsiEncoding",
                "family_name": "Titlingmes New Roman PSMT",
                "font_type": "TrueType",
                "italic": false,
                "monospaced": false,
                "name": "TimesNewRomanPSMT",
                "subset": false,
                "weight": 400
            },
            "HasClip": true,
            "Lang": "en",
            "Page": 0,
            "Path": "//Document/Sect/Table/TR[3]/TD[2]/P",
            "Text": "RESPONDENT ",
            "TextSize": 14.039993286132812,
            "attributes": {
                "LineHeight": 16.875
            }
        },
        {
            "Path": "//Document/Sect/Table/TR[4]/TD",
            "attributes": {
                "BBox": [
                    161.99299999999494,
                    514.8129999999946,
                    244.0699999999997,
                    563.7709999999788
                ],
                "BlockAlign": "Before",
                "ColIndex": 0,
                "Height": 49,
                "InlineAlign": "Start",
                "RowIndex": 3,
                "Width": 82.125
            }
        },
        {
            "Bounds": [
                270.0500030517578,
                548.4373626708984,
                325.6764831542969,
                561.1997222900391
            ],
            "ClipBounds": [
                270.0500030517578,
                548.4373626708984,
                325.6764831542969,
                561.1997222900391
            ],
            "Page": 0,
            "Path": "//Document/Sect/Table/TR[4]/TD[2]",
            "attributes": {
                "BBox": [
                    244.0699999999997,
                    514.8129999999946,
                    331.1869999999908,
                    563.7709999999788
                ],
                "BlockAlign": "Before",
                "ColIndex": 1,
                "Height": 49,
                "InlineAlign": "Start",
                "RowIndex": 3,
                "Width": 87.125
            }
        },
        {
            "Bounds": [
                270.0500030517578,
                548.4373626708984,
                325.6764831542969,
                561.1997222900391
            ],
            "ClipBounds": [
                270.0500030517578,
                548.4373626708984,
                325.6764831542969,
                561.1997222900391
            ],
            "Font": {
                "alt_family_name": "Titlingmes New Roman PSMT",
                "embedded": false,
                "encoding": "WinAnsiEncoding",
                "family_name": "Titlingmes New Roman PSMT",
                "font_type": "TrueType",
                "italic": false,
                "monospaced": false,
                "name": "TimesNewRomanPSMT",
                "subset": false,
                "weight": 400
            },
            "HasClip": true,
            "Lang": "en",
            "Page": 0,
            "Path": "//Document/Sect/Table/TR[4]/TD[2]/P",
            "Text": "Through: ",
            "TextSize": 14.039993286132812,
            "attributes": {
                "LineHeight": 16.875
            }
        },
        {
            "Bounds": [
                342.07000732421875,
                516.2773590087891,
                558.0010070800781,
                561.1997222900391
            ],
            "ClipBounds": [
                342.07000732421875,
                516.2773590087891,
                558.0010070800781,
                561.1997222900391
            ],
            "Page": 0,
            "Path": "//Document/Sect/Table/TR[4]/TD[3]",
            "attributes": {
                "BBox": [
                    331.1869999999908,
                    514.8129999999946,
                    557.3769999999786,
                    563.7709999999788
                ],
                "BlockAlign": "Before",
                "ColIndex": 2,
                "Height": 49,
                "InlineAlign": "Start",
                "RowIndex": 3,
                "Width": 226.25
            }
        },
        {
            "Bounds": [
                342.07000732421875,
                516.2773590087891,
                558.0010070800781,
                561.1997222900391
            ],
            "ClipBounds": [
                342.07000732421875,
                516.2773590087891,
                558.0010070800781,
                561.1997222900391
            ],
            "Font": {
                "alt_family_name": "Titlingmes New Roman PSMT",
                "embedded": false,
                "encoding": "WinAnsiEncoding",
                "family_name": "Titlingmes New Roman PSMT",
                "font_type": "TrueType",
                "italic": false,
                "monospaced": false,
                "name": "TimesNewRomanPSMT",
                "subset": false,
                "weight": 400
            },
            "HasClip": true,
            "Lang": "en",
            "Page": 0,
            "Path": "//Document/Sect/Table/TR[4]/TD[3]/P",
            "Text": "Mr. Harish Vaidyanathan Shankar, CGSC with Ms. Bushra S. Kazim and Mr. Srish Kumar Mishra, Advocates. ",
            "TextSize": 14.039993286132812,
            "attributes": {
                "LineHeight": 16.125
            }
        },
        {
            "Bounds": [
                162.02000427246094,
                484.1173553466797,
                371.1266784667969,
                512.7350769042969
            ],
            "ClipBounds": [
                162.02000427246094,
                484.1173553466797,
                371.1266784667969,
                512.7350769042969
            ],
            "Page": 0,
            "Path": "//Document/Sect/Table/TR[5]/TD",
            "attributes": {
                "BBox": [
                    161.99299999999494,
                    487.21399999999267,
                    557.3769999999786,
                    514.8129999999946
                ],
                "BlockAlign": "After",
                "ColIndex": 0,
                "ColSpan": 3,
                "Height": 27.625,
                "InlineAlign": "Start",
                "RowIndex": 4,
                "Width": 395.375
            }
        },
        {
            "Bounds": [
                162.02000427246094,
                500.1973571777344,
                224.736572265625,
                512.7350769042969
            ],
            "ClipBounds": [
                162.02000427246094,
                500.1973571777344,
                224.736572265625,
                512.7350769042969
            ],
            "Font": {
                "alt_family_name": "Titlingmes New Roman PS",
                "embedded": false,
                "encoding": "WinAnsiEncoding",
                "family_name": "Titlingmes New Roman PS",
                "font_type": "TrueType",
                "italic": false,
                "monospaced": false,
                "name": "TimesNewRomanPS-BoldMT",
                "subset": false,
                "weight": 700
            },
            "HasClip": true,
            "Page": 0,
            "Path": "//Document/Sect/Table/TR[5]/TD/P/Sub",
            "Text": "CORAM: ",
            "TextSize": 14.039993286132812,
            "attributes": {
                "Placement": "Block"
            }
        },
        {
            "Bounds": [
                162.02000427246094,
                484.1173553466797,
                371.1266784667969,
                496.6550750732422
            ],
            "ClipBounds": [
                162.02000427246094,
                484.1173553466797,
                371.1266784667969,
                496.6550750732422
            ],
            "Font": {
                "alt_family_name": "Titlingmes New Roman PS",
                "embedded": false,
                "encoding": "WinAnsiEncoding",
                "family_name": "Titlingmes New Roman PS",
                "font_type": "TrueType",
                "italic": false,
                "monospaced": false,
                "name": "TimesNewRomanPS-BoldMT",
                "subset": false,
                "weight": 700
            },
            "HasClip": true,
            "Page": 0,
            "Path": "//Document/Sect/Table/TR[5]/TD/P/Sub[2]",
            "Text": "JUSTICE PRATHIBA M. SINGH ",
            "TextSize": 14.039993286132812,
            "attributes": {
                "Placement": "Block"
            }
        },
        {
            "Bounds": [
                126.02000427246094,
                457.5973663330078,
                295.3952178955078,
                470.1350860595703
            ],
            "ClipBounds": [
                126.02000427246094,
                457.5973663330078,
                295.3952178955078,
                470.1350860595703
            ],
            "Font": {
                "alt_family_name": "Titlingmes New Roman PS",
                "embedded": false,
                "encoding": "WinAnsiEncoding",
                "family_name": "Titlingmes New Roman PS",
                "font_type": "TrueType",
                "italic": false,
                "monospaced": false,
                "name": "TimesNewRomanPS-BoldMT",
                "subset": false,
                "weight": 700
            },
            "HasClip": true,
            "Lang": "en",
            "Page": 0,
            "Path": "//Document/Sect/Title",
            "Text": "Prathiba M. Singh, J.(Oral) ",
            "TextSize": 14.039993286132812,
            "attributes": {
                "LineHeight": 16.875,
                "SpaceAfter": 15.375
            }
        },
        {
            "Bounds": [
                126.02000427246094,
                425.43736267089844,
                140.1199951171875,
                438.19972229003906
            ],
            "ClipBounds": [
                126.02000427246094,
                425.43736267089844,
                140.1199951171875,
                438.19972229003906
            ],
            "Font": {
                "alt_family_name": "Titlingmes New Roman PSMT",
                "embedded": false,
                "encoding": "WinAnsiEncoding",
                "family_name": "Titlingmes New Roman PSMT",
                "font_type": "TrueType",
                "italic": false,
                "monospaced": false,
                "name": "TimesNewRomanPSMT",
                "subset": false,
                "weight": 400
            },
            "HasClip": true,
            "Page": 0,
            "Path": "//Document/Sect/L/LI/Lbl",
            "Text": "1. ",
            "TextSize": 14.039993286132812
        },
        {
            "Bounds": [
                162.02000427246094,
                425.43736267089844,
                443.99876403808594,
                438.19972229003906
            ],
            "ClipBounds": [
                162.02000427246094,
                425.43736267089844,
                443.99876403808594,
                438.19972229003906
            ],
            "Font": {
                "alt_family_name": "Titlingmes New Roman PSMT",
                "embedded": false,
                "encoding": "WinAnsiEncoding",
                "family_name": "Titlingmes New Roman PSMT",
                "font_type": "TrueType",
                "italic": false,
                "monospaced": false,
                "name": "TimesNewRomanPSMT",
                "subset": false,
                "weight": 400
            },
            "HasClip": true,
            "Page": 0,
            "Path": "//Document/Sect/L/LI/LBody",
            "Text": "This hearing has been done through hybrid mode. ",
            "TextSize": 14.039993286132812
        },
        {
            "Bounds": [
                126.02000427246094,
                401.31736755371094,
                140.1021270751953,
                414.07972717285156
            ],
            "ClipBounds": [
                126.02000427246094,
                401.31736755371094,
                140.1021270751953,
                414.07972717285156
            ],
            "Font": {
                "alt_family_name": "Titlingmes New Roman PSMT",
                "embedded": false,
                "encoding": "WinAnsiEncoding",
                "family_name": "Titlingmes New Roman PSMT",
                "font_type": "TrueType",
                "italic": false,
                "monospaced": false,
                "name": "TimesNewRomanPSMT",
                "subset": false,
                "weight": 400
            },
            "HasClip": true,
            "Page": 0,
            "Path": "//Document/Sect/L/LI[2]/Lbl",
            "Text": "2. ",
            "TextSize": 14.039993286132812
        },
        {
            "Bounds": [
                126.02000427246094,
                232.2173614501953,
                561.0150451660156,
                414.07972717285156
            ],
            "ClipBounds": [
                126.02000427246094,
                232.2173614501953,
                561.0150451660156,
                414.07972717285156
            ],
            "Font": {
                "alt_family_name": "Titlingmes New Roman PSMT",
                "embedded": false,
                "encoding": "WinAnsiEncoding",
                "family_name": "Titlingmes New Roman PSMT",
                "font_type": "TrueType",
                "italic": false,
                "monospaced": false,
                "name": "TimesNewRomanPSMT",
                "subset": false,
                "weight": 400
            },
            "HasClip": true,
            "Page": 0,
            "Path": "//Document/Sect/L/LI[2]/LBody/ParagraphSpan",
            "Text": "The Appellant -M/S. SUBROS EDUCATIONAL SOCIETY has filed the present appeal challenging the impugned order dated 15th February, 2019 passed by the Senior Examiner, Registrar of Trademarks, New Delhi by which the mark ‘SBS World School’ has been refused registration. The mark has been refused registration under Section 11(1)(a) and 11(1)(b) of the Trademarks Act, 1999 on the ground of similar marks, which are existing in the Register. The operative portion of the order dated 15th February, 2019 is set out below: ",
            "TextSize": 14.039993286132812
        },
        {
            "Bounds": [
                198.0500030517578,
                127.54736328125,
                489.7058868408203,
                220.87376403808594
            ],
            "ClipBounds": [
                198.0500030517578,
                127.54736328125,
                489.7058868408203,
                220.87376403808594
            ],
            "Font": {
                "alt_family_name": "Titlingmes New Roman PS",
                "embedded": false,
                "encoding": "WinAnsiEncoding",
                "family_name": "Titlingmes New Roman PS",
                "font_type": "TrueType",
                "italic": true,
                "monospaced": false,
                "name": "TimesNewRomanPS-ItalicMT",
                "subset": false,
                "weight": 400
            },
            "HasClip": true,
            "Lang": "en",
            "Page": 0,
            "Path": "//Document/Sect/L/LI[2]/LBody/P",
            "Text": "“With reference to the above and request on Form TM-M dated 09/02/2019. It has been decided by the Registrar of Trademarks to inform you that hearing in respect of above application was held on 26/12/2018 and the said application is refused on the following Grounds: ",
            "TextSize": 14.039993286132812
        },
        {
            "Bounds": [
                198.0500030517578,
                653.0792846679688,
                489.7153625488281,
                730.3237609863281
            ],
            "ClipBounds": [
                198.0500030517578,
                653.0792846679688,
                489.7153625488281,
                730.3237609863281
            ],
            "Font": {
                "alt_family_name": "Titlingmes New Roman PS",
                "embedded": true,
                "encoding": "Identity-H",
                "family_name": "Titlingmes New Roman PS",
                "font_type": "CIDFontType2",
                "italic": true,
                "monospaced": false,
                "name": "TimesNewRomanPS-ItalicMT",
                "subset": false,
                "weight": 400
            },
            "HasClip": true,
            "Lang": "en",
            "Page": 1,
            "Path": "//Document/Sect/L/LI[2]/LBody/P[2]",
            "Text": "have heard the argument and also perused the documents available on record. The same and similar mark is already on record, hence, objection under Section 11 is sustained, application is refused for registration.” ",
            "TextSize": 14.039993286132812
        },
        {
            "Bounds": [
                126.02000427246094,
                620.9473571777344,
                140.1021270751953,
                633.709716796875
            ],
            "ClipBounds": [
                126.02000427246094,
                620.9473571777344,
                140.1021270751953,
                633.709716796875
            ],
            "Font": {
                "alt_family_name": "Titlingmes New Roman PSMT",
                "embedded": false,
                "encoding": "WinAnsiEncoding",
                "family_name": "Titlingmes New Roman PSMT",
                "font_type": "TrueType",
                "italic": false,
                "monospaced": false,
                "name": "TimesNewRomanPSMT",
                "subset": false,
                "weight": 400
            },
            "HasClip": true,
            "Page": 1,
            "Path": "//Document/Sect/L/LI[3]/Lbl",
            "Text": "3. ",
            "TextSize": 14.039993286132812
        },
        {
            "Bounds": [
                126.02000427246094,
                596.7992858886719,
                560.8109130859375,
                633.709716796875
            ],
            "ClipBounds": [
                126.02000427246094,
                596.7992858886719,
                560.8109130859375,
                633.709716796875
            ],
            "Font": {
                "alt_family_name": "Titlingmes New Roman PSMT",
                "embedded": false,
                "encoding": "WinAnsiEncoding",
                "family_name": "Titlingmes New Roman PSMT",
                "font_type": "TrueType",
                "italic": false,
                "monospaced": false,
                "name": "TimesNewRomanPSMT",
                "subset": false,
                "weight": 400
            },
            "HasClip": true,
            "Page": 1,
            "Path": "//Document/Sect/L/LI[3]/LBody/ParagraphSpan",
            "Text": "The details of the trademark Application bearing No.2891476 in Class 41 relating to the mark “SBS World School” is set out below: ",
            "TextSize": 14.039993286132812
        },
        {
            "Bounds": [
                126.0,
                157.17999267578125,
                533.3000030517578,
                580.1799926757812
            ],
            "ClipBounds": [
                126.0,
                157.17999267578125,
                533.3000030517578,
                580.1799926757812
            ],
            "Page": 1,
            "Path": "//Document/Sect/L/LI[3]/LBody/Figure",
            "attributes": {
                "BBox": [
                    125.99499999999898,
                    157.22799999999552,
                    533.2579999999725,
                    580.2109999999811
                ],
                "Placement": "Block"
            }
        },
        {
            "Bounds": [
                126.02000427246094,
                132.94735717773438,
                140.24124145507812,
                145.709716796875
            ],
            "ClipBounds": [
                126.02000427246094,
                132.94735717773438,
                140.24124145507812,
                145.709716796875
            ],
            "Font": {
                "alt_family_name": "Titlingmes New Roman PSMT",
                "embedded": false,
                "encoding": "WinAnsiEncoding",
                "family_name": "Titlingmes New Roman PSMT",
                "font_type": "TrueType",
                "italic": false,
                "monospaced": false,
                "name": "TimesNewRomanPSMT",
                "subset": false,
                "weight": 400
            },
            "HasClip": true,
            "Page": 1,
            "Path": "//Document/Sect/L/LI[4]/Lbl",
            "Text": "4. ",
            "TextSize": 14.039993286132812
        },
        {
            "Bounds": [
                126.02000427246094,
                108.70736694335938,
                561.0599975585938,
                145.709716796875
            ],
            "ClipBounds": [
                126.02000427246094,
                108.70736694335938,
                561.0599975585938,
                145.709716796875
            ],
            "Font": {
                "alt_family_name": "Titlingmes New Roman PSMT",
                "embedded": false,
                "encoding": "WinAnsiEncoding",
                "family_name": "Titlingmes New Roman PSMT",
                "font_type": "TrueType",
                "italic": false,
                "monospaced": false,
                "name": "TimesNewRomanPSMT",
                "subset": false,
                "weight": 400
            },
            "HasClip": true,
            "Page": 1,
            "Path": "//Document/Sect/L/LI[4]/LBody/ParagraphSpan",
            "Text": "The Appellant has also obtained registrations for several similar marks consisting of the mark `SBS’, in Class 41 for educational services, ",
            "TextSize": 14.039993286132812
        },
        {
            "Bounds": [
                126.02000427246094,
                717.54736328125,
                173.9600067138672,
                730.3097229003906
            ],
            "ClipBounds": [
                126.02000427246094,
                717.54736328125,
                173.9600067138672,
                730.3097229003906
            ],
            "Font": {
                "alt_family_name": "Titlingmes New Roman PSMT",
                "embedded": false,
                "encoding": "WinAnsiEncoding",
                "family_name": "Titlingmes New Roman PSMT",
                "font_type": "TrueType",
                "italic": false,
                "monospaced": false,
                "name": "TimesNewRomanPSMT",
                "subset": false,
                "weight": 400
            },
            "HasClip": true,
            "Page": 2,
            "Path": "//Document/Sect/L/LI[4]/LBody/ParagraphSpan[2]",
            "Text": "such as, ",
            "TextSize": 14.039993286132812
        },
        {
            "Bounds": [
                198.0500030517578,
                111.46736145019531,
                489.60520935058594,
                124.24375915527344
            ],
            "ClipBounds": [
                198.0500030517578,
                111.46736145019531,
                489.60520935058594,
                124.24375915527344
            ],
            "Font": {
                "alt_family_name": "Titlingmes New Roman PS",
                "embedded": false,
                "encoding": "WinAnsiEncoding",
                "family_name": "Titlingmes New Roman PS",
                "font_type": "TrueType",
                "italic": true,
                "monospaced": false,
                "name": "TimesNewRomanPS-ItalicMT",
                "subset": false,
                "weight": 400
            },
            "HasClip": true,
            "Lang": "en",
            "Page": 0,
            "Path": "//Document/Sect/Footnote",
            "Text": "* The applicant advocate Ranjan Jha appeared. I ",
            "TextSize": 14.039993286132812,
            "attributes": {
                "LineHeight": 16.875,
                "SpaceAfter": 18
            }
        },
        {
            "Bounds": [
                185.64999389648438,
                265.97999572753906,
                497.6499938964844,
                575.7299957275391
            ],
            "ClipBounds": [
                185.64999389648438,
                265.97999572753906,
                497.6499938964844,
                575.7299957275391
            ],
            "HasClip": true,
            "Image": {
                "bits_per_component": 8,
                "colorspace": {
                    "Name": "DeviceRGB"
                },
                "data_length": 2061696,
                "height": 826,
                "resolution_horizontal": 192.0,
                "resolution_vertical": 192.0,
                "width": 832
            },
            "Page": 2,
            "Path": "//Document/Sect/Watermark[2]"
        },
        {
            "Bounds": [
                144.02000427246094,
                692.3192749023438,
                153.9884033203125,
                707.9879150390625
            ],
            "ClipBounds": [
                144.02000427246094,
                692.3192749023438,
                153.9884033203125,
                707.9879150390625
            ],
            "Font": {
                "alt_family_name": "Symbol",
                "embedded": true,
                "encoding": "Identity-H",
                "family_name": "Symbol MT",
                "font_type": "CIDFontType2",
                "italic": false,
                "monospaced": false,
                "name": "SymbolMT",
                "subset": false,
                "weight": 400
            },
            "HasClip": true,
            "Page": 2,
            "Path": "//Document/Sect/L[2]/LI/Lbl",
            "Text": "• ",
            "TextSize": 14.039993286132812
        },
        {
            "Bounds": [
                162.02000427246094,
                692.3473663330078,
                362.01171875,
                705.1097259521484
            ],
            "ClipBounds": [
                162.02000427246094,
                692.3473663330078,
                362.01171875,
                705.1097259521484
            ],
            "Font": {
                "alt_family_name": "Titlingmes New Roman PSMT",
                "embedded": false,
                "encoding": "WinAnsiEncoding",
                "family_name": "Titlingmes New Roman PSMT",
                "font_type": "TrueType",
                "italic": false,
                "monospaced": false,
                "name": "TimesNewRomanPSMT",
                "subset": false,
                "weight": 400
            },
            "HasClip": true,
            "Page": 2,
            "Path": "//Document/Sect/L[2]/LI/LBody",
            "Text": "SBS Institute bearing No.2891479, ",
            "TextSize": 14.039993286132812
        },
        {
            "Bounds": [
                144.02000427246094,
                667.1192779541016,
                153.9884033203125,
                682.7879180908203
            ],
            "ClipBounds": [
                144.02000427246094,
                667.1192779541016,
                153.9884033203125,
                682.7879180908203
            ],
            "Font": {
                "alt_family_name": "Symbol",
                "embedded": true,
                "encoding": "Identity-H",
                "family_name": "Symbol MT",
                "font_type": "CIDFontType2",
                "italic": false,
                "monospaced": false,
                "name": "SymbolMT",
                "subset": false,
                "weight": 400
            },
            "HasClip": true,
            "Page": 2,
            "Path": "//Document/Sect/L[2]/LI[2]/Lbl",
            "Text": "• ",
            "TextSize": 14.039993286132812
        },
        {
            "Bounds": [
                162.02000427246094,
                667.1473541259766,
                375.17527770996094,
                679.9097137451172
            ],
            "ClipBounds": [
                162.02000427246094,
                667.1473541259766,
                375.17527770996094,
                679.9097137451172
            ],
            "Font": {
                "alt_family_name": "Titlingmes New Roman PSMT",
                "embedded": false,
                "encoding": "WinAnsiEncoding",
                "family_name": "Titlingmes New Roman PSMT",
                "font_type": "TrueType",
                "italic": false,
                "monospaced": false,
                "name": "TimesNewRomanPSMT",
                "subset": false,
                "weight": 400
            },
            "HasClip": true,
            "Page": 2,
            "Path": "//Document/Sect/L[2]/LI[2]/LBody",
            "Text": "SBS University bearing No.2891481, ",
            "TextSize": 14.039993286132812
        },
        {
            "Bounds": [
                144.02000427246094,
                642.0392761230469,
                153.9884033203125,
                657.7079162597656
            ],
            "ClipBounds": [
                144.02000427246094,
                642.0392761230469,
                153.9884033203125,
                657.7079162597656
            ],
            "Font": {
                "alt_family_name": "Symbol",
                "embedded": true,
                "encoding": "Identity-H",
                "family_name": "Symbol MT",
                "font_type": "CIDFontType2",
                "italic": false,
                "monospaced": false,
                "name": "SymbolMT",
                "subset": false,
                "weight": 400
            },
            "HasClip": true,
            "Page": 2,
            "Path": "//Document/Sect/L[2]/LI[3]/Lbl",
            "Text": "• ",
            "TextSize": 14.039993286132812
        },
        {
            "Bounds": [
                162.02000427246094,
                642.0673675537109,
                359.6319274902344,
                654.8297271728516
            ],
            "ClipBounds": [
                162.02000427246094,
                642.0673675537109,
                359.6319274902344,
                654.8297271728516
            ],
            "Font": {
                "alt_family_name": "Titlingmes New Roman PSMT",
                "embedded": false,
                "encoding": "WinAnsiEncoding",
                "family_name": "Titlingmes New Roman PSMT",
                "font_type": "TrueType",
                "italic": false,
                "monospaced": false,
                "name": "TimesNewRomanPSMT",
                "subset": false,
                "weight": 400
            },
            "HasClip": true,
            "Page": 2,
            "Path": "//Document/Sect/L[2]/LI[3]/LBody",
            "Text": "SBS College bearing No.2891483, ",
            "TextSize": 14.039993286132812
        },
        {
            "Bounds": [
                144.02000427246094,
                616.8392791748047,
                153.9884033203125,
                632.5079193115234
            ],
            "ClipBounds": [
                144.02000427246094,
                616.8392791748047,
                153.9884033203125,
                632.5079193115234
            ],
            "Font": {
                "alt_family_name": "Symbol",
                "embedded": true,
                "encoding": "Identity-H",
                "family_name": "Symbol MT",
                "font_type": "CIDFontType2",
                "italic": false,
                "monospaced": false,
                "name": "SymbolMT",
                "subset": false,
                "weight": 400
            },
            "HasClip": true,
            "Page": 2,
            "Path": "//Document/Sect/L[2]/LI[4]/Lbl",
            "Text": "• ",
            "TextSize": 14.039993286132812
        },
        {
            "Bounds": [
                162.02000427246094,
                616.8673553466797,
                450.41355895996094,
                629.6297149658203
            ],
            "ClipBounds": [
                162.02000427246094,
                616.8673553466797,
                450.41355895996094,
                629.6297149658203
            ],
            "Font": {
                "alt_family_name": "Titlingmes New Roman PSMT",
                "embedded": false,
                "encoding": "WinAnsiEncoding",
                "family_name": "Titlingmes New Roman PSMT",
                "font_type": "TrueType",
                "italic": false,
                "monospaced": false,
                "name": "TimesNewRomanPSMT",
                "subset": false,
                "weight": 400
            },
            "HasClip": true,
            "Page": 2,
            "Path": "//Document/Sect/L[2]/LI[4]/LBody",
            "Text": "SBS International School bearing No.2891485 and ",
            "TextSize": 14.039993286132812
        },
        {
            "Bounds": [
                144.02000427246094,
                591.6392822265625,
                153.9884033203125,
                607.3079223632812
            ],
            "ClipBounds": [
                144.02000427246094,
                591.6392822265625,
                153.9884033203125,
                607.3079223632812
            ],
            "Font": {
                "alt_family_name": "Symbol",
                "embedded": true,
                "encoding": "Identity-H",
                "family_name": "Symbol MT",
                "font_type": "CIDFontType2",
                "italic": false,
                "monospaced": false,
                "name": "SymbolMT",
                "subset": false,
                "weight": 400
            },
            "HasClip": true,
            "Page": 2,
            "Path": "//Document/Sect/L[2]/LI[5]/Lbl",
            "Text": "• ",
            "TextSize": 14.039993286132812
        },
        {
            "Bounds": [
                162.02000427246094,
                591.6673583984375,
                426.4743194580078,
                604.4297180175781
            ],
            "ClipBounds": [
                162.02000427246094,
                591.6673583984375,
                426.4743194580078,
                604.4297180175781
            ],
            "Font": {
                "alt_family_name": "Titlingmes New Roman PSMT",
                "embedded": false,
                "encoding": "WinAnsiEncoding",
                "family_name": "Titlingmes New Roman PSMT",
                "font_type": "TrueType",
                "italic": false,
                "monospaced": false,
                "name": "TimesNewRomanPSMT",
                "subset": false,
                "weight": 400
            },
            "HasClip": true,
            "Page": 2,
            "Path": "//Document/Sect/L[2]/LI[5]/LBody",
            "Text": "SBS International School bearing No.2891487 ",
            "TextSize": 14.039993286132812
        },
        {
            "Bounds": [
                126.02000427246094,
                567.6373596191406,
                140.1199951171875,
                580.3997192382812
            ],
            "ClipBounds": [
                126.02000427246094,
                567.6373596191406,
                140.1199951171875,
                580.3997192382812
            ],
            "Font": {
                "alt_family_name": "Titlingmes New Roman PSMT",
                "embedded": false,
                "encoding": "WinAnsiEncoding",
                "family_name": "Titlingmes New Roman PSMT",
                "font_type": "TrueType",
                "italic": false,
                "monospaced": false,
                "name": "TimesNewRomanPSMT",
                "subset": false,
                "weight": 400
            },
            "HasClip": true,
            "Page": 2,
            "Path": "//Document/Sect/L[3]/LI/Lbl",
            "Text": "5. ",
            "TextSize": 14.039993286132812
        },
        {
            "Bounds": [
                126.02000427246094,
                519.2773590087891,
                560.9342803955078,
                580.3997192382812
            ],
            "ClipBounds": [
                126.02000427246094,
                519.2773590087891,
                560.9342803955078,
                580.3997192382812
            ],
            "Font": {
                "alt_family_name": "Titlingmes New Roman PSMT",
                "embedded": false,
                "encoding": "WinAnsiEncoding",
                "family_name": "Titlingmes New Roman PSMT",
                "font_type": "TrueType",
                "italic": false,
                "monospaced": false,
                "name": "TimesNewRomanPSMT",
                "subset": false,
                "weight": 400
            },
            "HasClip": true,
            "Page": 2,
            "Path": "//Document/Sect/L[3]/LI/LBody",
            "Text": "It is submitted by ld counsel that the Appellant intends to expand into other fields of educational services, and has thus applied for the mark “SBS World School”. ",
            "TextSize": 14.039993286132812
        },
        {
            "Bounds": [
                126.02000427246094,
                495.15736389160156,
                140.1199951171875,
                507.9197235107422
            ],
            "ClipBounds": [
                126.02000427246094,
                495.15736389160156,
                140.1199951171875,
                507.9197235107422
            ],
            "Font": {
                "alt_family_name": "Titlingmes New Roman PSMT",
                "embedded": false,
                "encoding": "WinAnsiEncoding",
                "family_name": "Titlingmes New Roman PSMT",
                "font_type": "TrueType",
                "italic": false,
                "monospaced": false,
                "name": "TimesNewRomanPSMT",
                "subset": false,
                "weight": 400
            },
            "HasClip": true,
            "Page": 2,
            "Path": "//Document/Sect/L[3]/LI[2]/Lbl",
            "Text": "6. ",
            "TextSize": 14.039993286132812
        },
        {
            "Bounds": [
                126.02000427246094,
                398.55735778808594,
                560.9590759277344,
                507.9197235107422
            ],
            "ClipBounds": [
                126.02000427246094,
                398.55735778808594,
                560.9590759277344,
                507.9197235107422
            ],
            "Font": {
                "alt_family_name": "Titlingmes New Roman PSMT",
                "embedded": false,
                "encoding": "WinAnsiEncoding",
                "family_name": "Titlingmes New Roman PSMT",
                "font_type": "TrueType",
                "italic": false,
                "monospaced": false,
                "name": "TimesNewRomanPSMT",
                "subset": false,
                "weight": 400
            },
            "HasClip": true,
            "Page": 2,
            "Path": "//Document/Sect/L[3]/LI[2]/LBody",
            "Text": "The impugned order passed by the Registrar of Trademarks has not properly considered the registrations for the various `SBS’ marks already granted in favour of the Appellant. Accordingly, the impugned order dated 15th February, 2019 is set aside and the matter is remanded back for reconsideration by the Respondent -Registrar of Trade Marks. ",
            "TextSize": 14.039993286132812
        },
        {
            "Bounds": [
                126.02000427246094,
                374.4173583984375,
                140.24124145507812,
                387.1797180175781
            ],
            "ClipBounds": [
                126.02000427246094,
                374.4173583984375,
                140.24124145507812,
                387.1797180175781
            ],
            "Font": {
                "alt_family_name": "Titlingmes New Roman PSMT",
                "embedded": false,
                "encoding": "WinAnsiEncoding",
                "family_name": "Titlingmes New Roman PSMT",
                "font_type": "TrueType",
                "italic": false,
                "monospaced": false,
                "name": "TimesNewRomanPSMT",
                "subset": false,
                "weight": 400
            },
            "HasClip": true,
            "Page": 2,
            "Path": "//Document/Sect/L[3]/LI[3]/Lbl",
            "Text": "7. ",
            "TextSize": 14.039993286132812
        },
        {
            "Bounds": [
                126.02000427246094,
                277.81736755371094,
                561.0058898925781,
                387.1797180175781
            ],
            "ClipBounds": [
                126.02000427246094,
                277.81736755371094,
                561.0058898925781,
                387.1797180175781
            ],
            "Font": {
                "alt_family_name": "Titlingmes New Roman PSMT",
                "embedded": false,
                "encoding": "WinAnsiEncoding",
                "family_name": "Titlingmes New Roman PSMT",
                "font_type": "TrueType",
                "italic": false,
                "monospaced": false,
                "name": "TimesNewRomanPSMT",
                "subset": false,
                "weight": 400
            },
            "HasClip": true,
            "Page": 2,
            "Path": "//Document/Sect/L[3]/LI[3]/LBody",
            "Text": "The Examiner shall offer a hearing to the Appellant and consider afresh the Trademark Application bearing No. 2891476, in view of the abovementioned registrations of the Appellant in Class 41. Thereafter, the Examiner shall pass orders, in accordance with law, within a period of four months. ",
            "TextSize": 14.039993286132812
        },
        {
            "Bounds": [
                126.02000427246094,
                253.69735717773438,
                140.1199951171875,
                266.459716796875
            ],
            "ClipBounds": [
                126.02000427246094,
                253.69735717773438,
                140.1199951171875,
                266.459716796875
            ],
            "Font": {
                "alt_family_name": "Titlingmes New Roman PSMT",
                "embedded": false,
                "encoding": "WinAnsiEncoding",
                "family_name": "Titlingmes New Roman PSMT",
                "font_type": "TrueType",
                "italic": false,
                "monospaced": false,
                "name": "TimesNewRomanPSMT",
                "subset": false,
                "weight": 400
            },
            "HasClip": true,
            "Page": 2,
            "Path": "//Document/Sect/L[3]/LI[4]/Lbl",
            "Text": "8. ",
            "TextSize": 14.039993286132812
        },
        {
            "Bounds": [
                126.02000427246094,
                229.45736694335938,
                560.8046875,
                266.459716796875
            ],
            "ClipBounds": [
                126.02000427246094,
                229.45736694335938,
                560.8046875,
                266.459716796875
            ],
            "Font": {
                "alt_family_name": "Titlingmes New Roman PSMT",
                "embedded": false,
                "encoding": "WinAnsiEncoding",
                "family_name": "Titlingmes New Roman PSMT",
                "font_type": "TrueType",
                "italic": false,
                "monospaced": false,
                "name": "TimesNewRomanPSMT",
                "subset": false,
                "weight": 400
            },
            "HasClip": true,
            "Page": 2,
            "Path": "//Document/Sect/L[3]/LI[4]/LBody",
            "Text": "Let the present order be supplied to the Registrar of Trademarks, New Delhi, through Mr. Harish Vaidyanathan Shankar, ld. CGSC. ",
            "TextSize": 14.039993286132812
        },
        {
            "Bounds": [
                126.02000427246094,
                205.3373565673828,
                140.24124145507812,
                218.09971618652344
            ],
            "ClipBounds": [
                126.02000427246094,
                205.3373565673828,
                140.24124145507812,
                218.09971618652344
            ],
            "Font": {
                "alt_family_name": "Titlingmes New Roman PSMT",
                "embedded": false,
                "encoding": "WinAnsiEncoding",
                "family_name": "Titlingmes New Roman PSMT",
                "font_type": "TrueType",
                "italic": false,
                "monospaced": false,
                "name": "TimesNewRomanPSMT",
                "subset": false,
                "weight": 400
            },
            "HasClip": true,
            "Page": 2,
            "Path": "//Document/Sect/L[3]/LI[5]/Lbl",
            "Text": "9. ",
            "TextSize": 14.039993286132812
        },
        {
            "Bounds": [
                126.02000427246094,
                181.18736267089844,
                560.9590759277344,
                218.09971618652344
            ],
            "ClipBounds": [
                126.02000427246094,
                181.18736267089844,
                560.9590759277344,
                218.09971618652344
            ],
            "Font": {
                "alt_family_name": "Titlingmes New Roman PSMT",
                "embedded": false,
                "encoding": "WinAnsiEncoding",
                "family_name": "Titlingmes New Roman PSMT",
                "font_type": "TrueType",
                "italic": false,
                "monospaced": false,
                "name": "TimesNewRomanPSMT",
                "subset": false,
                "weight": 400
            },
            "HasClip": true,
            "Page": 2,
            "Path": "//Document/Sect/L[3]/LI[5]/LBody",
            "Text": "The present appeal is allowed and disposed of in the above terms. All pending applications are also disposed of. ",
            "TextSize": 14.039993286132812
        },
        {
            "Bounds": [
                414.5800018310547,
                140.98736572265625,
                560.8206329345703,
                153.52508544921875
            ],
            "ClipBounds": [
                414.5800018310547,
                140.98736572265625,
                560.8206329345703,
                153.52508544921875
            ],
            "Font": {
                "alt_family_name": "Titlingmes New Roman PS",
                "embedded": false,
                "encoding": "WinAnsiEncoding",
                "family_name": "Titlingmes New Roman PS",
                "font_type": "TrueType",
                "italic": false,
                "monospaced": false,
                "name": "TimesNewRomanPS-BoldMT",
                "subset": false,
                "weight": 700
            },
            "HasClip": true,
            "Page": 2,
            "Path": "//Document/Sect/P[4]/Sub",
            "Text": "PRATHIBA M. SINGH ",
            "TextSize": 14.039993286132812,
            "attributes": {
                "Placement": "Block"
            }
        },
        {
            "Bounds": [
                461.97999572753906,
                124.787353515625,
                512.973388671875,
                137.3250732421875
            ],
            "ClipBounds": [
                461.97999572753906,
                124.787353515625,
                512.973388671875,
                137.3250732421875
            ],
            "Font": {
                "alt_family_name": "Titlingmes New Roman PS",
                "embedded": false,
                "encoding": "WinAnsiEncoding",
                "family_name": "Titlingmes New Roman PS",
                "font_type": "TrueType",
                "italic": false,
                "monospaced": false,
                "name": "TimesNewRomanPS-BoldMT",
                "subset": false,
                "weight": 700
            },
            "HasClip": true,
            "Page": 2,
            "Path": "//Document/Sect/P[4]/Sub[2]",
            "Text": "JUDGE ",
            "TextSize": 14.039993286132812,
            "attributes": {
                "Placement": "Block"
            }
        },
        {
            "Bounds": [
                126.02000427246094,
                108.70736694335938,
                247.4358673095703,
                121.4837646484375
            ],
            "ClipBounds": [
                126.02000427246094,
                108.70736694335938,
                247.4358673095703,
                121.4837646484375
            ],
            "Font": {
                "alt_family_name": "Titlingmes New Roman PS",
                "embedded": false,
                "encoding": "WinAnsiEncoding",
                "family_name": "Titlingmes New Roman PS",
                "font_type": "TrueType",
                "italic": true,
                "monospaced": false,
                "name": "TimesNewRomanPS-ItalicMT",
                "subset": false,
                "weight": 400
            },
            "HasClip": true,
            "Lang": "da",
            "Page": 2,
            "Path": "//Document/Sect[2]/H1",
            "Text": "MAY 19, 2022/dk/ss ",
            "TextSize": 14.039993286132812,
            "attributes": {
                "LineHeight": 16.875,
                "SpaceAfter": 18
            }
        }
    ],
    "pages": [
        {
            "boxes": {
                "CropBox": [
                    0.0,
                    0.0,
                    595.4400024414062,
                    841.6799926757812
                ],
                "MediaBox": [
                    0.0,
                    0.0,
                    595.4400024414062,
                    841.6799926757812
                ]
            },
            "height": 841.6799926757812,
            "is_scanned": false,
            "page_number": 0,
            "rotation": 0,
            "width": 595.4400024414062
        },
        {
            "boxes": {
                "CropBox": [
                    0.0,
                    0.0,
                    595.4400024414062,
                    841.6799926757812
                ],
                "MediaBox": [
                    0.0,
                    0.0,
                    595.4400024414062,
                    841.6799926757812
                ]
            },
            "height": 841.6799926757812,
            "is_scanned": false,
            "page_number": 1,
            "rotation": 0,
            "width": 595.4400024414062
        },
        {
            "boxes": {
                "CropBox": [
                    0.0,
                    0.0,
                    595.4400024414062,
                    841.6799926757812
                ],
                "MediaBox": [
                    0.0,
                    0.0,
                    595.4400024414062,
                    841.6799926757812
                ]
            },
            "height": 841.6799926757812,
            "is_scanned": false,
            "page_number": 2,
            "rotation": 0,
            "width": 595.4400024414062
        }
    ]
}