{
    "version": {
        "json_export": "184",
        "page_segmentation": "5",
        "schema": "1.1.0",
        "structure": "1.1006.0",
        "table_structure": "5"
    },
    "extended_metadata": {
        "ID_instance": "33 32 20 36 36 20 41 44 20 32 43 20 41 44 20 33 45 20 45 39 20 32 44 20 46 38 20 32 45 20 35 33 20 45 43 20 36 43 20 34 44 20 33 36 20 32 30 20 ",
        "ID_permanent": "35 41 20 37 32 20 45 36 20 39 46 20 38 38 20 42 35 20 42 32 20 31 31 20 30 41 20 30 30 20 36 37 20 34 35 20 38 42 20 36 42 20 43 36 20 32 33 20 ",
        "pdf_version": "1.6",
        "pdfa_compliance_level": "",
        "is_encrypted": false,
        "has_acroform": true,
        "is_digitally_signed": true,
        "pdfua_compliance_level": "",
        "page_count": 7,
        "has_embedded_files": false,
        "is_certified": false,
        "is_XFA": false,
        "language": "en-IN"
    },
    "elements": [
        {
            "Bounds": [
                126.05000305175781,
                206.8300018310547,
                557.1999969482422,
                634.8800048828125
            ],
            "ClipBounds": [
                126.05000305175781,
                206.8300018310547,
                557.1999969482422,
                634.8800048828125
            ],
            "HasClip": true,
            "Image": {
                "bits_per_component": 8,
                "colorspace": {
                    "Name": "DeviceRGB"
                },
                "data_length": 2061696,
                "height": 826,
                "resolution_horizontal": 138.94004821777344,
                "resolution_vertical": 138.93704223632812,
                "width": 832
            },
            "Page": 0,
            "Path": "//Document/Watermark"
        },
        {
            "Bounds": [
                126.02000427246094,
                717.54736328125,
                151.19000244140625,
                730.3097229003906
            ],
            "ClipBounds": [
                126.02000427246094,
                717.54736328125,
                151.19000244140625,
                730.3097229003906
            ],
            "Font": {
                "alt_family_name": "Titlingmes New Roman PSMT",
                "embedded": false,
                "encoding": "WinAnsiEncoding",
                "family_name": "Titlingmes New Roman PSMT",
                "font_type": "TrueType",
                "italic": false,
                "monospaced": false,
                "name": "TimesNewRomanPSMT",
                "subset": false,
                "weight": 400
            },
            "HasClip": true,
            "Lang": "en",
            "Page": 0,
            "Path": "//Document/P",
            "Text": "$~9 ",
            "TextSize": 14.039993286132812,
            "attributes": {
                "LineHeight": 16.875
            }
        },
        {
            "Bounds": [
                126.02000427246094,
                701.4673614501953,
                517.8919830322266,
                714.2297210693359
            ],
            "ClipBounds": [
                126.02000427246094,
                701.4673614501953,
                517.8919830322266,
                714.2297210693359
            ],
            "Font": {
                "alt_family_name": "Titlingmes New Roman PS",
                "embedded": false,
                "encoding": "WinAnsiEncoding",
                "family_name": "Titlingmes New Roman PS",
                "font_type": "TrueType",
                "italic": false,
                "monospaced": false,
                "name": "TimesNewRomanPS-BoldMT",
                "subset": false,
                "weight": 700
            },
            "HasClip": true,
            "Lang": "en",
            "Page": 0,
            "Path": "//Document/P[2]",
            "Text": "* IN THE  HIGH  COURT  OF DELHI  AT  NEW  DELHI ",
            "TextSize": 14.039993286132812,
            "attributes": {
                "LineHeight": 16.875,
                "SpaceAfter": 18
            }
        },
        {
            "Bounds": [
                126.02000427246094,
                653.1073608398438,
                137.44850158691406,
                665.8697204589844
            ],
            "ClipBounds": [
                126.02000427246094,
                653.1073608398438,
                137.44850158691406,
                665.8697204589844
            ],
            "Font": {
                "alt_family_name": "Titlingmes New Roman PSMT",
                "embedded": false,
                "encoding": "WinAnsiEncoding",
                "family_name": "Titlingmes New Roman PSMT",
                "font_type": "TrueType",
                "italic": false,
                "monospaced": false,
                "name": "TimesNewRomanPSMT",
                "subset": false,
                "weight": 400
            },
            "HasClip": true,
            "Lang": "en",
            "Page": 0,
            "Path": "//Document/P[3]",
            "Text": "+ ",
            "TextSize": 14.039993286132812,
            "attributes": {
                "LineHeight": 16.875,
                "SpaceAfter": 18
            }
        },
        {
            "Bounds": [
                162.02000427246094,
                501.27735900878906,
                560.8973999023438,
                691.5130004882812
            ],
            "ClipBounds": [
                162.02000427246094,
                501.27735900878906,
                560.8973999023438,
                691.5130004882812
            ],
            "Page": 0,
            "Path": "//Document/Table",
            "attributes": {
                "BBox": [
                    161.99299999999494,
                    504.0139999999956,
                    557.3769999999786,
                    690.1259999999893
                ],
                "NumCol": 2,
                "NumRow": 5,
                "Placement": "Block",
                "SpaceAfter": 18
            }
        },
        {
            "Bounds": [
                346.8699951171875,
                677.3473663330078,
                560.8804016113281,
                691.5130004882812
            ],
            "ClipBounds": [
                346.8699951171875,
                677.3473663330078,
                560.8804016113281,
                691.5130004882812
            ],
            "Page": 0,
            "Path": "//Document/Table/TR/TD",
            "attributes": {
                "BBox": [
                    161.99299999999494,
                    671.0469999999914,
                    557.3769999999786,
                    690.1259999999893
                ],
                "BlockAlign": "Before",
                "ColIndex": 0,
                "ColSpan": 2,
                "Height": 19.125,
                "InlineAlign": "Start",
                "RowIndex": 0,
                "Width": 395.375
            }
        },
        {
            "Bounds": [
                346.8699951171875,
                677.3473663330078,
                560.8804016113281,
                691.5130004882812
            ],
            "ClipBounds": [
                346.8699951171875,
                677.3473663330078,
                560.8804016113281,
                691.5130004882812
            ],
            "Font": {
                "alt_family_name": "Titlingmes New Roman PS",
                "embedded": false,
                "encoding": "WinAnsiEncoding",
                "family_name": "Titlingmes New Roman PS",
                "font_type": "TrueType",
                "italic": true,
                "monospaced": false,
                "name": "TimesNewRomanPS-BoldItalicMT",
                "subset": false,
                "weight": 700
            },
            "HasClip": true,
            "Lang": "en",
            "Page": 0,
            "Path": "//Document/Table/TR/TD/P",
            "Text": "Date of Decision: 10th October, 2022 ",
            "TextSize": 14.039993286132812,
            "attributes": {
                "LineHeight": 16.875
            }
        },
        {
            "Bounds": [
                162.02000427246094,
                588.787353515625,
                560.7320709228516,
                665.6450805664062
            ],
            "ClipBounds": [
                162.02000427246094,
                588.787353515625,
                560.7320709228516,
                665.6450805664062
            ],
            "Page": 0,
            "Path": "//Document/Table/TR[2]/TD",
            "attributes": {
                "BBox": [
                    161.99299999999494,
                    584.6499999999942,
                    557.3769999999786,
                    671.0469999999914
                ],
                "BlockAlign": "Before",
                "ColIndex": 0,
                "ColSpan": 2,
                "Height": 86.375,
                "InlineAlign": "Start",
                "RowIndex": 1,
                "Width": 395.375
            }
        },
        {
            "Bounds": [
                270.0500030517578,
                653.1073608398438,
                408.202392578125,
                665.6450805664062
            ],
            "ClipBounds": [
                270.0500030517578,
                653.1073608398438,
                408.202392578125,
                665.6450805664062
            ],
            "Font": {
                "alt_family_name": "Titlingmes New Roman PS",
                "embedded": false,
                "encoding": "WinAnsiEncoding",
                "family_name": "Titlingmes New Roman PS",
                "font_type": "TrueType",
                "italic": false,
                "monospaced": false,
                "name": "TimesNewRomanPS-BoldMT",
                "subset": false,
                "weight": 700
            },
            "HasClip": true,
            "Lang": "en",
            "Page": 0,
            "Path": "//Document/Table/TR[2]/TD/P",
            "Text": "CS (COMM) 423/2022 ",
            "TextSize": 14.039993286132812,
            "attributes": {
                "LineHeight": 16.875
            }
        },
        {
            "Bounds": [
                162.02000427246094,
                588.787353515625,
                560.7320709228516,
                649.7897186279297
            ],
            "ClipBounds": [
                162.02000427246094,
                588.787353515625,
                560.7320709228516,
                649.7897186279297
            ],
            "Font": {
                "alt_family_name": "Titlingmes New Roman PSMT",
                "embedded": false,
                "encoding": "WinAnsiEncoding",
                "family_name": "Titlingmes New Roman PSMT",
                "font_type": "TrueType",
                "italic": false,
                "monospaced": false,
                "name": "TimesNewRomanPSMT",
                "subset": false,
                "weight": 400
            },
            "HasClip": true,
            "Lang": "en",
            "Page": 0,
            "Path": "//Document/Table/TR[2]/TD/P[2]",
            "Text": "SPP PUMPS LIMITED & ANR. Plaintiffs Through: Mr. Tusha Malhotra and Ms. Yamini Jaswal, Advocates. (M:9878096700) versus ",
            "TextSize": 14.039993286132812,
            "attributes": {
                "LineHeight": 16.125
            }
        },
        {
            "Bounds": [
                162.02000427246094,
                533.5573577880859,
                430.46583557128906,
                578.4797210693359
            ],
            "ClipBounds": [
                162.02000427246094,
                533.5573577880859,
                430.46583557128906,
                578.4797210693359
            ],
            "Page": 0,
            "Path": "//Document/Table/TR[3]/TD",
            "attributes": {
                "BBox": [
                    161.99299999999494,
                    531.3729999999923,
                    436.30199999999604,
                    584.6499999999942
                ],
                "BlockAlign": "Middle",
                "ColIndex": 0,
                "Height": 53.25,
                "InlineAlign": "Start",
                "RowIndex": 2,
                "RowSpan": 2,
                "Width": 274.25
            }
        },
        {
            "Bounds": [
                162.02000427246094,
                565.7173614501953,
                346.15460205078125,
                578.4797210693359
            ],
            "ClipBounds": [
                162.02000427246094,
                565.7173614501953,
                346.15460205078125,
                578.4797210693359
            ],
            "Font": {
                "alt_family_name": "Titlingmes New Roman PSMT",
                "embedded": false,
                "encoding": "WinAnsiEncoding",
                "family_name": "Titlingmes New Roman PSMT",
                "font_type": "TrueType",
                "italic": false,
                "monospaced": false,
                "name": "TimesNewRomanPSMT",
                "subset": false,
                "weight": 400
            },
            "HasClip": true,
            "Lang": "en",
            "Page": 0,
            "Path": "//Document/Table/TR[3]/TD/P",
            "Text": "SP PARVATHY INDUSTRIES ",
            "TextSize": 14.039993286132812,
            "attributes": {
                "LineHeight": 16.875
            }
        },
        {
            "Bounds": [
                270.0500030517578,
                533.5573577880859,
                430.46583557128906,
                562.3997192382812
            ],
            "ClipBounds": [
                270.0500030517578,
                533.5573577880859,
                430.46583557128906,
                562.3997192382812
            ],
            "Font": {
                "alt_family_name": "Titlingmes New Roman PSMT",
                "embedded": false,
                "encoding": "WinAnsiEncoding",
                "family_name": "Titlingmes New Roman PSMT",
                "font_type": "TrueType",
                "italic": false,
                "monospaced": false,
                "name": "TimesNewRomanPSMT",
                "subset": false,
                "weight": 400
            },
            "HasClip": true,
            "Lang": "en",
            "Page": 0,
            "Path": "//Document/Table/TR[3]/TD/P[2]",
            "Text": "Through: Mr. Selvaraj Proprietor. ",
            "TextSize": 14.039993286132812,
            "attributes": {
                "LineHeight": 16.125
            }
        },
        {
            "Bounds": [
                491.97999572753906,
                565.7173614501953,
                553.9735565185547,
                578.4797210693359
            ],
            "ClipBounds": [
                491.97999572753906,
                565.7173614501953,
                553.9735565185547,
                578.4797210693359
            ],
            "Page": 0,
            "Path": "//Document/Table/TR[3]/TH",
            "attributes": {
                "BBox": [
                    436.30199999999604,
                    565.9309999999823,
                    557.3769999999786,
                    584.6499999999942
                ],
                "BlockAlign": "After",
                "ColIndex": 1,
                "Height": 18.75,
                "InlineAlign": "End",
                "RowIndex": 2,
                "Width": 121.125
            }
        },
        {
            "Bounds": [
                491.97999572753906,
                565.7173614501953,
                553.9735565185547,
                578.4797210693359
            ],
            "ClipBounds": [
                491.97999572753906,
                565.7173614501953,
                553.9735565185547,
                578.4797210693359
            ],
            "Font": {
                "alt_family_name": "Titlingmes New Roman PSMT",
                "embedded": false,
                "encoding": "WinAnsiEncoding",
                "family_name": "Titlingmes New Roman PSMT",
                "font_type": "TrueType",
                "italic": false,
                "monospaced": false,
                "name": "TimesNewRomanPSMT",
                "subset": false,
                "weight": 400
            },
            "HasClip": true,
            "Lang": "en",
            "Page": 0,
            "Path": "//Document/Table/TR[3]/TH/P",
            "Text": "Defendant ",
            "TextSize": 14.039993286132812,
            "attributes": {
                "LineHeight": 16.875
            }
        },
        {
            "Bounds": [
                445.34820556640625,
                549.6373596191406,
                560.8973999023438,
                562.3997192382812
            ],
            "ClipBounds": [
                445.34820556640625,
                549.6373596191406,
                560.8973999023438,
                562.3997192382812
            ],
            "Page": 0,
            "Path": "//Document/Table/TR[4]/TD",
            "attributes": {
                "BBox": [
                    436.30199999999604,
                    531.3729999999923,
                    557.3769999999786,
                    565.9309999999823
                ],
                "BlockAlign": "Before",
                "ColIndex": 1,
                "Height": 34.5,
                "InlineAlign": "Start",
                "RowIndex": 3,
                "Width": 121.125
            }
        },
        {
            "Bounds": [
                445.34820556640625,
                549.6373596191406,
                560.8973999023438,
                562.3997192382812
            ],
            "ClipBounds": [
                445.34820556640625,
                549.6373596191406,
                560.8973999023438,
                562.3997192382812
            ],
            "Font": {
                "alt_family_name": "Titlingmes New Roman PSMT",
                "embedded": false,
                "encoding": "WinAnsiEncoding",
                "family_name": "Titlingmes New Roman PSMT",
                "font_type": "TrueType",
                "italic": false,
                "monospaced": false,
                "name": "TimesNewRomanPSMT",
                "subset": false,
                "weight": 400
            },
            "HasClip": true,
            "Lang": "en",
            "Page": 0,
            "Path": "//Document/Table/TR[4]/TD/P",
            "Text": "Premkumar, Sole ",
            "TextSize": 14.039993286132812,
            "attributes": {
                "LineHeight": 16.875
            }
        },
        {
            "Bounds": [
                162.02000427246094,
                501.27735900878906,
                370.97731018066406,
                530.0150756835938
            ],
            "ClipBounds": [
                162.02000427246094,
                501.27735900878906,
                370.97731018066406,
                530.0150756835938
            ],
            "Page": 0,
            "Path": "//Document/Table/TR[5]/TD",
            "attributes": {
                "BBox": [
                    161.99299999999494,
                    504.0139999999956,
                    557.3769999999786,
                    531.3729999999923
                ],
                "BlockAlign": "After",
                "ColIndex": 0,
                "ColSpan": 2,
                "Height": 27.375,
                "InlineAlign": "Start",
                "RowIndex": 4,
                "Width": 395.375
            }
        },
        {
            "Bounds": [
                162.02000427246094,
                517.4773559570312,
                224.736572265625,
                530.0150756835938
            ],
            "ClipBounds": [
                162.02000427246094,
                517.4773559570312,
                224.736572265625,
                530.0150756835938
            ],
            "Font": {
                "alt_family_name": "Titlingmes New Roman PS",
                "embedded": false,
                "encoding": "WinAnsiEncoding",
                "family_name": "Titlingmes New Roman PS",
                "font_type": "TrueType",
                "italic": false,
                "monospaced": false,
                "name": "TimesNewRomanPS-BoldMT",
                "subset": false,
                "weight": 700
            },
            "HasClip": true,
            "Page": 0,
            "Path": "//Document/Table/TR[5]/TD/P/Sub",
            "Text": "CORAM: ",
            "TextSize": 14.039993286132812,
            "attributes": {
                "Placement": "Block"
            }
        },
        {
            "Bounds": [
                162.02000427246094,
                501.27735900878906,
                370.97731018066406,
                513.8150787353516
            ],
            "ClipBounds": [
                162.02000427246094,
                501.27735900878906,
                370.97731018066406,
                513.8150787353516
            ],
            "Font": {
                "alt_family_name": "Titlingmes New Roman PS",
                "embedded": false,
                "encoding": "WinAnsiEncoding",
                "family_name": "Titlingmes New Roman PS",
                "font_type": "TrueType",
                "italic": false,
                "monospaced": false,
                "name": "TimesNewRomanPS-BoldMT",
                "subset": false,
                "weight": 700
            },
            "HasClip": true,
            "Page": 0,
            "Path": "//Document/Table/TR[5]/TD/P/Sub[2]",
            "Text": "JUSTICE PRATHIBA M. SINGH ",
            "TextSize": 14.039993286132812,
            "attributes": {
                "Placement": "Block"
            }
        },
        {
            "Bounds": [
                126.02000427246094,
                485.1973571777344,
                298.8752136230469,
                497.7350769042969
            ],
            "ClipBounds": [
                126.02000427246094,
                485.1973571777344,
                298.8752136230469,
                497.7350769042969
            ],
            "Font": {
                "alt_family_name": "Titlingmes New Roman PS",
                "embedded": false,
                "encoding": "WinAnsiEncoding",
                "family_name": "Titlingmes New Roman PS",
                "font_type": "TrueType",
                "italic": false,
                "monospaced": false,
                "name": "TimesNewRomanPS-BoldMT",
                "subset": false,
                "weight": 700
            },
            "HasClip": true,
            "Lang": "en",
            "Page": 0,
            "Path": "//Document/Title",
            "Text": "Prathiba M. Singh, J. (Oral) ",
            "TextSize": 14.039993286132812,
            "attributes": {
                "LineHeight": 16.875,
                "SpaceAfter": 7.25
            }
        },
        {
            "Bounds": [
                126.02000427246094,
                461.0773620605469,
                140.1199951171875,
                473.8397216796875
            ],
            "ClipBounds": [
                126.02000427246094,
                461.0773620605469,
                140.1199951171875,
                473.8397216796875
            ],
            "Font": {
                "alt_family_name": "Titlingmes New Roman PSMT",
                "embedded": false,
                "encoding": "WinAnsiEncoding",
                "family_name": "Titlingmes New Roman PSMT",
                "font_type": "TrueType",
                "italic": false,
                "monospaced": false,
                "name": "TimesNewRomanPSMT",
                "subset": false,
                "weight": 400
            },
            "HasClip": true,
            "Page": 0,
            "Path": "//Document/L/LI/Lbl",
            "Text": "1. ",
            "TextSize": 14.039993286132812
        },
        {
            "Bounds": [
                162.02000427246094,
                461.0773620605469,
                443.9432067871094,
                473.8397216796875
            ],
            "ClipBounds": [
                162.02000427246094,
                461.0773620605469,
                443.9432067871094,
                473.8397216796875
            ],
            "Font": {
                "alt_family_name": "Titlingmes New Roman PSMT",
                "embedded": false,
                "encoding": "WinAnsiEncoding",
                "family_name": "Titlingmes New Roman PSMT",
                "font_type": "TrueType",
                "italic": false,
                "monospaced": false,
                "name": "TimesNewRomanPSMT",
                "subset": false,
                "weight": 400
            },
            "HasClip": true,
            "Page": 0,
            "Path": "//Document/L/LI/LBody",
            "Text": "This hearing has been done through hybrid mode. ",
            "TextSize": 14.039993286132812
        },
        {
            "Bounds": [
                126.02000427246094,
                436.9573669433594,
                140.1199951171875,
                449.7197265625
            ],
            "ClipBounds": [
                126.02000427246094,
                436.9573669433594,
                140.1199951171875,
                449.7197265625
            ],
            "Font": {
                "alt_family_name": "Titlingmes New Roman PSMT",
                "embedded": false,
                "encoding": "WinAnsiEncoding",
                "family_name": "Titlingmes New Roman PSMT",
                "font_type": "TrueType",
                "italic": false,
                "monospaced": false,
                "name": "TimesNewRomanPSMT",
                "subset": false,
                "weight": 400
            },
            "HasClip": true,
            "Page": 0,
            "Path": "//Document/L/LI[2]/Lbl",
            "Text": "2. ",
            "TextSize": 14.039993286132812
        },
        {
            "Bounds": [
                126.02000427246094,
                219.6173553466797,
                560.9608001708984,
                449.7197265625
            ],
            "ClipBounds": [
                126.02000427246094,
                219.6173553466797,
                560.9608001708984,
                449.7197265625
            ],
            "Font": {
                "alt_family_name": "Titlingmes New Roman PSMT",
                "embedded": false,
                "encoding": "WinAnsiEncoding",
                "family_name": "Titlingmes New Roman PSMT",
                "font_type": "TrueType",
                "italic": false,
                "monospaced": false,
                "name": "TimesNewRomanPSMT",
                "subset": false,
                "weight": 400
            },
            "HasClip": true,
            "Page": 0,
            "Path": "//Document/L/LI[2]/LBody/ParagraphSpan",
            "Text": "The present suit has been filed for permanent injunction against infringement of trademark, passing off, dilution and other reliefs. Plaintiff No.1-SPP Pumps Limited is a company based in England which is the owner and the registered proprietor of the mark ‘SPP PUMPS’. Plaintiff No.1 was acquired by Plaintiff No.2 -Kirloskar Brothers Ltd. through an Asset Purchase Agreement dated 6th November, 2003. The Plaintiffs are stated to be the leading manufacturers of centrifugal pumps and engineered pumping solutions in the world with 140 years of experience. The mark ‘SPP PUMPS’ was adopted by the Plaintiffs in the year 1961. The Plaintiffs have also used the mark in a logo form which is extracted below: ",
            "TextSize": 14.039993286132812
        },
        {
            "Bounds": [
                264.6000061035156,
                108.1300048828125,
                418.6999969482422,
                199.67999267578125
            ],
            "ClipBounds": [
                264.6000061035156,
                108.1300048828125,
                418.6999969482422,
                199.67999267578125
            ],
            "Page": 0,
            "Path": "//Document/L/LI[2]/LBody/Figure",
            "attributes": {
                "BBox": [
                    264.58899999999267,
                    108.14999999999782,
                    418.6629999999859,
                    199.7059999999983
                ],
                "Placement": "Block"
            }
        },
        {
            "Bounds": [
                126.02000427246094,
                717.54736328125,
                140.1199951171875,
                730.3097229003906
            ],
            "ClipBounds": [
                126.02000427246094,
                717.54736328125,
                140.1199951171875,
                730.3097229003906
            ],
            "Font": {
                "alt_family_name": "Titlingmes New Roman PSMT",
                "embedded": false,
                "encoding": "WinAnsiEncoding",
                "family_name": "Titlingmes New Roman PSMT",
                "font_type": "TrueType",
                "italic": false,
                "monospaced": false,
                "name": "TimesNewRomanPSMT",
                "subset": false,
                "weight": 400
            },
            "HasClip": true,
            "Page": 1,
            "Path": "//Document/L/LI[3]/Lbl",
            "Text": "3. ",
            "TextSize": 14.039993286132812
        },
        {
            "Bounds": [
                397.11000061035156,
                468.0500030517578,
                550.1399993896484,
                492.1999969482422
            ],
            "ClipBounds": [
                397.11000061035156,
                468.0500030517578,
                550.1399993896484,
                492.1999969482422
            ],
            "Font": {
                "alt_family_name": "Titlingmes New Roman PSMT",
                "embedded": false,
                "encoding": "WinAnsiEncoding",
                "family_name": "Titlingmes New Roman PSMT",
                "font_type": "TrueType",
                "italic": false,
                "monospaced": false,
                "name": "TimesNewRomanPSMT",
                "subset": false,
                "weight": 400
            },
            "HasClip": true,
            "Page": 1,
            "Path": "//Document/L/LI[3]/LBody/StyleSpan/Reference",
            "Text": "www.kirloskarpumps.com",
            "TextSize": 14.039993286132812
        },
        {
            "Bounds": [
                126.02000427246094,
                468.0500030517578,
                561.0058898925781,
                730.3097229003906
            ],
            "ClipBounds": [
                126.02000427246094,
                468.0500030517578,
                561.0058898925781,
                730.3097229003906
            ],
            "Font": {
                "alt_family_name": "Titlingmes New Roman PSMT",
                "embedded": false,
                "encoding": "WinAnsiEncoding",
                "family_name": "Titlingmes New Roman PSMT",
                "font_type": "TrueType",
                "italic": false,
                "monospaced": false,
                "name": "TimesNewRomanPSMT",
                "subset": false,
                "weight": 400
            },
            "HasClip": true,
            "Page": 1,
            "Path": "//Document/L/LI[3]/LBody",
            "Text": "The said mark was adopted in the year 1961 and it is an acronym of ‘Sigmund Pulsometer Pumps’. It is the case of the Plaintiffs that the said mark is a coined word/abbreviation and is highly distinctive of its products. The global annual sales of the Plaintiffs is to the tune of Rs.443 crores in the year 2020. The sales in India for the corresponding period is to the tune of Rs.10 crores. The Plaintiffs have registration for the mark ‘SPP PUMPS’ in India since 2021 in class 9 with the user claim from November 2011. The Plaintiffs have several trademark applications for the said mark in classes 37 and 7 which are pending registration. The Plaintiffs have used the mark ‘SPP PUMPS’ extensively in India and promoted the same including through their websites (<http://www.spppumps.com/>)www.spppumps.com and . ",
            "TextSize": 14.039993286132812
        },
        {
            "Bounds": [
                126.02000427246094,
                451.8373565673828,
                140.1199951171875,
                464.59971618652344
            ],
            "ClipBounds": [
                126.02000427246094,
                451.8373565673828,
                140.1199951171875,
                464.59971618652344
            ],
            "Font": {
                "alt_family_name": "Titlingmes New Roman PSMT",
                "embedded": false,
                "encoding": "WinAnsiEncoding",
                "family_name": "Titlingmes New Roman PSMT",
                "font_type": "TrueType",
                "italic": false,
                "monospaced": false,
                "name": "TimesNewRomanPSMT",
                "subset": false,
                "weight": 400
            },
            "HasClip": true,
            "Page": 1,
            "Path": "//Document/L/LI[4]/Lbl",
            "Text": "4. ",
            "TextSize": 14.039993286132812
        },
        {
            "Bounds": [
                126.02000427246094,
                331.0973663330078,
                560.974365234375,
                464.59971618652344
            ],
            "ClipBounds": [
                126.02000427246094,
                331.0973663330078,
                560.974365234375,
                464.59971618652344
            ],
            "Font": {
                "alt_family_name": "Titlingmes New Roman PSMT",
                "embedded": false,
                "encoding": "WinAnsiEncoding",
                "family_name": "Titlingmes New Roman PSMT",
                "font_type": "TrueType",
                "italic": false,
                "monospaced": false,
                "name": "TimesNewRomanPSMT",
                "subset": false,
                "weight": 400
            },
            "HasClip": true,
            "Page": 1,
            "Path": "//Document/L/LI[4]/LBody/ParagraphSpan",
            "Text": "The grievance of the Plaintiffs in the present suit is that the Defendant-SP Parvathy Industries is a sole proprietary concern of Mr. Selvaraj Premkumar who is located in Coimbatore. The Defendant started using the mark ‘SPP PUMP’ for products including screw pumps. For the said products, the Defendant had adopted the mark ‘SPP PUMP’ in different logo forms which are set out below: ",
            "TextSize": 14.039993286132812
        },
        {
            "Bounds": [
                208.4499969482422,
                194.27999877929688,
                474.6999969482422,
                311.17999267578125
            ],
            "ClipBounds": [
                208.4499969482422,
                194.27999877929688,
                474.6999969482422,
                311.17999267578125
            ],
            "Page": 1,
            "Path": "//Document/L/LI[4]/LBody/Figure",
            "attributes": {
                "BBox": [
                    208.43199999999342,
                    194.30599999999686,
                    474.7009999999864,
                    311.18199999998615
                ],
                "Placement": "Block"
            }
        },
        {
            "Bounds": [
                126.02000427246094,
                146.02735900878906,
                140.1199951171875,
                158.7897186279297
            ],
            "ClipBounds": [
                126.02000427246094,
                146.02735900878906,
                140.1199951171875,
                158.7897186279297
            ],
            "Font": {
                "alt_family_name": "Titlingmes New Roman PSMT",
                "embedded": false,
                "encoding": "WinAnsiEncoding",
                "family_name": "Titlingmes New Roman PSMT",
                "font_type": "TrueType",
                "italic": false,
                "monospaced": false,
                "name": "TimesNewRomanPSMT",
                "subset": false,
                "weight": 400
            },
            "HasClip": true,
            "Page": 1,
            "Path": "//Document/L/LI[5]/Lbl",
            "Text": "5. ",
            "TextSize": 14.039993286132812
        },
        {
            "Bounds": [
                126.02000427246094,
                121.8792724609375,
                560.9806213378906,
                160.33700561523438
            ],
            "ClipBounds": [
                126.02000427246094,
                121.8792724609375,
                560.9806213378906,
                160.33700561523438
            ],
            "Font": {
                "alt_family_name": "Titlingmes New Roman PSMT",
                "embedded": true,
                "encoding": "Identity-H",
                "family_name": "Titlingmes New Roman PSMT",
                "font_type": "CIDFontType2",
                "italic": false,
                "monospaced": false,
                "name": "TimesNewRomanPSMT",
                "subset": false,
                "weight": 400
            },
            "HasClip": true,
            "Page": 1,
            "Path": "//Document/L/LI[5]/LBody/ParagraphSpan",
            "Text": "The Plaintiffs issued a cease-and-desist notice dated 14th October, 2021 upon acquiring knowledge of the Defendant’s use of the mark ‘SPP ",
            "TextSize": 14.039993286132812
        },
        {
            "Bounds": [
                126.02000427246094,
                500.1973571777344,
                560.9658660888672,
                733.1879272460938
            ],
            "ClipBounds": [
                126.02000427246094,
                500.1973571777344,
                560.9658660888672,
                733.1879272460938
            ],
            "Font": {
                "alt_family_name": "Titlingmes New Roman PSMT",
                "embedded": false,
                "encoding": "WinAnsiEncoding",
                "family_name": "Titlingmes New Roman PSMT",
                "font_type": "TrueType",
                "italic": false,
                "monospaced": false,
                "name": "TimesNewRomanPSMT",
                "subset": false,
                "weight": 400
            },
            "HasClip": true,
            "Page": 2,
            "Path": "//Document/L/LI[5]/LBody/ParagraphSpan[2]",
            "Text": "PUMP’ asking the Defendant to cease all use and advertising of products bearing the mark ‘SPP PUMP’ as a trade mark, trade name, part of domain name, etc. Since then, several letters have been exchanged between the Plaintiffs and the Defendant. In response to one of the letters dated 11th January 2022 sent on behalf of the Plaintiffs, the Defendant sent a reply through its counsel stating that it would be giving up the said mark/ name and that the Defendant has initiated steps to change the mark and name which would be effected in due course after complying with the registration formalities in this regard. The relevant paragraphs of the said letter are extracted herein below: ",
            "TextSize": 14.039993286132812
        },
        {
            "Bounds": [
                126.05000305175781,
                206.8300018310547,
                557.1999969482422,
                634.8800048828125
            ],
            "ClipBounds": [
                126.05000305175781,
                206.8300018310547,
                557.1999969482422,
                634.8800048828125
            ],
            "HasClip": true,
            "Image": {
                "bits_per_component": 8,
                "colorspace": {
                    "Name": "DeviceRGB"
                },
                "data_length": 2061696,
                "height": 826,
                "resolution_horizontal": 138.94004821777344,
                "resolution_vertical": 138.93704223632812,
                "width": 832
            },
            "Page": 1,
            "Path": "//Document/Watermark[2]"
        },
        {
            "Bounds": [
                126.05000305175781,
                206.8300018310547,
                557.1999969482422,
                634.8800048828125
            ],
            "ClipBounds": [
                126.05000305175781,
                206.8300018310547,
                557.1999969482422,
                634.8800048828125
            ],
            "HasClip": true,
            "Image": {
                "bits_per_component": 8,
                "colorspace": {
                    "Name": "DeviceRGB"
                },
                "data_length": 2061696,
                "height": 826,
                "resolution_horizontal": 138.94004821777344,
                "resolution_vertical": 138.93704223632812,
                "width": 832
            },
            "Page": 2,
            "Path": "//Document/Watermark[3]"
        },
        {
            "Bounds": [
                183.0500030517578,
                243.6939239501953,
                497.93968200683594,
                489.0006408691406
            ],
            "ClipBounds": [
                183.0500030517578,
                243.6939239501953,
                497.93968200683594,
                489.0006408691406
            ],
            "Font": {
                "alt_family_name": "Titlingmes New Roman PS",
                "embedded": true,
                "encoding": "Identity-H",
                "family_name": "Titlingmes New Roman PS",
                "font_type": "CIDFontType2",
                "italic": true,
                "monospaced": false,
                "name": "TimesNewRomanPS-ItalicMT",
                "subset": false,
                "weight": 400
            },
            "HasClip": true,
            "Page": 2,
            "Path": "//Document/L[2]/LI/LBody",
            "Text": "“5. My client states that they are in right to use the alleged design/marks as shown in your letter, in the absence of your supportive documents that such design/marks were used earlier as trade marks by your client. However, as they have now come to know about the products/trade mark rights of your client and as they are a unit of very small means and as they prefer to disassociate with the confrontation with a giant organisation like your client, they have initiate steps to amend suitably the name of the their unit and the consequent short name for their product and the same will be effected in due course after complying with the registration formalities in this regard. Hence, my client would like to convey that you/your client may deter from further process in this regard and please be informed accordingly.” ",
            "TextSize": 13.55999755859375
        },
        {
            "Bounds": [
                126.02000427246094,
                217.81736755371094,
                140.1199951171875,
                230.57972717285156
            ],
            "ClipBounds": [
                126.02000427246094,
                217.81736755371094,
                140.1199951171875,
                230.57972717285156
            ],
            "Font": {
                "alt_family_name": "Titlingmes New Roman PSMT",
                "embedded": false,
                "encoding": "WinAnsiEncoding",
                "family_name": "Titlingmes New Roman PSMT",
                "font_type": "TrueType",
                "italic": false,
                "monospaced": false,
                "name": "TimesNewRomanPSMT",
                "subset": false,
                "weight": 400
            },
            "HasClip": true,
            "Page": 2,
            "Path": "//Document/L[3]/LI/Lbl",
            "Text": "6. ",
            "TextSize": 14.039993286132812
        },
        {
            "Bounds": [
                126.02000427246094,
                121.18736267089844,
                560.8910827636719,
                230.57972717285156
            ],
            "ClipBounds": [
                126.02000427246094,
                121.18736267089844,
                560.8910827636719,
                230.57972717285156
            ],
            "Font": {
                "alt_family_name": "Titlingmes New Roman PSMT",
                "embedded": false,
                "encoding": "WinAnsiEncoding",
                "family_name": "Titlingmes New Roman PSMT",
                "font_type": "TrueType",
                "italic": false,
                "monospaced": false,
                "name": "TimesNewRomanPSMT",
                "subset": false,
                "weight": 400
            },
            "HasClip": true,
            "Page": 2,
            "Path": "//Document/L[3]/LI/LBody/ParagraphSpan",
            "Text": "As per the above letter, the Defendant agreed to give up the mark, however, no timeline was indicated within which the changes were to be effected. The Plaintiffs’ counsel again wrote back to the Defendant on 22nd February, 2022 and sought an undertaking from the Defendant that the mark be changed within a period of 30 days after completing the requisite ",
            "TextSize": 14.039993286132812
        },
        {
            "Bounds": [
                126.02000427246094,
                572.7073669433594,
                560.9730072021484,
                730.3097229003906
            ],
            "ClipBounds": [
                126.02000427246094,
                572.7073669433594,
                560.9730072021484,
                730.3097229003906
            ],
            "Font": {
                "alt_family_name": "Titlingmes New Roman PSMT",
                "embedded": false,
                "encoding": "WinAnsiEncoding",
                "family_name": "Titlingmes New Roman PSMT",
                "font_type": "TrueType",
                "italic": false,
                "monospaced": false,
                "name": "TimesNewRomanPSMT",
                "subset": false,
                "weight": 400
            },
            "HasClip": true,
            "Page": 3,
            "Path": "//Document/L[3]/LI/LBody/ParagraphSpan[2]",
            "Text": "registrations and formalities. In response to this letter, on 17th March, 2022, the counsel of Defendant wrote back assuring the Plaintiff that the Defendant is in the process of honouring the commitment `in due course’ however, no specific deadline can be put in place. Since there was no deadline which was fixed by the Defendant, the Plaintiffs got further enquiry done which revealed that Defendant was continuing to use the mark. Hence the present suit. ",
            "TextSize": 14.039993286132812
        },
        {
            "Bounds": [
                126.05000305175781,
                206.8300018310547,
                557.1999969482422,
                634.8800048828125
            ],
            "ClipBounds": [
                126.05000305175781,
                206.8300018310547,
                557.1999969482422,
                634.8800048828125
            ],
            "HasClip": true,
            "Image": {
                "bits_per_component": 8,
                "colorspace": {
                    "Name": "DeviceRGB"
                },
                "data_length": 2061696,
                "height": 826,
                "resolution_horizontal": 138.94004821777344,
                "resolution_vertical": 138.93704223632812,
                "width": 832
            },
            "Page": 3,
            "Path": "//Document/Watermark[4]"
        },
        {
            "Bounds": [
                126.02000427246094,
                548.4373626708984,
                140.1199951171875,
                561.1997222900391
            ],
            "ClipBounds": [
                126.02000427246094,
                548.4373626708984,
                140.1199951171875,
                561.1997222900391
            ],
            "Font": {
                "alt_family_name": "Titlingmes New Roman PSMT",
                "embedded": false,
                "encoding": "WinAnsiEncoding",
                "family_name": "Titlingmes New Roman PSMT",
                "font_type": "TrueType",
                "italic": false,
                "monospaced": false,
                "name": "TimesNewRomanPSMT",
                "subset": false,
                "weight": 400
            },
            "HasClip": true,
            "Page": 3,
            "Path": "//Document/L[4]/LI/Lbl",
            "Text": "7. ",
            "TextSize": 14.039993286132812
        },
        {
            "Bounds": [
                126.02000427246094,
                451.8373565673828,
                560.8377990722656,
                561.1997222900391
            ],
            "ClipBounds": [
                126.02000427246094,
                451.8373565673828,
                560.8377990722656,
                561.1997222900391
            ],
            "Font": {
                "alt_family_name": "Titlingmes New Roman PSMT",
                "embedded": false,
                "encoding": "WinAnsiEncoding",
                "family_name": "Titlingmes New Roman PSMT",
                "font_type": "TrueType",
                "italic": false,
                "monospaced": false,
                "name": "TimesNewRomanPSMT",
                "subset": false,
                "weight": 400
            },
            "HasClip": true,
            "Page": 3,
            "Path": "//Document/L[4]/LI/LBody/ParagraphSpan",
            "Text": "The matter was listed on 3rd June, 2022. On the said date, the sole proprietor of the Defendant-Mr. Selvaraj Premkumar joined the proceedings virtually. He agreed to change the name of his unit and has sought time for three to four months to do so. Under such circumstances, the following directions were issued: ",
            "TextSize": 14.039993286132812
        },
        {
            "Bounds": [
                182.69000244140625,
                218.4173583984375,
                498.2543182373047,
                440.49375915527344
            ],
            "ClipBounds": [
                182.69000244140625,
                218.4173583984375,
                498.2543182373047,
                440.49375915527344
            ],
            "Font": {
                "alt_family_name": "Titlingmes New Roman PS",
                "embedded": false,
                "encoding": "WinAnsiEncoding",
                "family_name": "Titlingmes New Roman PS",
                "font_type": "TrueType",
                "italic": true,
                "monospaced": false,
                "name": "TimesNewRomanPS-ItalicMT",
                "subset": false,
                "weight": 400
            },
            "HasClip": true,
            "Page": 3,
            "Path": "//Document/L[4]/LI/LBody/L/LI/LBody",
            "Text": "“18. Upon receiving the advance copy of the suit, Mr. Selvaraj Premkumar, the sole proprietor, has joined the proceedings virtually. He has also written an email to ld. Counsel for the Plaintiffs yesterday i.e., 2nd June, 2022 that he has no issue in changing the name of his unit. It was also claimed in the said email that the product of the Defendant is different from that of the Plaintiff. In the email he sought time of three to four months to change the name and mark so as to enable him to get the name rectified in the GST account and also in the bank account, IndiaMart and other websites. E-mail dated 2nd June, 2022 sent by the Defendant has been placed before the Court and the same reads as under: ",
            "TextSize": 14.039993286132812
        },
        {
            "Bounds": [
                207.0500030517578,
                202.8939208984375,
                264.5579528808594,
                218.02688598632812
            ],
            "ClipBounds": [
                207.0500030517578,
                202.8939208984375,
                264.5579528808594,
                218.02688598632812
            ],
            "Font": {
                "alt_family_name": "Titlingmes New Roman PS",
                "embedded": true,
                "encoding": "Identity-H",
                "family_name": "Titlingmes New Roman PS",
                "font_type": "CIDFontType2",
                "italic": true,
                "monospaced": false,
                "name": "TimesNewRomanPS-ItalicMT",
                "subset": false,
                "weight": 400
            },
            "HasClip": true,
            "Lang": "en",
            "Page": 3,
            "Path": "//Document/P[4]",
            "Text": "“Hi mam, ",
            "TextSize": 13.55999755859375,
            "attributes": {
                "LineHeight": 16.25
            }
        },
        {
            "Bounds": [
                207.0500030517578,
                109.77104187011719,
                453.5537109375,
                199.75064086914062
            ],
            "ClipBounds": [
                207.0500030517578,
                109.77104187011719,
                453.5537109375,
                199.75064086914062
            ],
            "Font": {
                "alt_family_name": "Titlingmes New Roman PS",
                "embedded": false,
                "encoding": "WinAnsiEncoding",
                "family_name": "Titlingmes New Roman PS",
                "font_type": "TrueType",
                "italic": true,
                "monospaced": false,
                "name": "TimesNewRomanPS-BoldItalicMT",
                "subset": false,
                "weight": 700
            },
            "HasClip": true,
            "Page": 3,
            "Path": "//Document/P[5]/ParagraphSpan",
            "Text": "We apologize for the inconvice and miscommunication occurred. We have no issue in changing the name as we said before, since our product is totally different from your clients products. The only problem is we need some time to change ",
            "TextSize": 13.55999755859375
        },
        {
            "Bounds": [
                207.0500030517578,
                376.53392028808594,
                453.5653839111328,
                730.2401275634766
            ],
            "ClipBounds": [
                207.0500030517578,
                376.53392028808594,
                453.5653839111328,
                730.2401275634766
            ],
            "Font": {
                "alt_family_name": "Titlingmes New Roman PS",
                "embedded": true,
                "encoding": "Identity-H",
                "family_name": "Titlingmes New Roman PS",
                "font_type": "CIDFontType2",
                "italic": true,
                "monospaced": false,
                "name": "TimesNewRomanPS-ItalicMT",
                "subset": false,
                "weight": 400
            },
            "HasClip": true,
            "Page": 4,
            "Path": "//Document/P[5]/ParagraphSpan[2]",
            "Text": "the name of the comapny in GST and banks. since we have GST pending tax ..to be done and once the tax is paid and kept updated only we are eligible to change the name of our company.. since there was a huge crash after the Ukraine war we have some pending payment from our client and with that only we can pay the gst amount and I am 22 years old young person doesn't have any past experience in legal things I kindly ask you please solve this issue without making it big and give me some time period of 3 to 4 months to change the gst name which will be reflected in banking account, IndiaMART and other website's and am not much big background person to face this issue by traveling to Delhi court for each hearing and my mom, me and my workers are all dependent on this business only and with small unit of 3 -5 workers only we are running the unit .so please consider it and if any thing regarding this case please do contact me at any time.” ",
            "TextSize": 13.55999755859375
        },
        {
            "Bounds": [
                126.05000305175781,
                206.8300018310547,
                557.1999969482422,
                634.8800048828125
            ],
            "ClipBounds": [
                126.05000305175781,
                206.8300018310547,
                557.1999969482422,
                634.8800048828125
            ],
            "HasClip": true,
            "Image": {
                "bits_per_component": 8,
                "colorspace": {
                    "Name": "DeviceRGB"
                },
                "data_length": 2061696,
                "height": 826,
                "resolution_horizontal": 138.94004821777344,
                "resolution_vertical": 138.93704223632812,
                "width": 832
            },
            "Page": 4,
            "Path": "//Document/Watermark[5]"
        },
        {
            "Bounds": [
                182.69000244140625,
                360.4973602294922,
                203.83424377441406,
                373.2737579345703
            ],
            "ClipBounds": [
                182.69000244140625,
                360.4973602294922,
                203.83424377441406,
                373.2737579345703
            ],
            "Font": {
                "alt_family_name": "Titlingmes New Roman PS",
                "embedded": false,
                "encoding": "WinAnsiEncoding",
                "family_name": "Titlingmes New Roman PS",
                "font_type": "TrueType",
                "italic": true,
                "monospaced": false,
                "name": "TimesNewRomanPS-ItalicMT",
                "subset": false,
                "weight": 400
            },
            "HasClip": true,
            "Page": 4,
            "Path": "//Document/L[5]/LI/Lbl",
            "Text": "19. ",
            "TextSize": 14.039993286132812
        },
        {
            "Bounds": [
                182.69000244140625,
                279.94927978515625,
                498.10997009277344,
                373.2737579345703
            ],
            "ClipBounds": [
                182.69000244140625,
                279.94927978515625,
                498.10997009277344,
                373.2737579345703
            ],
            "Font": {
                "alt_family_name": "Titlingmes New Roman PS",
                "embedded": true,
                "encoding": "Identity-H",
                "family_name": "Titlingmes New Roman PS",
                "font_type": "CIDFontType2",
                "italic": true,
                "monospaced": false,
                "name": "TimesNewRomanPS-ItalicMT",
                "subset": false,
                "weight": 400
            },
            "HasClip": true,
            "Page": 4,
            "Path": "//Document/L[5]/LI/LBody",
            "Text": "Upon being queried by the Court, the Defendant submits that if adequate time is granted the Defendant would change its name and mark. However, it is pointed out by ld. Counsel for the Plaintiff that the Defendant is intending to use the mark ‘SPPI’ in place on ‘SPP’. ",
            "TextSize": 14.039993286132812
        },
        {
            "Bounds": [
                182.69000244140625,
                263.89735412597656,
                203.83424377441406,
                276.67376708984375
            ],
            "ClipBounds": [
                182.69000244140625,
                263.89735412597656,
                203.83424377441406,
                276.67376708984375
            ],
            "Font": {
                "alt_family_name": "Titlingmes New Roman PS",
                "embedded": false,
                "encoding": "WinAnsiEncoding",
                "family_name": "Titlingmes New Roman PS",
                "font_type": "TrueType",
                "italic": true,
                "monospaced": false,
                "name": "TimesNewRomanPS-ItalicMT",
                "subset": false,
                "weight": 400
            },
            "HasClip": true,
            "Page": 4,
            "Path": "//Document/L[5]/LI[2]/Lbl",
            "Text": "20. ",
            "TextSize": 14.039993286132812
        },
        {
            "Bounds": [
                182.69000244140625,
                118.8792724609375,
                498.1578369140625,
                276.67376708984375
            ],
            "ClipBounds": [
                182.69000244140625,
                118.8792724609375,
                498.1578369140625,
                276.67376708984375
            ],
            "Font": {
                "alt_family_name": "Titlingmes New Roman PS",
                "embedded": true,
                "encoding": "Identity-H",
                "family_name": "Titlingmes New Roman PS",
                "font_type": "CIDFontType2",
                "italic": true,
                "monospaced": false,
                "name": "TimesNewRomanPS-ItalicMT",
                "subset": false,
                "weight": 400
            },
            "HasClip": true,
            "Page": 4,
            "Path": "//Document/L[5]/LI[2]/LBody/ParagraphSpan",
            "Text": "Heard the ld. Counsel for the Plaintiffs and the sole proprietor of the Defendant. The Plaintiffs have common law and statutory rights in the mark ‘SPP PUMPS’. Though, the Defendant is manufacturing a different kind of pump, both the Plaintiffs and the Defendant are in the same business and are using almost identical marks. In view of this fact, the Court is of the prima facie opinion that the Defendant is infringing the rights of the Plaintiff in the mark ‘SPP PUMPS’. Thus, in the opinion of the Court, ",
            "TextSize": 14.039993286132812
        },
        {
            "Bounds": [
                182.69000244140625,
                556.4773559570312,
                498.1537628173828,
                730.3237609863281
            ],
            "ClipBounds": [
                182.69000244140625,
                556.4773559570312,
                498.1537628173828,
                730.3237609863281
            ],
            "Font": {
                "alt_family_name": "Titlingmes New Roman PS",
                "embedded": false,
                "encoding": "WinAnsiEncoding",
                "family_name": "Titlingmes New Roman PS",
                "font_type": "TrueType",
                "italic": true,
                "monospaced": false,
                "name": "TimesNewRomanPS-ItalicMT",
                "subset": false,
                "weight": 400
            },
            "HasClip": true,
            "Page": 5,
            "Path": "//Document/L[5]/LI[2]/LBody/ParagraphSpan[2]/StyleSpan",
            "Text": "the Defendant ought to change the name/mark. The Defendant shall accordingly, stand restrained from using the mark ‘SPP’, ‘SPP PUMPS’, ‘SPPI’ ‘SPPI PUMPS’ or any other name or mark that is identical or deceptively similar to the Plaintiff’s mark ‘SPP’ or ‘SPP PUMPS’ in respect of pumps or any other cognate and allied goods. However, since the Defendant has requested for time from the Court till 30th September, 2022 to change its name, the injunction shall come into operation with effect from 1st October, 2022. ",
            "TextSize": 14.039993286132812
        },
        {
            "Bounds": [
                126.05000305175781,
                206.8300018310547,
                557.1999969482422,
                634.8800048828125
            ],
            "ClipBounds": [
                126.05000305175781,
                206.8300018310547,
                557.1999969482422,
                634.8800048828125
            ],
            "HasClip": true,
            "Image": {
                "bits_per_component": 8,
                "colorspace": {
                    "Name": "DeviceRGB"
                },
                "data_length": 2061696,
                "height": 826,
                "resolution_horizontal": 138.94004821777344,
                "resolution_vertical": 138.93704223632812,
                "width": 832
            },
            "Page": 5,
            "Path": "//Document/Watermark[6]"
        },
        {
            "Bounds": [
                182.69000244140625,
                540.3973541259766,
                203.83424377441406,
                553.1737670898438
            ],
            "ClipBounds": [
                182.69000244140625,
                540.3973541259766,
                203.83424377441406,
                553.1737670898438
            ],
            "Font": {
                "alt_family_name": "Titlingmes New Roman PS",
                "embedded": false,
                "encoding": "WinAnsiEncoding",
                "family_name": "Titlingmes New Roman PS",
                "font_type": "TrueType",
                "italic": true,
                "monospaced": false,
                "name": "TimesNewRomanPS-ItalicMT",
                "subset": false,
                "weight": 400
            },
            "HasClip": true,
            "Page": 5,
            "Path": "//Document/L[6]/LI/Lbl",
            "Text": "21. ",
            "TextSize": 14.039993286132812
        },
        {
            "Bounds": [
                182.69000244140625,
                411.6092834472656,
                498.1600036621094,
                553.1737670898438
            ],
            "ClipBounds": [
                182.69000244140625,
                411.6092834472656,
                498.1600036621094,
                553.1737670898438
            ],
            "Font": {
                "alt_family_name": "Titlingmes New Roman PSMT",
                "embedded": true,
                "encoding": "Identity-H",
                "family_name": "Titlingmes New Roman PSMT",
                "font_type": "CIDFontType2",
                "italic": false,
                "monospaced": false,
                "name": "TimesNewRomanPSMT",
                "subset": false,
                "weight": 400
            },
            "HasClip": true,
            "Page": 5,
            "Path": "//Document/L[6]/LI/LBody/StyleSpan",
            "Text": "As and when the Defendant changes his name & mark, communication of the same shall be sent to ld. Counsel for the Plaintiff in which event the Court shall consider disposing of the suit on the next date. However, if the change is not effected within the stipulated time, the injunction shall come into operation from 1st October, 2022 and the Plaintiffs would be entitled to press for the relief of damages/ rendition of accounts.” ",
            "TextSize": 14.039993286132812
        },
        {
            "Bounds": [
                126.02000427246094,
                383.4173583984375,
                140.1199951171875,
                396.1797180175781
            ],
            "ClipBounds": [
                126.02000427246094,
                383.4173583984375,
                140.1199951171875,
                396.1797180175781
            ],
            "Font": {
                "alt_family_name": "Titlingmes New Roman PSMT",
                "embedded": false,
                "encoding": "WinAnsiEncoding",
                "family_name": "Titlingmes New Roman PSMT",
                "font_type": "TrueType",
                "italic": false,
                "monospaced": false,
                "name": "TimesNewRomanPSMT",
                "subset": false,
                "weight": 400
            },
            "HasClip": true,
            "Page": 5,
            "Path": "//Document/L[7]/LI/Lbl",
            "Text": "8. ",
            "TextSize": 14.039993286132812
        },
        {
            "Bounds": [
                312.92999267578125,
                109.86000061035156,
                423.8748474121094,
                134.00999450683594
            ],
            "ClipBounds": [
                312.92999267578125,
                109.86000061035156,
                423.8748474121094,
                134.00999450683594
            ],
            "Font": {
                "alt_family_name": "Titlingmes New Roman PSMT",
                "embedded": false,
                "encoding": "WinAnsiEncoding",
                "family_name": "Titlingmes New Roman PSMT",
                "font_type": "TrueType",
                "italic": false,
                "monospaced": false,
                "name": "TimesNewRomanPSMT",
                "subset": false,
                "weight": 400
            },
            "HasClip": true,
            "Page": 5,
            "Path": "//Document/L[7]/LI/LBody/ParagraphSpan/StyleSpan/Reference",
            "Text": "www.spppumps.in ",
            "TextSize": 14.039993286132812
        },
        {
            "Bounds": [
                126.02000427246094,
                109.86000061035156,
                560.9971618652344,
                396.1797180175781
            ],
            "ClipBounds": [
                126.02000427246094,
                109.86000061035156,
                560.9971618652344,
                396.1797180175781
            ],
            "Font": {
                "alt_family_name": "Titlingmes New Roman PSMT",
                "embedded": false,
                "encoding": "WinAnsiEncoding",
                "family_name": "Titlingmes New Roman PSMT",
                "font_type": "TrueType",
                "italic": false,
                "monospaced": false,
                "name": "TimesNewRomanPSMT",
                "subset": false,
                "weight": 400
            },
            "HasClip": true,
            "Page": 5,
            "Path": "//Document/L[7]/LI/LBody/ParagraphSpan",
            "Text": "Today, Mr. Selvaraj has joined the proceedings virtually and submits that he does not intend to use the mark ‘SPP’, ‘SPP PUMPS’, ‘SPPI’ & ‘SPPI Pumps’ or any other mark that is identical or deceptively similar to the Plaintiff’s mark in future and he has no objection if a permanent injunction is granted in favour of the Plaintiff. Ld. Counsel for the Plaintiff as also Mr. Selvaraj submit that the Defendant has now changed its name to ‘Flow Easy Cavity Pumping System’. Ld. Counsel for the Plaintiff has handed over to the Court the documents to show that the Defendant has informed them that he has effected the said change in the GST records, Registrar of Companies records, IndiaMart listing, Facebook, Twitter, Instagram and other social media platforms. Mr. Selvaraj further submits that the impugned domain name had expired and he has ",
            "TextSize": 14.039993286132812
        },
        {
            "Bounds": [
                379.9600067138672,
                709.5299987792969,
                546.2100067138672,
                733.6799926757812
            ],
            "ClipBounds": [
                379.9600067138672,
                709.5299987792969,
                546.2100067138672,
                733.6799926757812
            ],
            "Font": {
                "alt_family_name": "Titlingmes New Roman PSMT",
                "embedded": false,
                "encoding": "WinAnsiEncoding",
                "family_name": "Titlingmes New Roman PSMT",
                "font_type": "TrueType",
                "italic": false,
                "monospaced": false,
                "name": "TimesNewRomanPSMT",
                "subset": false,
                "weight": 400
            },
            "HasClip": true,
            "Page": 6,
            "Path": "//Document/L[7]/LI/LBody/ParagraphSpan[2]/StyleSpan/Reference",
            "Text": "www.fecpumpingsytem.com",
            "TextSize": 14.039993286132812
        },
        {
            "Bounds": [
                126.02000427246094,
                709.5299987792969,
                554.8500061035156,
                733.6799926757812
            ],
            "ClipBounds": [
                126.02000427246094,
                709.5299987792969,
                554.8500061035156,
                733.6799926757812
            ],
            "Font": {
                "alt_family_name": "Titlingmes New Roman PSMT",
                "embedded": false,
                "encoding": "WinAnsiEncoding",
                "family_name": "Titlingmes New Roman PSMT",
                "font_type": "TrueType",
                "italic": false,
                "monospaced": false,
                "name": "TimesNewRomanPSMT",
                "subset": false,
                "weight": 400
            },
            "HasClip": true,
            "Page": 6,
            "Path": "//Document/L[7]/LI/LBody/ParagraphSpan[2]",
            "Text": "moved the website on to a new domain name .  ",
            "TextSize": 14.039993286132812
        },
        {
            "Bounds": [
                126.05000305175781,
                206.8300018310547,
                557.1999969482422,
                634.8800048828125
            ],
            "ClipBounds": [
                126.05000305175781,
                206.8300018310547,
                557.1999969482422,
                634.8800048828125
            ],
            "HasClip": true,
            "Image": {
                "bits_per_component": 8,
                "colorspace": {
                    "Name": "DeviceRGB"
                },
                "data_length": 2061696,
                "height": 826,
                "resolution_horizontal": 138.94004821777344,
                "resolution_vertical": 138.93704223632812,
                "width": 832
            },
            "Page": 6,
            "Path": "//Document/Watermark[7]"
        },
        {
            "Bounds": [
                126.02000427246094,
                693.4273529052734,
                140.24124145507812,
                706.1897125244141
            ],
            "ClipBounds": [
                126.02000427246094,
                693.4273529052734,
                140.24124145507812,
                706.1897125244141
            ],
            "Font": {
                "alt_family_name": "Titlingmes New Roman PSMT",
                "embedded": false,
                "encoding": "WinAnsiEncoding",
                "family_name": "Titlingmes New Roman PSMT",
                "font_type": "TrueType",
                "italic": false,
                "monospaced": false,
                "name": "TimesNewRomanPSMT",
                "subset": false,
                "weight": 400
            },
            "HasClip": true,
            "Page": 6,
            "Path": "//Document/L[8]/LI/Lbl",
            "Text": "9. ",
            "TextSize": 14.039993286132812
        },
        {
            "Bounds": [
                420.8399963378906,
                540.5,
                530.3399963378906,
                564.6399993896484
            ],
            "ClipBounds": [
                420.8399963378906,
                540.5,
                530.3399963378906,
                564.6399993896484
            ],
            "Font": {
                "alt_family_name": "Titlingmes New Roman PSMT",
                "embedded": false,
                "encoding": "WinAnsiEncoding",
                "family_name": "Titlingmes New Roman PSMT",
                "font_type": "TrueType",
                "italic": false,
                "monospaced": false,
                "name": "TimesNewRomanPSMT",
                "subset": false,
                "weight": 400
            },
            "HasClip": true,
            "Page": 6,
            "Path": "//Document/L[8]/LI/LBody/StyleSpan/Reference",
            "Text": "www.spppumps.in",
            "TextSize": 14.039993286132812
        },
        {
            "Bounds": [
                126.02000427246094,
                500.1973571777344,
                561.0276031494141,
                706.1897125244141
            ],
            "ClipBounds": [
                126.02000427246094,
                500.1973571777344,
                561.0276031494141,
                706.1897125244141
            ],
            "Font": {
                "alt_family_name": "Titlingmes New Roman PSMT",
                "embedded": false,
                "encoding": "WinAnsiEncoding",
                "family_name": "Titlingmes New Roman PSMT",
                "font_type": "TrueType",
                "italic": false,
                "monospaced": false,
                "name": "TimesNewRomanPSMT",
                "subset": false,
                "weight": 400
            },
            "HasClip": true,
            "Page": 6,
            "Path": "//Document/L[8]/LI/LBody",
            "Text": "Accordingly, taking on record the statement of Mr. Selvaraj and accepting the same, a decree of permanent injunction is granted in favour of the Plaintiff restraining the Defendant or anyone acting for or on its behalf from manufacturing, selling, offering for sale pumps or any other cognate or allied goods bearing the mark ‘SPP’, ‘SPP PUMPS’, ‘SPPI’, ‘SPPI PUMS’ or any other mark that is identical or deceptively similar to the Plaintiff’s mark/logo SPP as also from using the domain name . The reliefs prayed in paragraph 78 (f), (g), (h), of the plaint are satisfied. The relief of rendition of accounts is not pressed. ",
            "TextSize": 14.039993286132812
        },
        {
            "Bounds": [
                126.02000427246094,
                476.0773620605469,
                147.3216552734375,
                488.8397216796875
            ],
            "ClipBounds": [
                126.02000427246094,
                476.0773620605469,
                147.3216552734375,
                488.8397216796875
            ],
            "Font": {
                "alt_family_name": "Titlingmes New Roman PSMT",
                "embedded": false,
                "encoding": "WinAnsiEncoding",
                "family_name": "Titlingmes New Roman PSMT",
                "font_type": "TrueType",
                "italic": false,
                "monospaced": false,
                "name": "TimesNewRomanPSMT",
                "subset": false,
                "weight": 400
            },
            "HasClip": true,
            "Page": 6,
            "Path": "//Document/L[8]/LI[2]/Lbl",
            "Text": "10. ",
            "TextSize": 14.039993286132812
        },
        {
            "Bounds": [
                126.02000427246094,
                427.7173614501953,
                560.9237213134766,
                488.8397216796875
            ],
            "ClipBounds": [
                126.02000427246094,
                427.7173614501953,
                560.9237213134766,
                488.8397216796875
            ],
            "Font": {
                "alt_family_name": "Titlingmes New Roman PSMT",
                "embedded": false,
                "encoding": "WinAnsiEncoding",
                "family_name": "Titlingmes New Roman PSMT",
                "font_type": "TrueType",
                "italic": false,
                "monospaced": false,
                "name": "TimesNewRomanPSMT",
                "subset": false,
                "weight": 400
            },
            "HasClip": true,
            "Page": 6,
            "Path": "//Document/L[8]/LI[2]/LBody",
            "Text": "The documents handed over today by ld. Counsel for the Plaintiff are taken on record which contain the email of the Defendant 20th August, 2022 and other related documents. ",
            "TextSize": 14.039993286132812
        },
        {
            "Bounds": [
                126.02000427246094,
                403.5973663330078,
                147.1999969482422,
                416.35972595214844
            ],
            "ClipBounds": [
                126.02000427246094,
                403.5973663330078,
                147.1999969482422,
                416.35972595214844
            ],
            "Font": {
                "alt_family_name": "Titlingmes New Roman PSMT",
                "embedded": false,
                "encoding": "WinAnsiEncoding",
                "family_name": "Titlingmes New Roman PSMT",
                "font_type": "TrueType",
                "italic": false,
                "monospaced": false,
                "name": "TimesNewRomanPSMT",
                "subset": false,
                "weight": 400
            },
            "HasClip": true,
            "Page": 6,
            "Path": "//Document/L[8]/LI[3]/Lbl",
            "Text": "11. ",
            "TextSize": 14.039993286132812
        },
        {
            "Bounds": [
                126.02000427246094,
                379.4573669433594,
                561.0073394775391,
                416.35972595214844
            ],
            "ClipBounds": [
                126.02000427246094,
                379.4573669433594,
                561.0073394775391,
                416.35972595214844
            ],
            "Font": {
                "alt_family_name": "Titlingmes New Roman PSMT",
                "embedded": false,
                "encoding": "WinAnsiEncoding",
                "family_name": "Titlingmes New Roman PSMT",
                "font_type": "TrueType",
                "italic": false,
                "monospaced": false,
                "name": "TimesNewRomanPSMT",
                "subset": false,
                "weight": 400
            },
            "HasClip": true,
            "Page": 6,
            "Path": "//Document/L[8]/LI[3]/LBody",
            "Text": "The suit is decreed in terms of paragraphs 78 (a), (b), (c) and (d) of the Plaint. Decree sheet be drawn, accordingly. ",
            "TextSize": 14.039993286132812
        },
        {
            "Bounds": [
                126.02000427246094,
                355.3373565673828,
                147.16424560546875,
                368.09971618652344
            ],
            "ClipBounds": [
                126.02000427246094,
                355.3373565673828,
                147.16424560546875,
                368.09971618652344
            ],
            "Font": {
                "alt_family_name": "Titlingmes New Roman PSMT",
                "embedded": false,
                "encoding": "WinAnsiEncoding",
                "family_name": "Titlingmes New Roman PSMT",
                "font_type": "TrueType",
                "italic": false,
                "monospaced": false,
                "name": "TimesNewRomanPSMT",
                "subset": false,
                "weight": 400
            },
            "HasClip": true,
            "Page": 6,
            "Path": "//Document/L[8]/LI[4]/Lbl",
            "Text": "12. ",
            "TextSize": 14.039993286132812
        },
        {
            "Bounds": [
                162.02000427246094,
                355.3373565673828,
                395.0815734863281,
                368.09971618652344
            ],
            "ClipBounds": [
                162.02000427246094,
                355.3373565673828,
                395.0815734863281,
                368.09971618652344
            ],
            "Font": {
                "alt_family_name": "Titlingmes New Roman PSMT",
                "embedded": false,
                "encoding": "WinAnsiEncoding",
                "family_name": "Titlingmes New Roman PSMT",
                "font_type": "TrueType",
                "italic": false,
                "monospaced": false,
                "name": "TimesNewRomanPSMT",
                "subset": false,
                "weight": 400
            },
            "HasClip": true,
            "Page": 6,
            "Path": "//Document/L[8]/LI[4]/LBody",
            "Text": "All pending applications are disposed of. ",
            "TextSize": 14.039993286132812
        },
        {
            "Bounds": [
                414.5800018310547,
                315.0173645019531,
                560.8206329345703,
                327.5550842285156
            ],
            "ClipBounds": [
                414.5800018310547,
                315.0173645019531,
                560.8206329345703,
                327.5550842285156
            ],
            "Font": {
                "alt_family_name": "Titlingmes New Roman PS",
                "embedded": false,
                "encoding": "WinAnsiEncoding",
                "family_name": "Titlingmes New Roman PS",
                "font_type": "TrueType",
                "italic": false,
                "monospaced": false,
                "name": "TimesNewRomanPS-BoldMT",
                "subset": false,
                "weight": 700
            },
            "HasClip": true,
            "Page": 6,
            "Path": "//Document/P[6]/Sub",
            "Text": "PRATHIBA M. SINGH ",
            "TextSize": 14.039993286132812,
            "attributes": {
                "Placement": "Block"
            }
        },
        {
            "Bounds": [
                461.97999572753906,
                298.93736267089844,
                512.973388671875,
                311.47508239746094
            ],
            "ClipBounds": [
                461.97999572753906,
                298.93736267089844,
                512.973388671875,
                311.47508239746094
            ],
            "Font": {
                "alt_family_name": "Titlingmes New Roman PS",
                "embedded": false,
                "encoding": "WinAnsiEncoding",
                "family_name": "Titlingmes New Roman PS",
                "font_type": "TrueType",
                "italic": false,
                "monospaced": false,
                "name": "TimesNewRomanPS-BoldMT",
                "subset": false,
                "weight": 700
            },
            "HasClip": true,
            "Page": 6,
            "Path": "//Document/P[6]/Sub[2]",
            "Text": "JUDGE ",
            "TextSize": 14.039993286132812,
            "attributes": {
                "Placement": "Block"
            }
        },
        {
            "Bounds": [
                126.02000427246094,
                282.85736083984375,
                282.6719512939453,
                295.6337585449219
            ],
            "ClipBounds": [
                126.02000427246094,
                282.85736083984375,
                282.6719512939453,
                295.6337585449219
            ],
            "Font": {
                "alt_family_name": "Titlingmes New Roman PS",
                "embedded": false,
                "encoding": "WinAnsiEncoding",
                "family_name": "Titlingmes New Roman PS",
                "font_type": "TrueType",
                "italic": true,
                "monospaced": false,
                "name": "TimesNewRomanPS-ItalicMT",
                "subset": false,
                "weight": 400
            },
            "HasClip": true,
            "Lang": "en",
            "Page": 6,
            "Path": "//Document/P[7]",
            "Text": "OCTOBER 10, 2022/dj/sk ",
            "TextSize": 14.039993286132812,
            "attributes": {
                "LineHeight": 16.875,
                "SpaceAfter": 18
            }
        }
    ],
    "pages": [
        {
            "boxes": {
                "CropBox": [
                    0.0,
                    0.0,
                    595.4400024414062,
                    841.6799926757812
                ],
                "MediaBox": [
                    0.0,
                    0.0,
                    595.4400024414062,
                    841.6799926757812
                ]
            },
            "height": 841.6799926757812,
            "is_scanned": false,
            "page_number": 0,
            "rotation": 0,
            "width": 595.4400024414062
        },
        {
            "boxes": {
                "CropBox": [
                    0.0,
                    0.0,
                    595.4400024414062,
                    841.6799926757812
                ],
                "MediaBox": [
                    0.0,
                    0.0,
                    595.4400024414062,
                    841.6799926757812
                ]
            },
            "height": 841.6799926757812,
            "is_scanned": false,
            "page_number": 1,
            "rotation": 0,
            "width": 595.4400024414062
        },
        {
            "boxes": {
                "CropBox": [
                    0.0,
                    0.0,
                    595.4400024414062,
                    841.6799926757812
                ],
                "MediaBox": [
                    0.0,
                    0.0,
                    595.4400024414062,
                    841.6799926757812
                ]
            },
            "height": 841.6799926757812,
            "is_scanned": false,
            "page_number": 2,
            "rotation": 0,
            "width": 595.4400024414062
        },
        {
            "boxes": {
                "CropBox": [
                    0.0,
                    0.0,
                    595.4400024414062,
                    841.6799926757812
                ],
                "MediaBox": [
                    0.0,
                    0.0,
                    595.4400024414062,
                    841.6799926757812
                ]
            },
            "height": 841.6799926757812,
            "is_scanned": false,
            "page_number": 3,
            "rotation": 0,
            "width": 595.4400024414062
        },
        {
            "boxes": {
                "CropBox": [
                    0.0,
                    0.0,
                    595.4400024414062,
                    841.6799926757812
                ],
                "MediaBox": [
                    0.0,
                    0.0,
                    595.4400024414062,
                    841.6799926757812
                ]
            },
            "height": 841.6799926757812,
            "is_scanned": false,
            "page_number": 4,
            "rotation": 0,
            "width": 595.4400024414062
        },
        {
            "boxes": {
                "CropBox": [
                    0.0,
                    0.0,
                    595.4400024414062,
                    841.6799926757812
                ],
                "MediaBox": [
                    0.0,
                    0.0,
                    595.4400024414062,
                    841.6799926757812
                ]
            },
            "height": 841.6799926757812,
            "is_scanned": false,
            "page_number": 5,
            "rotation": 0,
            "width": 595.4400024414062
        },
        {
            "boxes": {
                "CropBox": [
                    0.0,
                    0.0,
                    595.4400024414062,
                    841.6799926757812
                ],
                "MediaBox": [
                    0.0,
                    0.0,
                    595.4400024414062,
                    841.6799926757812
                ]
            },
            "height": 841.6799926757812,
            "is_scanned": false,
            "page_number": 6,
            "rotation": 0,
            "width": 595.4400024414062
        }
    ]
}