{
    "version": {
        "json_export": "184",
        "page_segmentation": "5",
        "schema": "1.1.0",
        "structure": "1.1006.0",
        "table_structure": "5"
    },
    "extended_metadata": {
        "ID_instance": "37 42 20 38 46 20 41 35 20 36 38 20 37 45 20 31 37 20 32 38 20 33 46 20 36 42 20 33 36 20 42 46 20 34 44 20 42 43 20 31 45 20 46 33 20 44 42 20 ",
        "ID_permanent": "46 46 20 32 31 20 41 44 20 39 46 20 38 38 20 42 35 20 42 32 20 31 31 20 30 41 20 30 30 20 36 37 20 34 35 20 38 42 20 36 42 20 43 36 20 32 33 20 ",
        "pdf_version": "1.6",
        "pdfa_compliance_level": "",
        "is_encrypted": false,
        "has_acroform": true,
        "is_digitally_signed": true,
        "pdfua_compliance_level": "",
        "page_count": 4,
        "has_embedded_files": false,
        "is_certified": false,
        "is_XFA": false,
        "language": "en-IN"
    },
    "elements": [
        {
            "Bounds": [
                185.64999389648438,
                265.97999572753906,
                497.6499938964844,
                575.7299957275391
            ],
            "ClipBounds": [
                185.64999389648438,
                265.97999572753906,
                497.6499938964844,
                575.7299957275391
            ],
            "HasClip": true,
            "Image": {
                "bits_per_component": 8,
                "colorspace": {
                    "Name": "DeviceRGB"
                },
                "data_length": 2061696,
                "height": 826,
                "resolution_horizontal": 192.0,
                "resolution_vertical": 192.0,
                "width": 832
            },
            "Page": 0,
            "Path": "//Document/Sect/Watermark"
        },
        {
            "Bounds": [
                126.02000427246094,
                717.54736328125,
                158.0287628173828,
                730.3097229003906
            ],
            "ClipBounds": [
                126.02000427246094,
                717.54736328125,
                158.0287628173828,
                730.3097229003906
            ],
            "Font": {
                "alt_family_name": "Titlingmes New Roman PSMT",
                "embedded": false,
                "encoding": "WinAnsiEncoding",
                "family_name": "Titlingmes New Roman PSMT",
                "font_type": "TrueType",
                "italic": false,
                "monospaced": false,
                "name": "TimesNewRomanPSMT",
                "subset": false,
                "weight": 400
            },
            "HasClip": true,
            "Lang": "en",
            "Page": 0,
            "Path": "//Document/Sect/P",
            "Text": "$~11 ",
            "TextSize": 14.039993286132812,
            "attributes": {
                "LineHeight": 16.875
            }
        },
        {
            "Bounds": [
                126.02000427246094,
                693.4273529052734,
                517.8919830322266,
                706.1897125244141
            ],
            "ClipBounds": [
                126.02000427246094,
                693.4273529052734,
                517.8919830322266,
                706.1897125244141
            ],
            "Font": {
                "alt_family_name": "Titlingmes New Roman PS",
                "embedded": false,
                "encoding": "WinAnsiEncoding",
                "family_name": "Titlingmes New Roman PS",
                "font_type": "TrueType",
                "italic": false,
                "monospaced": false,
                "name": "TimesNewRomanPS-BoldMT",
                "subset": false,
                "weight": 700
            },
            "HasClip": true,
            "Lang": "en",
            "Page": 0,
            "Path": "//Document/Sect/P[2]",
            "Text": "* IN THE  HIGH  COURT  OF DELHI  AT  NEW  DELHI ",
            "TextSize": 14.039993286132812,
            "attributes": {
                "LineHeight": 16.875
            }
        },
        {
            "Bounds": [
                346.8699951171875,
                668.1073608398438,
                560.8804016113281,
                682.2729949951172
            ],
            "ClipBounds": [
                346.8699951171875,
                668.1073608398438,
                560.8804016113281,
                682.2729949951172
            ],
            "Font": {
                "alt_family_name": "Titlingmes New Roman PS",
                "embedded": false,
                "encoding": "WinAnsiEncoding",
                "family_name": "Titlingmes New Roman PS",
                "font_type": "TrueType",
                "italic": true,
                "monospaced": false,
                "name": "TimesNewRomanPS-BoldItalicMT",
                "subset": false,
                "weight": 700
            },
            "HasClip": true,
            "Lang": "en",
            "Page": 0,
            "Path": "//Document/Sect/P[3]",
            "Text": "Date of Decision: 11th October, 2022 ",
            "TextSize": 14.039993286132812,
            "attributes": {
                "LineHeight": 16.875,
                "TextAlign": "End"
            }
        },
        {
            "Bounds": [
                126.02000427246094,
                642.787353515625,
                137.44850158691406,
                655.5497131347656
            ],
            "ClipBounds": [
                126.02000427246094,
                642.787353515625,
                137.44850158691406,
                655.5497131347656
            ],
            "Font": {
                "alt_family_name": "Titlingmes New Roman PSMT",
                "embedded": false,
                "encoding": "WinAnsiEncoding",
                "family_name": "Titlingmes New Roman PSMT",
                "font_type": "TrueType",
                "italic": false,
                "monospaced": false,
                "name": "TimesNewRomanPSMT",
                "subset": false,
                "weight": 400
            },
            "HasClip": true,
            "Page": 0,
            "Path": "//Document/Sect/L/LI/Lbl",
            "Text": "+ ",
            "TextSize": 14.039993286132812
        },
        {
            "Bounds": [
                162.02000427246094,
                642.787353515625,
                556.5299987792969,
                655.3250732421875
            ],
            "ClipBounds": [
                162.02000427246094,
                642.787353515625,
                556.5299987792969,
                655.3250732421875
            ],
            "Font": {
                "alt_family_name": "Titlingmes New Roman PS",
                "embedded": false,
                "encoding": "WinAnsiEncoding",
                "family_name": "Titlingmes New Roman PS",
                "font_type": "TrueType",
                "italic": false,
                "monospaced": false,
                "name": "TimesNewRomanPS-BoldMT",
                "subset": false,
                "weight": 700
            },
            "HasClip": true,
            "Page": 0,
            "Path": "//Document/Sect/L/LI/LBody",
            "Text": "CS (COMM) 478/2021 and I.A. 12799/2021, 3539/2022, 8512/2022 ",
            "TextSize": 14.039993286132812
        },
        {
            "Bounds": [
                162.02000427246094,
                618.6673583984375,
                420.94578552246094,
                631.4297180175781
            ],
            "ClipBounds": [
                162.02000427246094,
                618.6673583984375,
                420.94578552246094,
                631.4297180175781
            ],
            "Font": {
                "alt_family_name": "Titlingmes New Roman PSMT",
                "embedded": false,
                "encoding": "WinAnsiEncoding",
                "family_name": "Titlingmes New Roman PSMT",
                "font_type": "TrueType",
                "italic": false,
                "monospaced": false,
                "name": "TimesNewRomanPSMT",
                "subset": false,
                "weight": 400
            },
            "HasClip": true,
            "Lang": "en",
            "Page": 0,
            "Path": "//Document/Sect/P[4]",
            "Text": "VINOD SNACKS AND CONFECTIONERS ",
            "TextSize": 14.039993286132812,
            "attributes": {
                "LineHeight": 16.875
            }
        },
        {
            "Bounds": [
                162.02000427246094,
                522.037353515625,
                561.0599975585938,
                615.3497161865234
            ],
            "ClipBounds": [
                162.02000427246094,
                522.037353515625,
                561.0599975585938,
                615.3497161865234
            ],
            "Page": 0,
            "Path": "//Document/Sect/Table",
            "attributes": {
                "BBox": [
                    161.99299999999494,
                    525.1329999999725,
                    557.3769999999786,
                    613.2089999999735
                ],
                "NumCol": 4,
                "NumRow": 4,
                "Placement": "Block",
                "SpaceAfter": 13
            }
        },
        {
            "Bounds": [
                162.02000427246094,
                586.5073547363281,
                340.3300018310547,
                615.3497161865234
            ],
            "ClipBounds": [
                162.02000427246094,
                586.5073547363281,
                340.3300018310547,
                615.3497161865234
            ],
            "Page": 0,
            "Path": "//Document/Sect/Table/TR/TH",
            "attributes": {
                "BBox": [
                    161.99299999999494,
                    584.8899999999849,
                    339.34599999999045,
                    613.2089999999735
                ],
                "BlockAlign": "Before",
                "BorderColor": [
                    null,
                    [
                        0,
                        0,
                        0
                    ],
                    null,
                    [
                        0,
                        0,
                        0
                    ]
                ],
                "BorderStyle": [
                    "None",
                    "Solid",
                    "None",
                    "Solid"
                ],
                "BorderThickness": [
                    0,
                    1,
                    0,
                    1
                ],
                "ColIndex": 0,
                "Height": 28.375,
                "InlineAlign": "Start",
                "RowIndex": 0,
                "Width": 177.375
            }
        },
        {
            "Bounds": [
                162.02000427246094,
                602.5873565673828,
                340.3300018310547,
                615.3497161865234
            ],
            "ClipBounds": [
                162.02000427246094,
                602.5873565673828,
                340.3300018310547,
                615.3497161865234
            ],
            "Font": {
                "alt_family_name": "Titlingmes New Roman PSMT",
                "embedded": false,
                "encoding": "WinAnsiEncoding",
                "family_name": "Titlingmes New Roman PSMT",
                "font_type": "TrueType",
                "italic": false,
                "monospaced": false,
                "name": "TimesNewRomanPSMT",
                "subset": false,
                "weight": 400
            },
            "HasClip": true,
            "Lang": "en",
            "Page": 0,
            "Path": "//Document/Sect/Table/TR/TH/P",
            "Text": "PRIVATE LIMITED & ANR. ",
            "TextSize": 14.039993286132812,
            "attributes": {
                "LineHeight": 16.875
            }
        },
        {
            "Bounds": [
                270.0500030517578,
                586.5073547363281,
                325.6764831542969,
                599.2697143554688
            ],
            "ClipBounds": [
                270.0500030517578,
                586.5073547363281,
                325.6764831542969,
                599.2697143554688
            ],
            "Font": {
                "alt_family_name": "Titlingmes New Roman PSMT",
                "embedded": false,
                "encoding": "WinAnsiEncoding",
                "family_name": "Titlingmes New Roman PSMT",
                "font_type": "TrueType",
                "italic": false,
                "monospaced": false,
                "name": "TimesNewRomanPSMT",
                "subset": false,
                "weight": 400
            },
            "HasClip": true,
            "Lang": "en",
            "Page": 0,
            "Path": "//Document/Sect/Table/TR/TH/P[2]",
            "Text": "Through: ",
            "TextSize": 14.039993286132812,
            "attributes": {
                "LineHeight": 16.875
            }
        },
        {
            "Bounds": [
                342.07000732421875,
                586.5073547363281,
                366.24688720703125,
                599.2697143554688
            ],
            "ClipBounds": [
                342.07000732421875,
                586.5073547363281,
                366.24688720703125,
                599.2697143554688
            ],
            "Page": 0,
            "Path": "//Document/Sect/Table/TR/TH[2]",
            "attributes": {
                "BBox": [
                    339.34599999999045,
                    584.8899999999849,
                    367.90499999999884,
                    613.2089999999735
                ],
                "BlockAlign": "After",
                "BorderColor": [
                    null,
                    [
                        0,
                        0,
                        0
                    ],
                    [
                        0,
                        0,
                        0
                    ],
                    [
                        0,
                        0,
                        0
                    ]
                ],
                "BorderStyle": [
                    "None",
                    "Solid",
                    "Solid",
                    "Solid"
                ],
                "BorderThickness": [
                    0,
                    1,
                    1,
                    1
                ],
                "ColIndex": 1,
                "Height": 28.375,
                "InlineAlign": "Start",
                "RowIndex": 0,
                "Width": 28.5
            }
        },
        {
            "Bounds": [
                342.07000732421875,
                586.5073547363281,
                366.24688720703125,
                599.2697143554688
            ],
            "ClipBounds": [
                342.07000732421875,
                586.5073547363281,
                366.24688720703125,
                599.2697143554688
            ],
            "Font": {
                "alt_family_name": "Titlingmes New Roman PSMT",
                "embedded": false,
                "encoding": "WinAnsiEncoding",
                "family_name": "Titlingmes New Roman PSMT",
                "font_type": "TrueType",
                "italic": false,
                "monospaced": false,
                "name": "TimesNewRomanPSMT",
                "subset": false,
                "weight": 400
            },
            "HasClip": true,
            "Lang": "en",
            "Page": 0,
            "Path": "//Document/Sect/Table/TR/TH[2]/P",
            "Text": "Mr. ",
            "TextSize": 14.039993286132812,
            "attributes": {
                "LineHeight": 16.875
            }
        },
        {
            "Bounds": [
                373.27000427246094,
                586.5073547363281,
                401.67291259765625,
                599.2697143554688
            ],
            "ClipBounds": [
                373.27000427246094,
                586.5073547363281,
                401.67291259765625,
                599.2697143554688
            ],
            "Page": 0,
            "Path": "//Document/Sect/Table/TR/TH[3]",
            "attributes": {
                "BBox": [
                    367.90499999999884,
                    584.8899999999849,
                    405.8229999999894,
                    613.2089999999735
                ],
                "BlockAlign": "After",
                "BorderColor": [
                    null,
                    [
                        0,
                        0,
                        0
                    ],
                    [
                        0,
                        0,
                        0
                    ],
                    [
                        0,
                        0,
                        0
                    ]
                ],
                "BorderStyle": [
                    "None",
                    "Solid",
                    "Solid",
                    "Solid"
                ],
                "BorderThickness": [
                    0,
                    1,
                    1,
                    1
                ],
                "ColIndex": 2,
                "Height": 28.375,
                "InlineAlign": "Center",
                "RowIndex": 0,
                "Width": 37.875
            }
        },
        {
            "Bounds": [
                373.27000427246094,
                586.5073547363281,
                401.67291259765625,
                599.2697143554688
            ],
            "ClipBounds": [
                373.27000427246094,
                586.5073547363281,
                401.67291259765625,
                599.2697143554688
            ],
            "Font": {
                "alt_family_name": "Titlingmes New Roman PSMT",
                "embedded": false,
                "encoding": "WinAnsiEncoding",
                "family_name": "Titlingmes New Roman PSMT",
                "font_type": "TrueType",
                "italic": false,
                "monospaced": false,
                "name": "TimesNewRomanPSMT",
                "subset": false,
                "weight": 400
            },
            "HasClip": true,
            "Lang": "en",
            "Page": 0,
            "Path": "//Document/Sect/Table/TR/TH[3]/P",
            "Text": "Niki ",
            "TextSize": 14.039993286132812,
            "attributes": {
                "LineHeight": 16.875
            }
        },
        {
            "Bounds": [
                408.63670349121094,
                586.5073547363281,
                560.9316558837891,
                615.3497161865234
            ],
            "ClipBounds": [
                408.63670349121094,
                586.5073547363281,
                560.9316558837891,
                615.3497161865234
            ],
            "Page": 0,
            "Path": "//Document/Sect/Table/TR/TH[4]",
            "attributes": {
                "BBox": [
                    405.8229999999894,
                    584.8899999999849,
                    557.3769999999786,
                    613.2089999999735
                ],
                "BlockAlign": "Before",
                "BorderColor": [
                    null,
                    [
                        0,
                        0,
                        0
                    ],
                    [
                        0,
                        0,
                        0
                    ],
                    null
                ],
                "BorderStyle": [
                    "None",
                    "Solid",
                    "Solid",
                    "None"
                ],
                "BorderThickness": [
                    0,
                    1,
                    1,
                    0
                ],
                "ColIndex": 3,
                "Height": 28.375,
                "InlineAlign": "Start",
                "RowIndex": 0,
                "Width": 151.375
            }
        },
        {
            "Bounds": [
                470.9915008544922,
                602.5873565673828,
                526.0316619873047,
                615.3497161865234
            ],
            "ClipBounds": [
                470.9915008544922,
                602.5873565673828,
                526.0316619873047,
                615.3497161865234
            ],
            "Font": {
                "alt_family_name": "Titlingmes New Roman PSMT",
                "embedded": false,
                "encoding": "WinAnsiEncoding",
                "family_name": "Titlingmes New Roman PSMT",
                "font_type": "TrueType",
                "italic": false,
                "monospaced": false,
                "name": "TimesNewRomanPSMT",
                "subset": false,
                "weight": 400
            },
            "HasClip": true,
            "Page": 0,
            "Path": "//Document/Sect/Table/TR/TH[4]/P/Sub",
            "Text": "Plaintiffs ",
            "TextSize": 14.039993286132812,
            "attributes": {
                "Placement": "Block"
            }
        },
        {
            "Bounds": [
                408.63670349121094,
                586.5073547363281,
                560.9316558837891,
                599.2697143554688
            ],
            "ClipBounds": [
                408.63670349121094,
                586.5073547363281,
                560.9316558837891,
                599.2697143554688
            ],
            "Font": {
                "alt_family_name": "Titlingmes New Roman PSMT",
                "embedded": false,
                "encoding": "WinAnsiEncoding",
                "family_name": "Titlingmes New Roman PSMT",
                "font_type": "TrueType",
                "italic": false,
                "monospaced": false,
                "name": "TimesNewRomanPSMT",
                "subset": false,
                "weight": 400
            },
            "HasClip": true,
            "Page": 0,
            "Path": "//Document/Sect/Table/TR/TH[4]/P/Sub[2]",
            "Text": "Kantawala, Mr. Prakhar ",
            "TextSize": 14.039993286132812,
            "attributes": {
                "Placement": "Block"
            }
        },
        {
            "Path": "//Document/Sect/Table/TR[2]/TD",
            "attributes": {
                "BBox": [
                    161.99299999999494,
                    568.6909999999916,
                    339.34599999999045,
                    584.8899999999849
                ],
                "BlockAlign": "Before",
                "BorderColor": [
                    [
                        0,
                        0,
                        0
                    ],
                    [
                        0,
                        0,
                        0
                    ],
                    null,
                    [
                        0,
                        0,
                        0
                    ]
                ],
                "BorderStyle": [
                    "Solid",
                    "Solid",
                    "None",
                    "Solid"
                ],
                "BorderThickness": [
                    1,
                    1,
                    0,
                    1
                ],
                "ColIndex": 0,
                "Height": 16.25,
                "InlineAlign": "Start",
                "RowIndex": 1,
                "Width": 177.375
            }
        },
        {
            "Bounds": [
                342.07000732421875,
                570.3073577880859,
                406.63995361328125,
                583.0697174072266
            ],
            "ClipBounds": [
                342.07000732421875,
                570.3073577880859,
                406.63995361328125,
                583.0697174072266
            ],
            "Page": 0,
            "Path": "//Document/Sect/Table/TR[2]/TD[2]",
            "attributes": {
                "BBox": [
                    339.34599999999045,
                    568.6909999999916,
                    405.8229999999894,
                    584.8899999999849
                ],
                "BlockAlign": "Middle",
                "BorderColor": [
                    0,
                    0,
                    0
                ],
                "BorderStyle": "Solid",
                "BorderThickness": 1,
                "ColIndex": 1,
                "ColSpan": 2,
                "Height": 16.25,
                "InlineAlign": "Start",
                "RowIndex": 1,
                "Width": 66.5
            }
        },
        {
            "Bounds": [
                342.07000732421875,
                570.3073577880859,
                406.63995361328125,
                583.0697174072266
            ],
            "ClipBounds": [
                342.07000732421875,
                570.3073577880859,
                406.63995361328125,
                583.0697174072266
            ],
            "Font": {
                "alt_family_name": "Titlingmes New Roman PSMT",
                "embedded": false,
                "encoding": "WinAnsiEncoding",
                "family_name": "Titlingmes New Roman PSMT",
                "font_type": "TrueType",
                "italic": false,
                "monospaced": false,
                "name": "TimesNewRomanPSMT",
                "subset": false,
                "weight": 400
            },
            "HasClip": true,
            "Lang": "en",
            "Page": 0,
            "Path": "//Document/Sect/Table/TR[2]/TD[2]/P",
            "Text": "Sharma & ",
            "TextSize": 14.039993286132812,
            "attributes": {
                "LineHeight": 16.875
            }
        },
        {
            "Bounds": [
                410.4700012207031,
                570.3073577880859,
                561.0599975585938,
                583.0697174072266
            ],
            "ClipBounds": [
                410.4700012207031,
                570.3073577880859,
                561.0599975585938,
                583.0697174072266
            ],
            "Page": 0,
            "Path": "//Document/Sect/Table/TR[2]/TD[3]",
            "attributes": {
                "BBox": [
                    405.8229999999894,
                    568.6909999999916,
                    557.3769999999786,
                    584.8899999999849
                ],
                "BlockAlign": "Middle",
                "BorderColor": [
                    [
                        0,
                        0,
                        0
                    ],
                    [
                        0,
                        0,
                        0
                    ],
                    [
                        0,
                        0,
                        0
                    ],
                    null
                ],
                "BorderStyle": [
                    "Solid",
                    "Solid",
                    "Solid",
                    "None"
                ],
                "BorderThickness": [
                    1,
                    1,
                    1,
                    0
                ],
                "ColIndex": 3,
                "Height": 16.25,
                "InlineAlign": "Start",
                "RowIndex": 1,
                "Width": 151.375
            }
        },
        {
            "Bounds": [
                410.4700012207031,
                570.3073577880859,
                561.0599975585938,
                583.0697174072266
            ],
            "ClipBounds": [
                410.4700012207031,
                570.3073577880859,
                561.0599975585938,
                583.0697174072266
            ],
            "Font": {
                "alt_family_name": "Titlingmes New Roman PSMT",
                "embedded": false,
                "encoding": "WinAnsiEncoding",
                "family_name": "Titlingmes New Roman PSMT",
                "font_type": "TrueType",
                "italic": false,
                "monospaced": false,
                "name": "TimesNewRomanPSMT",
                "subset": false,
                "weight": 400
            },
            "HasClip": true,
            "Lang": "en",
            "Page": 0,
            "Path": "//Document/Sect/Table/TR[2]/TD[3]/P",
            "Text": "Mr. Swapnil Choudhary, ",
            "TextSize": 14.039993286132812,
            "attributes": {
                "LineHeight": 16.875
            }
        },
        {
            "Path": "//Document/Sect/Table/TR[3]/TD",
            "attributes": {
                "BBox": [
                    161.99299999999494,
                    544.5719999999856,
                    339.34599999999045,
                    568.6909999999916
                ],
                "BlockAlign": "Before",
                "BorderColor": [
                    [
                        0,
                        0,
                        0
                    ],
                    [
                        0,
                        0,
                        0
                    ],
                    null,
                    [
                        0,
                        0,
                        0
                    ]
                ],
                "BorderStyle": [
                    "Solid",
                    "Solid",
                    "None",
                    "Solid"
                ],
                "BorderThickness": [
                    1,
                    1,
                    0,
                    1
                ],
                "ColIndex": 0,
                "Height": 24.125,
                "InlineAlign": "Start",
                "RowIndex": 2,
                "Width": 177.375
            }
        },
        {
            "Bounds": [
                342.07000732421875,
                554.1973571777344,
                500.40521240234375,
                566.959716796875
            ],
            "ClipBounds": [
                342.07000732421875,
                554.1973571777344,
                500.40521240234375,
                566.959716796875
            ],
            "Page": 0,
            "Path": "//Document/Sect/Table/TR[3]/TD[2]",
            "attributes": {
                "BBox": [
                    339.34599999999045,
                    544.5719999999856,
                    557.3769999999786,
                    568.6909999999916
                ],
                "BlockAlign": "Before",
                "BorderColor": [
                    [
                        0,
                        0,
                        0
                    ],
                    [
                        0,
                        0,
                        0
                    ],
                    [
                        0,
                        0,
                        0
                    ],
                    null
                ],
                "BorderStyle": [
                    "Solid",
                    "Solid",
                    "Solid",
                    "None"
                ],
                "BorderThickness": [
                    1,
                    1,
                    1,
                    0
                ],
                "ColIndex": 1,
                "ColSpan": 3,
                "Height": 24.125,
                "InlineAlign": "Start",
                "RowIndex": 2,
                "Width": 218
            }
        },
        {
            "Bounds": [
                342.07000732421875,
                554.1973571777344,
                500.40521240234375,
                566.959716796875
            ],
            "ClipBounds": [
                342.07000732421875,
                554.1973571777344,
                500.40521240234375,
                566.959716796875
            ],
            "Font": {
                "alt_family_name": "Titlingmes New Roman PSMT",
                "embedded": false,
                "encoding": "WinAnsiEncoding",
                "family_name": "Titlingmes New Roman PSMT",
                "font_type": "TrueType",
                "italic": false,
                "monospaced": false,
                "name": "TimesNewRomanPSMT",
                "subset": false,
                "weight": 400
            },
            "HasClip": true,
            "Lang": "en",
            "Page": 0,
            "Path": "//Document/Sect/Table/TR[3]/TD[2]/P",
            "Text": "Advocates. (M:860722221) ",
            "TextSize": 14.039993286132812,
            "attributes": {
                "LineHeight": 16.875
            }
        },
        {
            "Bounds": [
                270.0500030517578,
                522.037353515625,
                309.3691864013672,
                534.7997131347656
            ],
            "ClipBounds": [
                270.0500030517578,
                522.037353515625,
                309.3691864013672,
                534.7997131347656
            ],
            "Page": 0,
            "Path": "//Document/Sect/Table/TR[4]/TD",
            "attributes": {
                "BBox": [
                    161.99299999999494,
                    525.1329999999725,
                    339.34599999999045,
                    544.5719999999856
                ],
                "BlockAlign": "After",
                "BorderColor": [
                    [
                        0,
                        0,
                        0
                    ],
                    null,
                    null,
                    [
                        0,
                        0,
                        0
                    ]
                ],
                "BorderStyle": [
                    "Solid",
                    "None",
                    "None",
                    "Solid"
                ],
                "BorderThickness": [
                    1,
                    0,
                    0,
                    1
                ],
                "ColIndex": 0,
                "Height": 19.5,
                "InlineAlign": "Start",
                "RowIndex": 3,
                "Width": 177.375
            }
        },
        {
            "Bounds": [
                270.0500030517578,
                522.037353515625,
                309.3691864013672,
                534.7997131347656
            ],
            "ClipBounds": [
                270.0500030517578,
                522.037353515625,
                309.3691864013672,
                534.7997131347656
            ],
            "Font": {
                "alt_family_name": "Titlingmes New Roman PSMT",
                "embedded": false,
                "encoding": "WinAnsiEncoding",
                "family_name": "Titlingmes New Roman PSMT",
                "font_type": "TrueType",
                "italic": false,
                "monospaced": false,
                "name": "TimesNewRomanPSMT",
                "subset": false,
                "weight": 400
            },
            "HasClip": true,
            "Lang": "en",
            "Page": 0,
            "Path": "//Document/Sect/Table/TR[4]/TD/P",
            "Text": "versus ",
            "TextSize": 14.039993286132812,
            "attributes": {
                "LineHeight": 16.875
            }
        },
        {
            "Path": "//Document/Sect/Table/TR[4]/TD[2]",
            "attributes": {
                "BBox": [
                    339.34599999999045,
                    525.1329999999725,
                    557.3769999999786,
                    544.5719999999856
                ],
                "BlockAlign": "Before",
                "BorderColor": [
                    [
                        0,
                        0,
                        0
                    ],
                    null,
                    [
                        0,
                        0,
                        0
                    ],
                    null
                ],
                "BorderStyle": [
                    "Solid",
                    "None",
                    "Solid",
                    "None"
                ],
                "BorderThickness": [
                    1,
                    0,
                    1,
                    0
                ],
                "ColIndex": 1,
                "ColSpan": 3,
                "Height": 19.5,
                "InlineAlign": "Start",
                "RowIndex": 3,
                "Width": 218
            }
        },
        {
            "Bounds": [
                162.02000427246094,
                489.8773651123047,
                436.02833557128906,
                502.6397247314453
            ],
            "ClipBounds": [
                162.02000427246094,
                489.8773651123047,
                436.02833557128906,
                502.6397247314453
            ],
            "Font": {
                "alt_family_name": "Titlingmes New Roman PSMT",
                "embedded": false,
                "encoding": "WinAnsiEncoding",
                "family_name": "Titlingmes New Roman PSMT",
                "font_type": "TrueType",
                "italic": false,
                "monospaced": false,
                "name": "TimesNewRomanPSMT",
                "subset": false,
                "weight": 400
            },
            "HasClip": true,
            "Page": 0,
            "Path": "//Document/Sect/P[5]/Sub",
            "Text": "VINOD MULTIFOOD PRODUCTS PRIVATE ",
            "TextSize": 14.039993286132812,
            "attributes": {
                "Placement": "Block"
            }
        },
        {
            "Bounds": [
                162.02000427246094,
                473.79736328125,
                274.13465881347656,
                486.5597229003906
            ],
            "ClipBounds": [
                162.02000427246094,
                473.79736328125,
                274.13465881347656,
                486.5597229003906
            ],
            "Font": {
                "alt_family_name": "Titlingmes New Roman PSMT",
                "embedded": false,
                "encoding": "WinAnsiEncoding",
                "family_name": "Titlingmes New Roman PSMT",
                "font_type": "TrueType",
                "italic": false,
                "monospaced": false,
                "name": "TimesNewRomanPSMT",
                "subset": false,
                "weight": 400
            },
            "HasClip": true,
            "Page": 0,
            "Path": "//Document/Sect/P[5]/Sub[2]",
            "Text": "LIMITED & ANR. ",
            "TextSize": 14.039993286132812,
            "attributes": {
                "Placement": "Block"
            }
        },
        {
            "Bounds": [
                450.1000061035156,
                473.79736328125,
                538.3916625976562,
                486.5597229003906
            ],
            "ClipBounds": [
                450.1000061035156,
                473.79736328125,
                538.3916625976562,
                486.5597229003906
            ],
            "Font": {
                "alt_family_name": "Titlingmes New Roman PSMT",
                "embedded": false,
                "encoding": "WinAnsiEncoding",
                "family_name": "Titlingmes New Roman PSMT",
                "font_type": "TrueType",
                "italic": false,
                "monospaced": false,
                "name": "TimesNewRomanPSMT",
                "subset": false,
                "weight": 400
            },
            "HasClip": true,
            "Lang": "en",
            "Page": 0,
            "Path": "//Document/Sect/P[6]",
            "Text": "..... Defendants ",
            "TextSize": 14.039993286132812,
            "attributes": {
                "LineHeight": 16.875
            }
        },
        {
            "Bounds": [
                270.0500030517578,
                457.5973663330078,
                325.6764831542969,
                470.35972595214844
            ],
            "ClipBounds": [
                270.0500030517578,
                457.5973663330078,
                325.6764831542969,
                470.35972595214844
            ],
            "Font": {
                "alt_family_name": "Titlingmes New Roman PSMT",
                "embedded": false,
                "encoding": "WinAnsiEncoding",
                "family_name": "Titlingmes New Roman PSMT",
                "font_type": "TrueType",
                "italic": false,
                "monospaced": false,
                "name": "TimesNewRomanPSMT",
                "subset": false,
                "weight": 400
            },
            "HasClip": true,
            "Lang": "en",
            "Page": 0,
            "Path": "//Document/Sect/P[7]",
            "Text": "Through: ",
            "TextSize": 14.039993286132812,
            "attributes": {
                "LineHeight": 16.875,
                "TextAlign": "End"
            }
        },
        {
            "Bounds": [
                162.02000427246094,
                360.97735595703125,
                224.736572265625,
                373.51507568359375
            ],
            "ClipBounds": [
                162.02000427246094,
                360.97735595703125,
                224.736572265625,
                373.51507568359375
            ],
            "Font": {
                "alt_family_name": "Titlingmes New Roman PS",
                "embedded": false,
                "encoding": "WinAnsiEncoding",
                "family_name": "Titlingmes New Roman PS",
                "font_type": "TrueType",
                "italic": false,
                "monospaced": false,
                "name": "TimesNewRomanPS-BoldMT",
                "subset": false,
                "weight": 700
            },
            "HasClip": true,
            "Lang": "en",
            "Page": 0,
            "Path": "//Document/Sect[2]/H1",
            "Text": "CORAM: ",
            "TextSize": 14.039993286132812,
            "attributes": {
                "LineHeight": 16.875
            }
        },
        {
            "Bounds": [
                342.07000732421875,
                425.43736267089844,
                561.0421142578125,
                470.35972595214844
            ],
            "ClipBounds": [
                342.07000732421875,
                425.43736267089844,
                561.0421142578125,
                470.35972595214844
            ],
            "Font": {
                "alt_family_name": "Titlingmes New Roman PSMT",
                "embedded": false,
                "encoding": "WinAnsiEncoding",
                "family_name": "Titlingmes New Roman PSMT",
                "font_type": "TrueType",
                "italic": false,
                "monospaced": false,
                "name": "TimesNewRomanPSMT",
                "subset": false,
                "weight": 400
            },
            "HasClip": true,
            "Lang": "en",
            "Page": 0,
            "Path": "//Document/Sect[2]/P",
            "Text": "Mr. Himanshu Bhushan and Mr. Vinod Yadav, Advocates for D-2. (M:8800720510) ",
            "TextSize": 14.039993286132812
        },
        {
            "Bounds": [
                342.07000732421875,
                377.17735290527344,
                560.9241943359375,
                422.1197204589844
            ],
            "ClipBounds": [
                342.07000732421875,
                377.17735290527344,
                560.9241943359375,
                422.1197204589844
            ],
            "Font": {
                "alt_family_name": "Titlingmes New Roman PSMT",
                "embedded": false,
                "encoding": "WinAnsiEncoding",
                "family_name": "Titlingmes New Roman PSMT",
                "font_type": "TrueType",
                "italic": false,
                "monospaced": false,
                "name": "TimesNewRomanPSMT",
                "subset": false,
                "weight": 400
            },
            "HasClip": true,
            "Lang": "en",
            "Page": 0,
            "Path": "//Document/Sect[2]/P[2]",
            "Text": "Mr. Shiv Narain Yadav, Mr. Lalit Yadav & Sanjeev Yadav, parties in person. ",
            "TextSize": 14.039993286132812
        },
        {
            "Bounds": [
                162.02000427246094,
                344.89735412597656,
                370.97731018066406,
                357.43507385253906
            ],
            "ClipBounds": [
                162.02000427246094,
                344.89735412597656,
                370.97731018066406,
                357.43507385253906
            ],
            "Font": {
                "alt_family_name": "Titlingmes New Roman PS",
                "embedded": false,
                "encoding": "WinAnsiEncoding",
                "family_name": "Titlingmes New Roman PS",
                "font_type": "TrueType",
                "italic": false,
                "monospaced": false,
                "name": "TimesNewRomanPS-BoldMT",
                "subset": false,
                "weight": 700
            },
            "HasClip": true,
            "Lang": "en",
            "Page": 0,
            "Path": "//Document/Sect[3]/H1",
            "Text": "JUSTICE PRATHIBA M. SINGH ",
            "TextSize": 14.039993286132812,
            "attributes": {
                "LineHeight": 16.875
            }
        },
        {
            "Bounds": [
                126.02000427246094,
                320.77735900878906,
                298.8752136230469,
                333.31507873535156
            ],
            "ClipBounds": [
                126.02000427246094,
                320.77735900878906,
                298.8752136230469,
                333.31507873535156
            ],
            "Font": {
                "alt_family_name": "Titlingmes New Roman PS",
                "embedded": false,
                "encoding": "WinAnsiEncoding",
                "family_name": "Titlingmes New Roman PS",
                "font_type": "TrueType",
                "italic": false,
                "monospaced": false,
                "name": "TimesNewRomanPS-BoldMT",
                "subset": false,
                "weight": 700
            },
            "HasClip": true,
            "Lang": "en",
            "Page": 0,
            "Path": "//Document/Sect[3]/Sect/H2",
            "Text": "Prathiba M. Singh, J. (Oral) ",
            "TextSize": 14.039993286132812,
            "attributes": {
                "LineHeight": 16.875
            }
        },
        {
            "Bounds": [
                126.02000427246094,
                296.65736389160156,
                140.1199951171875,
                309.4197235107422
            ],
            "ClipBounds": [
                126.02000427246094,
                296.65736389160156,
                140.1199951171875,
                309.4197235107422
            ],
            "Font": {
                "alt_family_name": "Titlingmes New Roman PSMT",
                "embedded": false,
                "encoding": "WinAnsiEncoding",
                "family_name": "Titlingmes New Roman PSMT",
                "font_type": "TrueType",
                "italic": false,
                "monospaced": false,
                "name": "TimesNewRomanPSMT",
                "subset": false,
                "weight": 400
            },
            "HasClip": true,
            "Page": 0,
            "Path": "//Document/Sect[3]/Sect/L/LI/Lbl",
            "Text": "1. ",
            "TextSize": 14.039993286132812
        },
        {
            "Bounds": [
                162.02000427246094,
                296.65736389160156,
                444.03016662597656,
                309.4197235107422
            ],
            "ClipBounds": [
                162.02000427246094,
                296.65736389160156,
                444.03016662597656,
                309.4197235107422
            ],
            "Font": {
                "alt_family_name": "Titlingmes New Roman PSMT",
                "embedded": false,
                "encoding": "WinAnsiEncoding",
                "family_name": "Titlingmes New Roman PSMT",
                "font_type": "TrueType",
                "italic": false,
                "monospaced": false,
                "name": "TimesNewRomanPSMT",
                "subset": false,
                "weight": 400
            },
            "HasClip": true,
            "Page": 0,
            "Path": "//Document/Sect[3]/Sect/L/LI/LBody",
            "Text": "This hearing has been done through hybrid mode. ",
            "TextSize": 14.039993286132812
        },
        {
            "Bounds": [
                126.02000427246094,
                272.537353515625,
                140.24124145507812,
                285.2997131347656
            ],
            "ClipBounds": [
                126.02000427246094,
                272.537353515625,
                140.24124145507812,
                285.2997131347656
            ],
            "Font": {
                "alt_family_name": "Titlingmes New Roman PSMT",
                "embedded": false,
                "encoding": "WinAnsiEncoding",
                "family_name": "Titlingmes New Roman PSMT",
                "font_type": "TrueType",
                "italic": false,
                "monospaced": false,
                "name": "TimesNewRomanPSMT",
                "subset": false,
                "weight": 400
            },
            "HasClip": true,
            "Page": 0,
            "Path": "//Document/Sect[3]/Sect/L/LI[2]/Lbl",
            "Text": "2. ",
            "TextSize": 14.039993286132812
        },
        {
            "Bounds": [
                126.02000427246094,
                127.54736328125,
                561.0599975585938,
                285.2997131347656
            ],
            "ClipBounds": [
                126.02000427246094,
                127.54736328125,
                561.0599975585938,
                285.2997131347656
            ],
            "Font": {
                "alt_family_name": "Titlingmes New Roman PSMT",
                "embedded": false,
                "encoding": "WinAnsiEncoding",
                "family_name": "Titlingmes New Roman PSMT",
                "font_type": "TrueType",
                "italic": false,
                "monospaced": false,
                "name": "TimesNewRomanPSMT",
                "subset": false,
                "weight": 400
            },
            "HasClip": true,
            "Page": 0,
            "Path": "//Document/Sect[3]/Sect/L/LI[2]/LBody",
            "Text": "The Plaintiffs have filed the present suit seeking permanent injunction restraining infringement of trademarks, copyrights, passing off, rendition of accounts, etc. against the use of the Plaintiffs trademark ‘POOJA’ registered vide Trade Mark No. 781390 and ‘SHIV’ registered vide Trade Mark No. 1357957, both in Class 30, respectively, for Namkeen, Sweets, Bakery, Snacks and Confectionary products. Vide Order dated 30th September, 2021 an interim injunction was granted in favour of the Plaintiffs. ",
            "TextSize": 14.039993286132812
        },
        {
            "Bounds": [
                126.02000427246094,
                717.54736328125,
                140.24124145507812,
                730.3097229003906
            ],
            "ClipBounds": [
                126.02000427246094,
                717.54736328125,
                140.24124145507812,
                730.3097229003906
            ],
            "Font": {
                "alt_family_name": "Titlingmes New Roman PSMT",
                "embedded": false,
                "encoding": "WinAnsiEncoding",
                "family_name": "Titlingmes New Roman PSMT",
                "font_type": "TrueType",
                "italic": false,
                "monospaced": false,
                "name": "TimesNewRomanPSMT",
                "subset": false,
                "weight": 400
            },
            "HasClip": true,
            "Page": 1,
            "Path": "//Document/Sect[3]/Sect/L/LI[3]/Lbl",
            "Text": "3. ",
            "TextSize": 14.039993286132812
        },
        {
            "Bounds": [
                126.02000427246094,
                572.7073669433594,
                560.9234619140625,
                730.3097229003906
            ],
            "ClipBounds": [
                126.02000427246094,
                572.7073669433594,
                560.9234619140625,
                730.3097229003906
            ],
            "Font": {
                "alt_family_name": "Titlingmes New Roman PSMT",
                "embedded": false,
                "encoding": "WinAnsiEncoding",
                "family_name": "Titlingmes New Roman PSMT",
                "font_type": "TrueType",
                "italic": false,
                "monospaced": false,
                "name": "TimesNewRomanPSMT",
                "subset": false,
                "weight": 400
            },
            "HasClip": true,
            "Page": 1,
            "Path": "//Document/Sect[3]/Sect/L/LI[3]/LBody/ParagraphSpan",
            "Text": "Thereafter, both the parties have amicably resolved their disputes and entered into a settlement agreement dated 22nd September, 2022 under the aegis of the Delhi High Court Mediation and Conciliation Centre (hereinafter ‘mediation centre’). In the settlement agreement various recitals have been set forth where parties have acknowledged certain positions. The terms and conditions of the settlement agreement deal with the following aspects which parties have agreed: ",
            "TextSize": 14.039993286132812
        },
        {
            "Bounds": [
                144.02000427246094,
                547.3292846679688,
                153.9884033203125,
                562.9979248046875
            ],
            "ClipBounds": [
                144.02000427246094,
                547.3292846679688,
                153.9884033203125,
                562.9979248046875
            ],
            "Font": {
                "alt_family_name": "Symbol",
                "embedded": true,
                "encoding": "Identity-H",
                "family_name": "Symbol MT",
                "font_type": "CIDFontType2",
                "italic": false,
                "monospaced": false,
                "name": "SymbolMT",
                "subset": false,
                "weight": 400
            },
            "HasClip": true,
            "Page": 1,
            "Path": "//Document/Sect[3]/Sect/L/LI[3]/LBody/L/LI/Lbl",
            "Text": "• ",
            "TextSize": 14.039993286132812
        },
        {
            "Bounds": [
                162.02000427246094,
                523.3573608398438,
                560.3955230712891,
                560.1197204589844
            ],
            "ClipBounds": [
                162.02000427246094,
                523.3573608398438,
                560.3955230712891,
                560.1197204589844
            ],
            "Font": {
                "alt_family_name": "Titlingmes New Roman PSMT",
                "embedded": false,
                "encoding": "WinAnsiEncoding",
                "family_name": "Titlingmes New Roman PSMT",
                "font_type": "TrueType",
                "italic": false,
                "monospaced": false,
                "name": "TimesNewRomanPSMT",
                "subset": false,
                "weight": 400
            },
            "HasClip": true,
            "Page": 1,
            "Path": "//Document/Sect[3]/Sect/L/LI[3]/LBody/L/LI/LBody",
            "Text": "Clause A: Restructuring of Plaintiff No.1 in the manner as contained in the settlement agreement. ",
            "TextSize": 14.039993286132812
        },
        {
            "Bounds": [
                144.02000427246094,
                498.1292724609375,
                153.9884033203125,
                513.7979125976562
            ],
            "ClipBounds": [
                144.02000427246094,
                498.1292724609375,
                153.9884033203125,
                513.7979125976562
            ],
            "Font": {
                "alt_family_name": "Symbol",
                "embedded": true,
                "encoding": "Identity-H",
                "family_name": "Symbol MT",
                "font_type": "CIDFontType2",
                "italic": false,
                "monospaced": false,
                "name": "SymbolMT",
                "subset": false,
                "weight": 400
            },
            "HasClip": true,
            "Page": 1,
            "Path": "//Document/Sect[3]/Sect/L/LI[3]/LBody/L/LI[2]/Lbl",
            "Text": "• ",
            "TextSize": 14.039993286132812
        },
        {
            "Bounds": [
                162.02000427246094,
                474.037353515625,
                560.7961730957031,
                510.9197235107422
            ],
            "ClipBounds": [
                162.02000427246094,
                474.037353515625,
                560.7961730957031,
                510.9197235107422
            ],
            "Font": {
                "alt_family_name": "Titlingmes New Roman PSMT",
                "embedded": false,
                "encoding": "WinAnsiEncoding",
                "family_name": "Titlingmes New Roman PSMT",
                "font_type": "TrueType",
                "italic": false,
                "monospaced": false,
                "name": "TimesNewRomanPSMT",
                "subset": false,
                "weight": 400
            },
            "HasClip": true,
            "Page": 1,
            "Path": "//Document/Sect[3]/Sect/L/LI[3]/LBody/L/LI[2]/LBody",
            "Text": "Clause B: The manner in which raw material, machines and other apparatus of Plaintiff No. 1 is to be dealt with. ",
            "TextSize": 14.039993286132812
        },
        {
            "Bounds": [
                144.02000427246094,
                448.8092803955078,
                153.9884033203125,
                464.47792053222656
            ],
            "ClipBounds": [
                144.02000427246094,
                448.8092803955078,
                153.9884033203125,
                464.47792053222656
            ],
            "Font": {
                "alt_family_name": "Symbol",
                "embedded": true,
                "encoding": "Identity-H",
                "family_name": "Symbol MT",
                "font_type": "CIDFontType2",
                "italic": false,
                "monospaced": false,
                "name": "SymbolMT",
                "subset": false,
                "weight": 400
            },
            "HasClip": true,
            "Page": 1,
            "Path": "//Document/Sect[3]/Sect/L/LI[3]/LBody/L/LI[3]/Lbl",
            "Text": "• ",
            "TextSize": 14.039993286132812
        },
        {
            "Bounds": [
                162.02000427246094,
                424.7173614501953,
                560.9317626953125,
                461.59971618652344
            ],
            "ClipBounds": [
                162.02000427246094,
                424.7173614501953,
                560.9317626953125,
                461.59971618652344
            ],
            "Font": {
                "alt_family_name": "Titlingmes New Roman PSMT",
                "embedded": false,
                "encoding": "WinAnsiEncoding",
                "family_name": "Titlingmes New Roman PSMT",
                "font_type": "TrueType",
                "italic": false,
                "monospaced": false,
                "name": "TimesNewRomanPSMT",
                "subset": false,
                "weight": 400
            },
            "HasClip": true,
            "Page": 1,
            "Path": "//Document/Sect[3]/Sect/L/LI[3]/LBody/L/LI[3]/LBody",
            "Text": "Clause C: Manner in which existing invoices & liabilities are to be dealt with. ",
            "TextSize": 14.039993286132812
        },
        {
            "Bounds": [
                144.02000427246094,
                399.48927307128906,
                153.9884033203125,
                415.1579132080078
            ],
            "ClipBounds": [
                144.02000427246094,
                399.48927307128906,
                153.9884033203125,
                415.1579132080078
            ],
            "Font": {
                "alt_family_name": "Symbol",
                "embedded": true,
                "encoding": "Identity-H",
                "family_name": "Symbol MT",
                "font_type": "CIDFontType2",
                "italic": false,
                "monospaced": false,
                "name": "SymbolMT",
                "subset": false,
                "weight": 400
            },
            "HasClip": true,
            "Page": 1,
            "Path": "//Document/Sect[3]/Sect/L/LI[3]/LBody/L/LI[4]/Lbl",
            "Text": "• ",
            "TextSize": 14.039993286132812
        },
        {
            "Bounds": [
                162.02000427246094,
                351.2573547363281,
                560.9191741943359,
                412.27972412109375
            ],
            "ClipBounds": [
                162.02000427246094,
                351.2573547363281,
                560.9191741943359,
                412.27972412109375
            ],
            "Font": {
                "alt_family_name": "Titlingmes New Roman PSMT",
                "embedded": false,
                "encoding": "WinAnsiEncoding",
                "family_name": "Titlingmes New Roman PSMT",
                "font_type": "TrueType",
                "italic": false,
                "monospaced": false,
                "name": "TimesNewRomanPSMT",
                "subset": false,
                "weight": 400
            },
            "HasClip": true,
            "Page": 1,
            "Path": "//Document/Sect[3]/Sect/L/LI[3]/LBody/L/LI[4]/LBody",
            "Text": "Clause D: Loan distribution of Plaintiff No. 1 among the three individuals, Mr. Lalit Yadav, Mr. Vinod Yadav and Mr. Sanjeev Yadav as contained in the settlement agreement. ",
            "TextSize": 14.039993286132812
        },
        {
            "Bounds": [
                144.02000427246094,
                326.02928161621094,
                153.9884033203125,
                341.6979217529297
            ],
            "ClipBounds": [
                144.02000427246094,
                326.02928161621094,
                153.9884033203125,
                341.6979217529297
            ],
            "Font": {
                "alt_family_name": "Symbol",
                "embedded": true,
                "encoding": "Identity-H",
                "family_name": "Symbol MT",
                "font_type": "CIDFontType2",
                "italic": false,
                "monospaced": false,
                "name": "SymbolMT",
                "subset": false,
                "weight": 400
            },
            "HasClip": true,
            "Page": 1,
            "Path": "//Document/Sect[3]/Sect/L/LI[3]/LBody/L/LI[5]/Lbl",
            "Text": "• ",
            "TextSize": 14.039993286132812
        },
        {
            "Bounds": [
                162.02000427246094,
                277.81736755371094,
                560.8478851318359,
                338.81971740722656
            ],
            "ClipBounds": [
                162.02000427246094,
                277.81736755371094,
                560.8478851318359,
                338.81971740722656
            ],
            "Font": {
                "alt_family_name": "Titlingmes New Roman PSMT",
                "embedded": false,
                "encoding": "WinAnsiEncoding",
                "family_name": "Titlingmes New Roman PSMT",
                "font_type": "TrueType",
                "italic": false,
                "monospaced": false,
                "name": "TimesNewRomanPSMT",
                "subset": false,
                "weight": 400
            },
            "HasClip": true,
            "Page": 1,
            "Path": "//Document/Sect[3]/Sect/L/LI[3]/LBody/L/LI[5]/LBody",
            "Text": "Clause E: Shared use of trademarks, copyrights and other intellectual property rights by all the parties concerned as contained in the settlement agreement. ",
            "TextSize": 14.039993286132812
        },
        {
            "Bounds": [
                144.02000427246094,
                252.5892791748047,
                153.9884033203125,
                268.25791931152344
            ],
            "ClipBounds": [
                144.02000427246094,
                252.5892791748047,
                153.9884033203125,
                268.25791931152344
            ],
            "Font": {
                "alt_family_name": "Symbol",
                "embedded": true,
                "encoding": "Identity-H",
                "family_name": "Symbol MT",
                "font_type": "CIDFontType2",
                "italic": false,
                "monospaced": false,
                "name": "SymbolMT",
                "subset": false,
                "weight": 400
            },
            "HasClip": true,
            "Page": 1,
            "Path": "//Document/Sect[3]/Sect/L/LI[3]/LBody/L/LI[6]/Lbl",
            "Text": "• ",
            "TextSize": 14.039993286132812
        },
        {
            "Bounds": [
                162.02000427246094,
                180.22735595703125,
                560.9730987548828,
                265.3797149658203
            ],
            "ClipBounds": [
                162.02000427246094,
                180.22735595703125,
                560.9730987548828,
                265.3797149658203
            ],
            "Font": {
                "alt_family_name": "Titlingmes New Roman PSMT",
                "embedded": false,
                "encoding": "WinAnsiEncoding",
                "family_name": "Titlingmes New Roman PSMT",
                "font_type": "TrueType",
                "italic": false,
                "monospaced": false,
                "name": "TimesNewRomanPSMT",
                "subset": false,
                "weight": 400
            },
            "HasClip": true,
            "Page": 1,
            "Path": "//Document/Sect[3]/Sect/L/LI[3]/LBody/L/LI[6]/LBody",
            "Text": "Clause F: Distribution of the property, assets, no objections, transfers and gift/relinquishment of rights over property/assets in respect of the family’s assets including that of the father, brother, mother, etc as contained in the settlement agreement. ",
            "TextSize": 14.039993286132812
        },
        {
            "Bounds": [
                185.64999389648438,
                265.97999572753906,
                497.6499938964844,
                575.7299957275391
            ],
            "ClipBounds": [
                185.64999389648438,
                265.97999572753906,
                497.6499938964844,
                575.7299957275391
            ],
            "HasClip": true,
            "Image": {
                "bits_per_component": 8,
                "colorspace": {
                    "Name": "DeviceRGB"
                },
                "data_length": 2061696,
                "height": 826,
                "resolution_horizontal": 192.0,
                "resolution_vertical": 192.0,
                "width": 832
            },
            "Page": 1,
            "Path": "//Document/Sect[3]/Sect/Watermark"
        },
        {
            "Bounds": [
                126.02000427246094,
                131.8673553466797,
                561.0128479003906,
                168.74972534179688
            ],
            "ClipBounds": [
                126.02000427246094,
                131.8673553466797,
                561.0128479003906,
                168.74972534179688
            ],
            "Font": {
                "alt_family_name": "Titlingmes New Roman PSMT",
                "embedded": false,
                "encoding": "WinAnsiEncoding",
                "family_name": "Titlingmes New Roman PSMT",
                "font_type": "TrueType",
                "italic": false,
                "monospaced": false,
                "name": "TimesNewRomanPSMT",
                "subset": false,
                "weight": 400
            },
            "HasClip": true,
            "Lang": "en",
            "Page": 1,
            "Path": "//Document/Sect[3]/Sect/P",
            "Text": "It is evident to the Court that the settlement is a comprehensive settlement and not restricted to the trade marks, which were the subject matter of the ",
            "TextSize": 14.039993286132812,
            "attributes": {
                "SpaceAfter": 18
            }
        },
        {
            "Bounds": [
                185.64999389648438,
                265.97999572753906,
                497.6499938964844,
                575.7299957275391
            ],
            "ClipBounds": [
                185.64999389648438,
                265.97999572753906,
                497.6499938964844,
                575.7299957275391
            ],
            "HasClip": true,
            "Image": {
                "bits_per_component": 8,
                "colorspace": {
                    "Name": "DeviceRGB"
                },
                "data_length": 2061696,
                "height": 826,
                "resolution_horizontal": 192.0,
                "resolution_vertical": 192.0,
                "width": 832
            },
            "Page": 2,
            "Path": "//Document/Sect[3]/Sect/Watermark[2]"
        },
        {
            "Bounds": [
                126.02000427246094,
                693.4273529052734,
                560.9923553466797,
                730.3097229003906
            ],
            "ClipBounds": [
                126.02000427246094,
                693.4273529052734,
                560.9923553466797,
                730.3097229003906
            ],
            "Font": {
                "alt_family_name": "Titlingmes New Roman PSMT",
                "embedded": false,
                "encoding": "WinAnsiEncoding",
                "family_name": "Titlingmes New Roman PSMT",
                "font_type": "TrueType",
                "italic": false,
                "monospaced": false,
                "name": "TimesNewRomanPSMT",
                "subset": false,
                "weight": 400
            },
            "HasClip": true,
            "Page": 2,
            "Path": "//Document/Sect[3]/Sect/L[2]/LI/LBody",
            "Text": "suit. The settlement agreement having been entered into between the parties, the Court has perused the said terms. ",
            "TextSize": 14.039993286132812
        },
        {
            "Bounds": [
                126.02000427246094,
                669.3073577880859,
                140.1199951171875,
                682.0697174072266
            ],
            "ClipBounds": [
                126.02000427246094,
                669.3073577880859,
                140.1199951171875,
                682.0697174072266
            ],
            "Font": {
                "alt_family_name": "Titlingmes New Roman PSMT",
                "embedded": false,
                "encoding": "WinAnsiEncoding",
                "family_name": "Titlingmes New Roman PSMT",
                "font_type": "TrueType",
                "italic": false,
                "monospaced": false,
                "name": "TimesNewRomanPSMT",
                "subset": false,
                "weight": 400
            },
            "HasClip": true,
            "Page": 2,
            "Path": "//Document/Sect[3]/Sect/L[2]/LI[2]/Lbl",
            "Text": "4. ",
            "TextSize": 14.039993286132812
        },
        {
            "Bounds": [
                126.02000427246094,
                524.3173675537109,
                561.0073394775391,
                682.0697174072266
            ],
            "ClipBounds": [
                126.02000427246094,
                524.3173675537109,
                561.0073394775391,
                682.0697174072266
            ],
            "Font": {
                "alt_family_name": "Titlingmes New Roman PSMT",
                "embedded": false,
                "encoding": "WinAnsiEncoding",
                "family_name": "Titlingmes New Roman PSMT",
                "font_type": "TrueType",
                "italic": false,
                "monospaced": false,
                "name": "TimesNewRomanPSMT",
                "subset": false,
                "weight": 400
            },
            "HasClip": true,
            "Page": 2,
            "Path": "//Document/Sect[3]/Sect/L[2]/LI[2]/LBody",
            "Text": "It is the settled position, insofar as the mediation proceedings are concerned that settlement agreements can be entered into even beyond the dispute which is pending before the Court. This is with a view to encourage mediation which is full and final so that parties are not forced to re-litigate. This is also the spirit of the provisions of Section 89 read with Order 32A of the Code of Civil Procedure which specifically requires Courts to encourage settlements involving family members. ",
            "TextSize": 14.039993286132812
        },
        {
            "Bounds": [
                126.02000427246094,
                500.1973571777344,
                140.1199951171875,
                512.959716796875
            ],
            "ClipBounds": [
                126.02000427246094,
                500.1973571777344,
                140.1199951171875,
                512.959716796875
            ],
            "Font": {
                "alt_family_name": "Titlingmes New Roman PSMT",
                "embedded": false,
                "encoding": "WinAnsiEncoding",
                "family_name": "Titlingmes New Roman PSMT",
                "font_type": "TrueType",
                "italic": false,
                "monospaced": false,
                "name": "TimesNewRomanPSMT",
                "subset": false,
                "weight": 400
            },
            "HasClip": true,
            "Page": 2,
            "Path": "//Document/Sect[3]/Sect/L[2]/LI[3]/Lbl",
            "Text": "5. ",
            "TextSize": 14.039993286132812
        },
        {
            "Bounds": [
                126.02000427246094,
                379.4573669433594,
                561.056884765625,
                512.959716796875
            ],
            "ClipBounds": [
                126.02000427246094,
                379.4573669433594,
                561.056884765625,
                512.959716796875
            ],
            "Font": {
                "alt_family_name": "Titlingmes New Roman PSMT",
                "embedded": false,
                "encoding": "WinAnsiEncoding",
                "family_name": "Titlingmes New Roman PSMT",
                "font_type": "TrueType",
                "italic": false,
                "monospaced": false,
                "name": "TimesNewRomanPSMT",
                "subset": false,
                "weight": 400
            },
            "HasClip": true,
            "Page": 2,
            "Path": "//Document/Sect[3]/Sect/L[2]/LI[3]/LBody",
            "Text": "In the present suit, the parties are family members and have resolved the disputes. The settlement agreement is signed by Mr. Lalit Yadav & Mr. Sanjeev Yadav for himself as Directors of Plaintiff No. 1, Sh. Narain Yadav as Plaintiff No. 2, Mr. Vinod Yadav for himself as Defendant No. 2 as also by the counsels of both the parties, respectively. The ld. Mediator has appended his signatures as well. ",
            "TextSize": 14.039993286132812
        },
        {
            "Bounds": [
                126.02000427246094,
                355.3373565673828,
                140.1199951171875,
                368.09971618652344
            ],
            "ClipBounds": [
                126.02000427246094,
                355.3373565673828,
                140.1199951171875,
                368.09971618652344
            ],
            "Font": {
                "alt_family_name": "Titlingmes New Roman PSMT",
                "embedded": false,
                "encoding": "WinAnsiEncoding",
                "family_name": "Titlingmes New Roman PSMT",
                "font_type": "TrueType",
                "italic": false,
                "monospaced": false,
                "name": "TimesNewRomanPSMT",
                "subset": false,
                "weight": 400
            },
            "HasClip": true,
            "Page": 2,
            "Path": "//Document/Sect[3]/Sect/L[2]/LI[4]/Lbl",
            "Text": "6. ",
            "TextSize": 14.039993286132812
        },
        {
            "Bounds": [
                126.02000427246094,
                282.85736083984375,
                560.9323577880859,
                368.09971618652344
            ],
            "ClipBounds": [
                126.02000427246094,
                282.85736083984375,
                560.9323577880859,
                368.09971618652344
            ],
            "Font": {
                "alt_family_name": "Titlingmes New Roman PSMT",
                "embedded": false,
                "encoding": "WinAnsiEncoding",
                "family_name": "Titlingmes New Roman PSMT",
                "font_type": "TrueType",
                "italic": false,
                "monospaced": false,
                "name": "TimesNewRomanPSMT",
                "subset": false,
                "weight": 400
            },
            "HasClip": true,
            "Page": 2,
            "Path": "//Document/Sect[3]/Sect/L[2]/LI[4]/LBody",
            "Text": "After perusing the settlement, the Court is of the opinion that the terms are lawful and there is no impediment in recording the settlement. Parties and all others acting for and on their behalf shall be bound by the terms of the settlement. ",
            "TextSize": 14.039993286132812
        },
        {
            "Bounds": [
                126.02000427246094,
                258.73736572265625,
                140.1199951171875,
                271.4997253417969
            ],
            "ClipBounds": [
                126.02000427246094,
                258.73736572265625,
                140.1199951171875,
                271.4997253417969
            ],
            "Font": {
                "alt_family_name": "Titlingmes New Roman PSMT",
                "embedded": false,
                "encoding": "WinAnsiEncoding",
                "family_name": "Titlingmes New Roman PSMT",
                "font_type": "TrueType",
                "italic": false,
                "monospaced": false,
                "name": "TimesNewRomanPSMT",
                "subset": false,
                "weight": 400
            },
            "HasClip": true,
            "Page": 2,
            "Path": "//Document/Sect[3]/Sect/L[2]/LI[5]/Lbl",
            "Text": "7. ",
            "TextSize": 14.039993286132812
        },
        {
            "Bounds": [
                126.02000427246094,
                210.3773651123047,
                561.0599975585938,
                271.4997253417969
            ],
            "ClipBounds": [
                126.02000427246094,
                210.3773651123047,
                561.0599975585938,
                271.4997253417969
            ],
            "Font": {
                "alt_family_name": "Titlingmes New Roman PSMT",
                "embedded": false,
                "encoding": "WinAnsiEncoding",
                "family_name": "Titlingmes New Roman PSMT",
                "font_type": "TrueType",
                "italic": false,
                "monospaced": false,
                "name": "TimesNewRomanPSMT",
                "subset": false,
                "weight": 400
            },
            "HasClip": true,
            "Page": 2,
            "Path": "//Document/Sect[3]/Sect/L[2]/LI[5]/LBody",
            "Text": "The suit shall stand decreed in terms of the settlement agreement. The settlement agreement shall form part of the decree. All pending applications also stand disposed of. ",
            "TextSize": 14.039993286132812
        },
        {
            "Bounds": [
                126.02000427246094,
                186.22735595703125,
                140.1199951171875,
                198.98971557617188
            ],
            "ClipBounds": [
                126.02000427246094,
                186.22735595703125,
                140.1199951171875,
                198.98971557617188
            ],
            "Font": {
                "alt_family_name": "Titlingmes New Roman PSMT",
                "embedded": false,
                "encoding": "WinAnsiEncoding",
                "family_name": "Titlingmes New Roman PSMT",
                "font_type": "TrueType",
                "italic": false,
                "monospaced": false,
                "name": "TimesNewRomanPSMT",
                "subset": false,
                "weight": 400
            },
            "HasClip": true,
            "Page": 2,
            "Path": "//Document/Sect[3]/Sect/L[2]/LI[6]/Lbl",
            "Text": "8. ",
            "TextSize": 14.039993286132812
        },
        {
            "Bounds": [
                126.02000427246094,
                137.8673553466797,
                560.7803192138672,
                198.98971557617188
            ],
            "ClipBounds": [
                126.02000427246094,
                137.8673553466797,
                560.7803192138672,
                198.98971557617188
            ],
            "Font": {
                "alt_family_name": "Titlingmes New Roman PSMT",
                "embedded": false,
                "encoding": "WinAnsiEncoding",
                "family_name": "Titlingmes New Roman PSMT",
                "font_type": "TrueType",
                "italic": false,
                "monospaced": false,
                "name": "TimesNewRomanPSMT",
                "subset": false,
                "weight": 400
            },
            "HasClip": true,
            "Page": 2,
            "Path": "//Document/Sect[3]/Sect/L[2]/LI[6]/LBody",
            "Text": "In view of the settlement entered into, all previous orders shall stand superseded. The terms of settlement shall now be the binding document between the parties which shall regulate their future conduct. ",
            "TextSize": 14.039993286132812
        },
        {
            "Bounds": [
                126.02000427246094,
                113.74736022949219,
                140.1199951171875,
                126.50971984863281
            ],
            "ClipBounds": [
                126.02000427246094,
                113.74736022949219,
                140.1199951171875,
                126.50971984863281
            ],
            "Font": {
                "alt_family_name": "Titlingmes New Roman PSMT",
                "embedded": false,
                "encoding": "WinAnsiEncoding",
                "family_name": "Titlingmes New Roman PSMT",
                "font_type": "TrueType",
                "italic": false,
                "monospaced": false,
                "name": "TimesNewRomanPSMT",
                "subset": false,
                "weight": 400
            },
            "HasClip": true,
            "Page": 2,
            "Path": "//Document/Sect[3]/Sect/L[2]/LI[7]/Lbl",
            "Text": "9. ",
            "TextSize": 14.039993286132812
        },
        {
            "Bounds": [
                162.02000427246094,
                113.74736022949219,
                560.5832061767578,
                126.50971984863281
            ],
            "ClipBounds": [
                162.02000427246094,
                113.74736022949219,
                560.5832061767578,
                126.50971984863281
            ],
            "Font": {
                "alt_family_name": "Titlingmes New Roman PSMT",
                "embedded": false,
                "encoding": "WinAnsiEncoding",
                "family_name": "Titlingmes New Roman PSMT",
                "font_type": "TrueType",
                "italic": false,
                "monospaced": false,
                "name": "TimesNewRomanPSMT",
                "subset": false,
                "weight": 400
            },
            "HasClip": true,
            "Page": 2,
            "Path": "//Document/Sect[3]/Sect/L[2]/LI[7]/LBody",
            "Text": "In view of the settlement, full court fee is refunded in terms of the ",
            "TextSize": 14.039993286132812
        },
        {
            "Bounds": [
                185.64999389648438,
                265.97999572753906,
                497.6499938964844,
                575.7299957275391
            ],
            "ClipBounds": [
                185.64999389648438,
                265.97999572753906,
                497.6499938964844,
                575.7299957275391
            ],
            "HasClip": true,
            "Image": {
                "bits_per_component": 8,
                "colorspace": {
                    "Name": "DeviceRGB"
                },
                "data_length": 2061696,
                "height": 826,
                "resolution_horizontal": 192.0,
                "resolution_vertical": 192.0,
                "width": 832
            },
            "Page": 3,
            "Path": "//Document/Sect[3]/Sect/Watermark[3]"
        },
        {
            "Bounds": [
                126.02000427246094,
                693.4273529052734,
                561.0506439208984,
                730.3097229003906
            ],
            "ClipBounds": [
                126.02000427246094,
                693.4273529052734,
                561.0506439208984,
                730.3097229003906
            ],
            "Font": {
                "alt_family_name": "Titlingmes New Roman PSMT",
                "embedded": false,
                "encoding": "WinAnsiEncoding",
                "family_name": "Titlingmes New Roman PSMT",
                "font_type": "TrueType",
                "italic": false,
                "monospaced": false,
                "name": "TimesNewRomanPSMT",
                "subset": false,
                "weight": 400
            },
            "HasClip": true,
            "Lang": "en",
            "Page": 3,
            "Path": "//Document/Sect[3]/Sect/P[2]",
            "Text": "judgment of the ld. Division Bench of this Court in Nutan Batra v. M/s. Buniyaad Associates, 2018 (255) DLT 696, through Counsel. ",
            "TextSize": 14.039993286132812,
            "attributes": {
                "SpaceAfter": 18
            }
        },
        {
            "Bounds": [
                414.5800018310547,
                642.787353515625,
                560.9023590087891,
                655.3250732421875
            ],
            "ClipBounds": [
                414.5800018310547,
                642.787353515625,
                560.9023590087891,
                655.3250732421875
            ],
            "Font": {
                "alt_family_name": "Titlingmes New Roman PS",
                "embedded": false,
                "encoding": "WinAnsiEncoding",
                "family_name": "Titlingmes New Roman PS",
                "font_type": "TrueType",
                "italic": false,
                "monospaced": false,
                "name": "TimesNewRomanPS-BoldMT",
                "subset": false,
                "weight": 700
            },
            "HasClip": true,
            "Lang": "en",
            "Page": 3,
            "Path": "//Document/Sect[4]/H1",
            "Text": "PRATHIBA M. SINGH ",
            "TextSize": 14.039993286132812,
            "attributes": {
                "LineHeight": 16.875,
                "TextAlign": "End"
            }
        },
        {
            "Bounds": [
                461.97999572753906,
                626.7073669433594,
                512.973388671875,
                639.2450866699219
            ],
            "ClipBounds": [
                461.97999572753906,
                626.7073669433594,
                512.973388671875,
                639.2450866699219
            ],
            "Font": {
                "alt_family_name": "Titlingmes New Roman PS",
                "embedded": false,
                "encoding": "WinAnsiEncoding",
                "family_name": "Titlingmes New Roman PS",
                "font_type": "TrueType",
                "italic": false,
                "monospaced": false,
                "name": "TimesNewRomanPS-BoldMT",
                "subset": false,
                "weight": 700
            },
            "HasClip": true,
            "Lang": "en",
            "Page": 3,
            "Path": "//Document/Sect[5]/H1",
            "Text": "JUDGE ",
            "TextSize": 14.039993286132812,
            "attributes": {
                "LineHeight": 16.875
            }
        },
        {
            "Bounds": [
                126.02000427246094,
                610.6273651123047,
                281.53802490234375,
                623.4037628173828
            ],
            "ClipBounds": [
                126.02000427246094,
                610.6273651123047,
                281.53802490234375,
                623.4037628173828
            ],
            "Font": {
                "alt_family_name": "Titlingmes New Roman PS",
                "embedded": false,
                "encoding": "WinAnsiEncoding",
                "family_name": "Titlingmes New Roman PS",
                "font_type": "TrueType",
                "italic": true,
                "monospaced": false,
                "name": "TimesNewRomanPS-ItalicMT",
                "subset": false,
                "weight": 400
            },
            "HasClip": true,
            "Lang": "en",
            "Page": 3,
            "Path": "//Document/Sect[6]/H1",
            "Text": "OCTOBER 11, 2022/dj/sr ",
            "TextSize": 14.039993286132812,
            "attributes": {
                "LineHeight": 16.875,
                "SpaceAfter": 18
            }
        }
    ],
    "pages": [
        {
            "boxes": {
                "CropBox": [
                    0.0,
                    0.0,
                    595.4400024414062,
                    841.6799926757812
                ],
                "MediaBox": [
                    0.0,
                    0.0,
                    595.4400024414062,
                    841.6799926757812
                ]
            },
            "height": 841.6799926757812,
            "is_scanned": false,
            "page_number": 0,
            "rotation": 0,
            "width": 595.4400024414062
        },
        {
            "boxes": {
                "CropBox": [
                    0.0,
                    0.0,
                    595.4400024414062,
                    841.6799926757812
                ],
                "MediaBox": [
                    0.0,
                    0.0,
                    595.4400024414062,
                    841.6799926757812
                ]
            },
            "height": 841.6799926757812,
            "is_scanned": false,
            "page_number": 1,
            "rotation": 0,
            "width": 595.4400024414062
        },
        {
            "boxes": {
                "CropBox": [
                    0.0,
                    0.0,
                    595.4400024414062,
                    841.6799926757812
                ],
                "MediaBox": [
                    0.0,
                    0.0,
                    595.4400024414062,
                    841.6799926757812
                ]
            },
            "height": 841.6799926757812,
            "is_scanned": false,
            "page_number": 2,
            "rotation": 0,
            "width": 595.4400024414062
        },
        {
            "boxes": {
                "CropBox": [
                    0.0,
                    0.0,
                    595.4400024414062,
                    841.6799926757812
                ],
                "MediaBox": [
                    0.0,
                    0.0,
                    595.4400024414062,
                    841.6799926757812
                ]
            },
            "height": 841.6799926757812,
            "is_scanned": false,
            "page_number": 3,
            "rotation": 0,
            "width": 595.4400024414062
        }
    ]
}