{
    "version": {
        "json_export": "184",
        "page_segmentation": "5",
        "schema": "1.1.0",
        "structure": "1.1006.0",
        "table_structure": "5"
    },
    "extended_metadata": {
        "ID_instance": "31 33 20 43 30 20 45 31 20 32 37 20 46 39 20 30 42 20 36 44 20 37 42 20 39 42 20 33 44 20 42 30 20 46 42 20 37 39 20 44 37 20 44 38 20 34 36 20 ",
        "ID_permanent": "33 35 20 33 38 20 36 30 20 37 34 20 38 43 20 42 35 20 42 32 20 31 31 20 30 41 20 30 30 20 36 37 20 34 35 20 38 42 20 36 42 20 43 36 20 32 33 20 ",
        "pdf_version": "1.6",
        "pdfa_compliance_level": "",
        "is_encrypted": false,
        "has_acroform": true,
        "is_digitally_signed": true,
        "pdfua_compliance_level": "",
        "page_count": 7,
        "has_embedded_files": false,
        "is_certified": true,
        "is_XFA": false,
        "language": "en-IN"
    },
    "elements": [
        {
            "Bounds": [
                126.02000427246094,
                717.54736328125,
                158.0287628173828,
                730.3097229003906
            ],
            "ClipBounds": [
                126.02000427246094,
                717.54736328125,
                158.0287628173828,
                730.3097229003906
            ],
            "Font": {
                "alt_family_name": "Titlingmes New Roman PSMT",
                "embedded": false,
                "encoding": "WinAnsiEncoding",
                "family_name": "Titlingmes New Roman PSMT",
                "font_type": "TrueType",
                "italic": false,
                "monospaced": false,
                "name": "TimesNewRomanPSMT",
                "subset": false,
                "weight": 400
            },
            "HasClip": true,
            "Lang": "en",
            "Page": 0,
            "Path": "//Document/P",
            "Text": "$~18 ",
            "TextSize": 14.039993286132812,
            "attributes": {
                "LineHeight": 16.875,
                "SpaceAfter": 8.5
            }
        },
        {
            "Bounds": [
                126.02000427246094,
                693.4273529052734,
                517.8919830322266,
                706.1897125244141
            ],
            "ClipBounds": [
                126.02000427246094,
                693.4273529052734,
                517.8919830322266,
                706.1897125244141
            ],
            "Font": {
                "alt_family_name": "Titlingmes New Roman PS",
                "embedded": false,
                "encoding": "WinAnsiEncoding",
                "family_name": "Titlingmes New Roman PS",
                "font_type": "TrueType",
                "italic": false,
                "monospaced": false,
                "name": "TimesNewRomanPS-BoldMT",
                "subset": false,
                "weight": 700
            },
            "HasClip": true,
            "Lang": "en",
            "Page": 0,
            "Path": "//Document/P[2]",
            "Text": "* IN THE  HIGH  COURT  OF DELHI  AT  NEW  DELHI ",
            "TextSize": 14.039993286132812,
            "attributes": {
                "LineHeight": 16.875,
                "SpaceAfter": 7.25
            }
        },
        {
            "Bounds": [
                367.8699951171875,
                669.3073577880859,
                560.9186859130859,
                683.4730072021484
            ],
            "ClipBounds": [
                367.8699951171875,
                669.3073577880859,
                560.9186859130859,
                683.4730072021484
            ],
            "Font": {
                "alt_family_name": "Titlingmes New Roman PS",
                "embedded": false,
                "encoding": "WinAnsiEncoding",
                "family_name": "Titlingmes New Roman PS",
                "font_type": "TrueType",
                "italic": true,
                "monospaced": false,
                "name": "TimesNewRomanPS-BoldItalicMT",
                "subset": false,
                "weight": 700
            },
            "HasClip": true,
            "Lang": "en",
            "Page": 0,
            "Path": "//Document/P[3]",
            "Text": "Date of Decision: 14th July, 2022 ",
            "TextSize": 14.039993286132812,
            "attributes": {
                "LineHeight": 16.875,
                "TextAlign": "End"
            }
        },
        {
            "Bounds": [
                126.02000427246094,
                645.0673675537109,
                137.44850158691406,
                657.8297271728516
            ],
            "ClipBounds": [
                126.02000427246094,
                645.0673675537109,
                137.44850158691406,
                657.8297271728516
            ],
            "Font": {
                "alt_family_name": "Titlingmes New Roman PSMT",
                "embedded": false,
                "encoding": "WinAnsiEncoding",
                "family_name": "Titlingmes New Roman PSMT",
                "font_type": "TrueType",
                "italic": false,
                "monospaced": false,
                "name": "TimesNewRomanPSMT",
                "subset": false,
                "weight": 400
            },
            "HasClip": true,
            "Lang": "en",
            "Page": 0,
            "Path": "//Document/P[4]",
            "Text": "+ ",
            "TextSize": 14.039993286132812,
            "attributes": {
                "LineHeight": 16.875,
                "SpaceAfter": -16.875
            }
        },
        {
            "Bounds": [
                198.0500030517578,
                645.0673675537109,
                481.1542053222656,
                657.6050872802734
            ],
            "ClipBounds": [
                198.0500030517578,
                645.0673675537109,
                481.1542053222656,
                657.6050872802734
            ],
            "Font": {
                "alt_family_name": "Titlingmes New Roman PS",
                "embedded": false,
                "encoding": "WinAnsiEncoding",
                "family_name": "Titlingmes New Roman PS",
                "font_type": "TrueType",
                "italic": false,
                "monospaced": false,
                "name": "TimesNewRomanPS-BoldMT",
                "subset": false,
                "weight": 700
            },
            "HasClip": true,
            "Lang": "en",
            "Page": 0,
            "Path": "//Document/P[5]",
            "Text": "W.P.(C)-IPD 90/2021 & CM APPL.27003/2019 ",
            "TextSize": 14.039993286132812,
            "attributes": {
                "LineHeight": 16.875,
                "SpaceAfter": 7.25,
                "TextAlign": "Center"
            }
        },
        {
            "Bounds": [
                162.02000427246094,
                620.9473571777344,
                312.58485412597656,
                633.709716796875
            ],
            "ClipBounds": [
                162.02000427246094,
                620.9473571777344,
                312.58485412597656,
                633.709716796875
            ],
            "Font": {
                "alt_family_name": "Titlingmes New Roman PSMT",
                "embedded": false,
                "encoding": "WinAnsiEncoding",
                "family_name": "Titlingmes New Roman PSMT",
                "font_type": "TrueType",
                "italic": false,
                "monospaced": false,
                "name": "TimesNewRomanPSMT",
                "subset": false,
                "weight": 400
            },
            "HasClip": true,
            "Lang": "en",
            "Page": 0,
            "Path": "//Document/P[6]",
            "Text": "SKECHERS, USA INC II ",
            "TextSize": 14.039993286132812,
            "attributes": {
                "LineHeight": 16.875
            }
        },
        {
            "Bounds": [
                450.1000061035156,
                620.9473571777344,
                529.1591339111328,
                633.709716796875
            ],
            "ClipBounds": [
                450.1000061035156,
                620.9473571777344,
                529.1591339111328,
                633.709716796875
            ],
            "Font": {
                "alt_family_name": "Titlingmes New Roman PSMT",
                "embedded": false,
                "encoding": "WinAnsiEncoding",
                "family_name": "Titlingmes New Roman PSMT",
                "font_type": "TrueType",
                "italic": false,
                "monospaced": false,
                "name": "TimesNewRomanPSMT",
                "subset": false,
                "weight": 400
            },
            "HasClip": true,
            "Lang": "en",
            "Page": 0,
            "Path": "//Document/P[7]",
            "Text": "..... Petitioner ",
            "TextSize": 14.039993286132812,
            "attributes": {
                "LineHeight": 16.875
            }
        },
        {
            "Bounds": [
                270.0500030517578,
                572.7073669433594,
                560.8272399902344,
                617.6297149658203
            ],
            "ClipBounds": [
                270.0500030517578,
                572.7073669433594,
                560.8272399902344,
                617.6297149658203
            ],
            "Font": {
                "alt_family_name": "Titlingmes New Roman PSMT",
                "embedded": false,
                "encoding": "WinAnsiEncoding",
                "family_name": "Titlingmes New Roman PSMT",
                "font_type": "TrueType",
                "italic": false,
                "monospaced": false,
                "name": "TimesNewRomanPSMT",
                "subset": false,
                "weight": 400
            },
            "HasClip": true,
            "Lang": "en",
            "Page": 0,
            "Path": "//Document/P[8]",
            "Text": "Through: Mr. Pravin Anand, Ms. Vaishali Mittal, Mr. Siddhant Chamola, Advocates (M:8373944051) ",
            "TextSize": 14.039993286132812,
            "attributes": {
                "LineHeight": 16.125
            }
        },
        {
            "Bounds": [
                270.0500030517578,
                556.4773559570312,
                309.3480682373047,
                569.2397155761719
            ],
            "ClipBounds": [
                270.0500030517578,
                556.4773559570312,
                309.3480682373047,
                569.2397155761719
            ],
            "Font": {
                "alt_family_name": "Titlingmes New Roman PSMT",
                "embedded": false,
                "encoding": "WinAnsiEncoding",
                "family_name": "Titlingmes New Roman PSMT",
                "font_type": "TrueType",
                "italic": false,
                "monospaced": false,
                "name": "TimesNewRomanPSMT",
                "subset": false,
                "weight": 400
            },
            "HasClip": true,
            "Lang": "en",
            "Page": 0,
            "Path": "//Document/P[9]",
            "Text": "versus ",
            "TextSize": 14.039993286132812,
            "attributes": {
                "LineHeight": 16.875,
                "SpaceAfter": 15.375
            }
        },
        {
            "Bounds": [
                162.02000427246094,
                524.3173675537109,
                343.4438781738281,
                537.0797271728516
            ],
            "ClipBounds": [
                162.02000427246094,
                524.3173675537109,
                343.4438781738281,
                537.0797271728516
            ],
            "Font": {
                "alt_family_name": "Titlingmes New Roman PSMT",
                "embedded": false,
                "encoding": "WinAnsiEncoding",
                "family_name": "Titlingmes New Roman PSMT",
                "font_type": "TrueType",
                "italic": false,
                "monospaced": false,
                "name": "TimesNewRomanPSMT",
                "subset": false,
                "weight": 400
            },
            "HasClip": true,
            "Lang": "en",
            "Page": 0,
            "Path": "//Document/P[10]",
            "Text": "UNION OF INDIA AND ORS. ",
            "TextSize": 14.039993286132812,
            "attributes": {
                "LineHeight": 16.875
            }
        },
        {
            "Bounds": [
                270.0500030517578,
                508.23736572265625,
                325.6764831542969,
                520.9997253417969
            ],
            "ClipBounds": [
                270.0500030517578,
                508.23736572265625,
                325.6764831542969,
                520.9997253417969
            ],
            "Font": {
                "alt_family_name": "Titlingmes New Roman PSMT",
                "embedded": false,
                "encoding": "WinAnsiEncoding",
                "family_name": "Titlingmes New Roman PSMT",
                "font_type": "TrueType",
                "italic": false,
                "monospaced": false,
                "name": "TimesNewRomanPSMT",
                "subset": false,
                "weight": 400
            },
            "HasClip": true,
            "Lang": "en",
            "Page": 0,
            "Path": "//Document/P[11]",
            "Text": "Through: ",
            "TextSize": 14.039993286132812,
            "attributes": {
                "LineHeight": 16.875
            }
        },
        {
            "Bounds": [
                162.02000427246094,
                427.7173614501953,
                224.736572265625,
                440.2550811767578
            ],
            "ClipBounds": [
                162.02000427246094,
                427.7173614501953,
                224.736572265625,
                440.2550811767578
            ],
            "Font": {
                "alt_family_name": "Titlingmes New Roman PS",
                "embedded": false,
                "encoding": "WinAnsiEncoding",
                "family_name": "Titlingmes New Roman PS",
                "font_type": "TrueType",
                "italic": false,
                "monospaced": false,
                "name": "TimesNewRomanPS-BoldMT",
                "subset": false,
                "weight": 700
            },
            "HasClip": true,
            "Lang": "en",
            "Page": 0,
            "Path": "//Document/P[12]",
            "Text": "CORAM: ",
            "TextSize": 14.039993286132812,
            "attributes": {
                "LineHeight": 16.875,
                "SpaceAfter": 9.875
            }
        },
        {
            "Bounds": [
                450.1000061035156,
                524.3173675537109,
                546.1916656494141,
                537.0797271728516
            ],
            "ClipBounds": [
                450.1000061035156,
                524.3173675537109,
                546.1916656494141,
                537.0797271728516
            ],
            "Font": {
                "alt_family_name": "Titlingmes New Roman PSMT",
                "embedded": false,
                "encoding": "WinAnsiEncoding",
                "family_name": "Titlingmes New Roman PSMT",
                "font_type": "TrueType",
                "italic": false,
                "monospaced": false,
                "name": "TimesNewRomanPSMT",
                "subset": false,
                "weight": 400
            },
            "HasClip": true,
            "Lang": "en",
            "Page": 0,
            "Path": "//Document/P[13]",
            "Text": "..... Respondents ",
            "TextSize": 14.039993286132812,
            "attributes": {
                "LineHeight": 16.875
            }
        },
        {
            "Bounds": [
                342.07000732421875,
                443.79736328125,
                560.9501190185547,
                520.9997253417969
            ],
            "ClipBounds": [
                342.07000732421875,
                443.79736328125,
                560.9501190185547,
                520.9997253417969
            ],
            "Font": {
                "alt_family_name": "Titlingmes New Roman PSMT",
                "embedded": false,
                "encoding": "WinAnsiEncoding",
                "family_name": "Titlingmes New Roman PSMT",
                "font_type": "TrueType",
                "italic": false,
                "monospaced": false,
                "name": "TimesNewRomanPSMT",
                "subset": false,
                "weight": 400
            },
            "HasClip": true,
            "Lang": "en",
            "Page": 0,
            "Path": "//Document/P[14]",
            "Text": "Mr. Harish Vaidyanathan Shankar, CGSC with Mr. Srish Kumar Mishra, Mr. Sagar Mehlawat and Mr. Alexander Mathai Paikaday, Advocates. (M:9810758606) ",
            "TextSize": 14.039993286132812,
            "attributes": {
                "LineHeight": 16.125,
                "SpaceAfter": 15.375,
                "TextAlign": "Justify"
            }
        },
        {
            "Bounds": [
                162.02000427246094,
                411.6373596191406,
                371.12428283691406,
                424.1750793457031
            ],
            "ClipBounds": [
                162.02000427246094,
                411.6373596191406,
                371.12428283691406,
                424.1750793457031
            ],
            "Font": {
                "alt_family_name": "Titlingmes New Roman PS",
                "embedded": false,
                "encoding": "WinAnsiEncoding",
                "family_name": "Titlingmes New Roman PS",
                "font_type": "TrueType",
                "italic": false,
                "monospaced": false,
                "name": "TimesNewRomanPS-BoldMT",
                "subset": false,
                "weight": 700
            },
            "HasClip": true,
            "Lang": "en",
            "Page": 0,
            "Path": "//Document/P[15]",
            "Text": "JUSTICE PRATHIBA M. SINGH ",
            "TextSize": 14.039993286132812,
            "attributes": {
                "LineHeight": 16.875,
                "SpaceAfter": 7.25
            }
        },
        {
            "Bounds": [
                126.02000427246094,
                387.5173645019531,
                298.8752136230469,
                400.0550842285156
            ],
            "ClipBounds": [
                126.02000427246094,
                387.5173645019531,
                298.8752136230469,
                400.0550842285156
            ],
            "Font": {
                "alt_family_name": "Titlingmes New Roman PS",
                "embedded": false,
                "encoding": "WinAnsiEncoding",
                "family_name": "Titlingmes New Roman PS",
                "font_type": "TrueType",
                "italic": false,
                "monospaced": false,
                "name": "TimesNewRomanPS-BoldMT",
                "subset": false,
                "weight": 700
            },
            "HasClip": true,
            "Lang": "en",
            "Page": 0,
            "Path": "//Document/Title",
            "Text": "Prathiba M. Singh, J. (Oral) ",
            "TextSize": 14.039993286132812,
            "attributes": {
                "LineHeight": 16.875
            }
        },
        {
            "Bounds": [
                126.02000427246094,
                363.3773651123047,
                140.1199951171875,
                376.1397247314453
            ],
            "ClipBounds": [
                126.02000427246094,
                363.3773651123047,
                140.1199951171875,
                376.1397247314453
            ],
            "Font": {
                "alt_family_name": "Titlingmes New Roman PSMT",
                "embedded": false,
                "encoding": "WinAnsiEncoding",
                "family_name": "Titlingmes New Roman PSMT",
                "font_type": "TrueType",
                "italic": false,
                "monospaced": false,
                "name": "TimesNewRomanPSMT",
                "subset": false,
                "weight": 400
            },
            "HasClip": true,
            "Page": 0,
            "Path": "//Document/L/LI/Lbl",
            "Text": "1. ",
            "TextSize": 14.039993286132812
        },
        {
            "Bounds": [
                126.02000427246094,
                194.26736450195312,
                561.0599975585938,
                376.1397247314453
            ],
            "ClipBounds": [
                126.02000427246094,
                194.26736450195312,
                561.0599975585938,
                376.1397247314453
            ],
            "Font": {
                "alt_family_name": "Titlingmes New Roman PSMT",
                "embedded": false,
                "encoding": "WinAnsiEncoding",
                "family_name": "Titlingmes New Roman PSMT",
                "font_type": "TrueType",
                "italic": false,
                "monospaced": false,
                "name": "TimesNewRomanPSMT",
                "subset": false,
                "weight": 400
            },
            "HasClip": true,
            "Page": 0,
            "Path": "//Document/L/LI/LBody",
            "Text": "The present petition has been filed challenging the impugned order dated 7th June, 2018 passed by the Respondent No.3 -The Registrar of Trademarks by which the Petitioner’s trademark application bearing No.2425633 in Class -25 for the mark ‘RELAXEDFIT’ (device) used in respect of footwear, has been rejected by the Registrar of Trademarks. The Petitioner also challenges the order dated 29th March, 2019 by which the Petitioner’s application seeking review of the refusal order dated 7th June, 2018 was dismissed by the Registrar of Trademarks. ",
            "TextSize": 14.039993286132812
        },
        {
            "Bounds": [
                126.02000427246094,
                170.14735412597656,
                140.24124145507812,
                182.9097137451172
            ],
            "ClipBounds": [
                126.02000427246094,
                170.14735412597656,
                140.24124145507812,
                182.9097137451172
            ],
            "Font": {
                "alt_family_name": "Titlingmes New Roman PSMT",
                "embedded": false,
                "encoding": "WinAnsiEncoding",
                "family_name": "Titlingmes New Roman PSMT",
                "font_type": "TrueType",
                "italic": false,
                "monospaced": false,
                "name": "TimesNewRomanPSMT",
                "subset": false,
                "weight": 400
            },
            "HasClip": true,
            "Page": 0,
            "Path": "//Document/L/LI[2]/Lbl",
            "Text": "2. ",
            "TextSize": 14.039993286132812
        },
        {
            "Bounds": [
                126.02000427246094,
                121.787353515625,
                561.0128479003906,
                185.7879180908203
            ],
            "ClipBounds": [
                126.02000427246094,
                121.787353515625,
                561.0128479003906,
                185.7879180908203
            ],
            "Font": {
                "alt_family_name": "Titlingmes New Roman PSMT",
                "embedded": false,
                "encoding": "WinAnsiEncoding",
                "family_name": "Titlingmes New Roman PSMT",
                "font_type": "TrueType",
                "italic": false,
                "monospaced": false,
                "name": "TimesNewRomanPSMT",
                "subset": false,
                "weight": 400
            },
            "HasClip": true,
            "Page": 0,
            "Path": "//Document/L/LI[2]/LBody/ParagraphSpan",
            "Text": "It is the case of the Petitioner – Skechers USA, INC II that it is one of the leading manufacturers and sellers of footwear in the world and is the registered proprietor of the mark ‘SKECHERS’. It adopted the impugned ",
            "TextSize": 14.039993286132812
        },
        {
            "Bounds": [
                126.02000427246094,
                620.9473571777344,
                561.0266876220703,
                730.3097229003906
            ],
            "ClipBounds": [
                126.02000427246094,
                620.9473571777344,
                561.0266876220703,
                730.3097229003906
            ],
            "Font": {
                "alt_family_name": "Titlingmes New Roman PSMT",
                "embedded": false,
                "encoding": "WinAnsiEncoding",
                "family_name": "Titlingmes New Roman PSMT",
                "font_type": "TrueType",
                "italic": false,
                "monospaced": false,
                "name": "TimesNewRomanPSMT",
                "subset": false,
                "weight": 400
            },
            "HasClip": true,
            "Page": 1,
            "Path": "//Document/L/LI[2]/LBody/ParagraphSpan[2]",
            "Text": "trademark ‘RELAXEDFIT’ in relation to footwear and put it to commercial use on 28th May, 2008 internationally. The Petitioner sought registration of the mark ‘RELAXEDFIT’ in the USA on 23rd July, 2008 and on 9th March, 2010, the Petitioner’s trademark application proceeded to registration in the USA. ",
            "TextSize": 14.039993286132812
        },
        {
            "Bounds": [
                126.02000427246094,
                596.8273620605469,
                140.24124145507812,
                609.5897216796875
            ],
            "ClipBounds": [
                126.02000427246094,
                596.8273620605469,
                140.24124145507812,
                609.5897216796875
            ],
            "Font": {
                "alt_family_name": "Titlingmes New Roman PSMT",
                "embedded": false,
                "encoding": "WinAnsiEncoding",
                "family_name": "Titlingmes New Roman PSMT",
                "font_type": "TrueType",
                "italic": false,
                "monospaced": false,
                "name": "TimesNewRomanPSMT",
                "subset": false,
                "weight": 400
            },
            "HasClip": true,
            "Page": 1,
            "Path": "//Document/L[2]/LI/Lbl",
            "Text": "3. ",
            "TextSize": 14.039993286132812
        },
        {
            "Bounds": [
                126.02000427246094,
                476.0773620605469,
                561.0073394775391,
                609.5897216796875
            ],
            "ClipBounds": [
                126.02000427246094,
                476.0773620605469,
                561.0073394775391,
                609.5897216796875
            ],
            "Font": {
                "alt_family_name": "Titlingmes New Roman PSMT",
                "embedded": false,
                "encoding": "WinAnsiEncoding",
                "family_name": "Titlingmes New Roman PSMT",
                "font_type": "TrueType",
                "italic": false,
                "monospaced": false,
                "name": "TimesNewRomanPSMT",
                "subset": false,
                "weight": 400
            },
            "HasClip": true,
            "Page": 1,
            "Path": "//Document/L[2]/LI/LBody/ParagraphSpan",
            "Text": "The Petitioner claims to have adopted a new stylistic representation of the mark ‘RELAXEDFIT’. The Petitioner filed trademark application bearing No.2425633 before the Registrar of Trademarks in India, on 8th November, 2012, for the mark ‘RELAXEDFIT’ in Class-25, used in respect of footwear. The said stylistic representation is the subject matter of the present petition, and is depicted below: ",
            "TextSize": 14.039993286132812
        },
        {
            "Bounds": [
                225.6999969482422,
                401.8800048828125,
                457.4499969482422,
                467.97999572753906
            ],
            "ClipBounds": [
                225.6999969482422,
                401.8800048828125,
                457.4499969482422,
                467.97999572753906
            ],
            "Page": 1,
            "Path": "//Document/L[2]/LI/LBody/Figure",
            "attributes": {
                "BBox": [
                    225.7109999999957,
                    401.8979999999865,
                    457.42099999998754,
                    468.0149999999994
                ],
                "Placement": "Block"
            }
        },
        {
            "Bounds": [
                126.02000427246094,
                377.65736389160156,
                140.1199951171875,
                390.4197235107422
            ],
            "ClipBounds": [
                126.02000427246094,
                377.65736389160156,
                140.1199951171875,
                390.4197235107422
            ],
            "Font": {
                "alt_family_name": "Titlingmes New Roman PSMT",
                "embedded": false,
                "encoding": "WinAnsiEncoding",
                "family_name": "Titlingmes New Roman PSMT",
                "font_type": "TrueType",
                "italic": false,
                "monospaced": false,
                "name": "TimesNewRomanPSMT",
                "subset": false,
                "weight": 400
            },
            "HasClip": true,
            "Page": 1,
            "Path": "//Document/L[2]/LI[2]/Lbl",
            "Text": "4. ",
            "TextSize": 14.039993286132812
        },
        {
            "Bounds": [
                126.02000427246094,
                160.30735778808594,
                561.0253143310547,
                391.98699951171875
            ],
            "ClipBounds": [
                126.02000427246094,
                160.30735778808594,
                561.0253143310547,
                391.98699951171875
            ],
            "Font": {
                "alt_family_name": "Titlingmes New Roman PSMT",
                "embedded": false,
                "encoding": "WinAnsiEncoding",
                "family_name": "Titlingmes New Roman PSMT",
                "font_type": "TrueType",
                "italic": false,
                "monospaced": false,
                "name": "TimesNewRomanPSMT",
                "subset": false,
                "weight": 400
            },
            "HasClip": true,
            "Page": 1,
            "Path": "//Document/L[2]/LI[2]/LBody",
            "Text": "On 18th November, 2013, an examination report was issued by the Registrar of Trademarks raising objections under Section 9 and 11 of the Trademarks Act, 1999 (hereinafter, “the Act”). The Petitioner addressed a detailed response to the said examination report on 17th February, 2014. The case of the Petitioner in the said response was that the terms ‘RELAXED’ and ‘FIT’ were combined to form a coined mark ‘RELAXEDFIT’ which is a unique combination and deserves protection in India under the Trademarks Act, 1999. None of the cited marks have any similarity with the applied mark. Further, since the mark has been registered in more than 15 countries of the world, it deserves to be proceeded for registration. ",
            "TextSize": 14.039993286132812
        },
        {
            "Bounds": [
                126.02000427246094,
                136.18736267089844,
                140.1199951171875,
                148.94972229003906
            ],
            "ClipBounds": [
                126.02000427246094,
                136.18736267089844,
                140.1199951171875,
                148.94972229003906
            ],
            "Font": {
                "alt_family_name": "Titlingmes New Roman PSMT",
                "embedded": false,
                "encoding": "WinAnsiEncoding",
                "family_name": "Titlingmes New Roman PSMT",
                "font_type": "TrueType",
                "italic": false,
                "monospaced": false,
                "name": "TimesNewRomanPSMT",
                "subset": false,
                "weight": 400
            },
            "HasClip": true,
            "Page": 1,
            "Path": "//Document/L[2]/LI[3]/Lbl",
            "Text": "5. ",
            "TextSize": 14.039993286132812
        },
        {
            "Bounds": [
                126.02000427246094,
                112.06736755371094,
                560.9662170410156,
                148.94972229003906
            ],
            "ClipBounds": [
                126.02000427246094,
                112.06736755371094,
                560.9662170410156,
                148.94972229003906
            ],
            "Font": {
                "alt_family_name": "Titlingmes New Roman PSMT",
                "embedded": false,
                "encoding": "WinAnsiEncoding",
                "family_name": "Titlingmes New Roman PSMT",
                "font_type": "TrueType",
                "italic": false,
                "monospaced": false,
                "name": "TimesNewRomanPSMT",
                "subset": false,
                "weight": 400
            },
            "HasClip": true,
            "Page": 1,
            "Path": "//Document/L[2]/LI[3]/LBody/ParagraphSpan",
            "Text": "The Petitioner received hearing notice for hearing scheduled on 5th April, 2019. The hearing was conducted. However, vide impugned order ",
            "TextSize": 14.039993286132812
        },
        {
            "Bounds": [
                126.02000427246094,
                669.3073577880859,
                560.9773559570312,
                731.8569946289062
            ],
            "ClipBounds": [
                126.02000427246094,
                669.3073577880859,
                560.9773559570312,
                731.8569946289062
            ],
            "Font": {
                "alt_family_name": "Titlingmes New Roman PSMT",
                "embedded": false,
                "encoding": "WinAnsiEncoding",
                "family_name": "Titlingmes New Roman PSMT",
                "font_type": "TrueType",
                "italic": false,
                "monospaced": false,
                "name": "TimesNewRomanPSMT",
                "subset": false,
                "weight": 400
            },
            "HasClip": true,
            "Page": 2,
            "Path": "//Document/L[2]/LI[3]/LBody/ParagraphSpan[2]",
            "Text": "dated 7th June, 2018, the Petitioner’s trademark application was rejected by the Registrar of Trademarks. In the said impugned order dated 7th June, 2018 rejecting the application, a note was added to the following effect: ",
            "TextSize": 14.039993286132812
        },
        {
            "Bounds": [
                218.2100067138672,
                612.9073638916016,
                513.5748443603516,
                657.8437652587891
            ],
            "ClipBounds": [
                218.2100067138672,
                612.9073638916016,
                513.5748443603516,
                657.8437652587891
            ],
            "Font": {
                "alt_family_name": "Titlingmes New Roman PS",
                "embedded": false,
                "encoding": "WinAnsiEncoding",
                "family_name": "Titlingmes New Roman PS",
                "font_type": "TrueType",
                "italic": true,
                "monospaced": false,
                "name": "TimesNewRomanPS-ItalicMT",
                "subset": false,
                "weight": 400
            },
            "HasClip": true,
            "Page": 2,
            "Path": "//Document/L[3]/LI/LBody/ParagraphSpan",
            "Text": "“1. The trade mark applied for is objectionable under Section 9/11 of the Act. The application is accordingly refused. ",
            "TextSize": 14.039993286132812
        },
        {
            "Bounds": [
                218.2100067138672,
                468.00927734375,
                513.6162414550781,
                609.603759765625
            ],
            "ClipBounds": [
                218.2100067138672,
                468.00927734375,
                513.6162414550781,
                609.603759765625
            ],
            "Font": {
                "alt_family_name": "Titlingmes New Roman PS",
                "embedded": true,
                "encoding": "Identity-H",
                "family_name": "Titlingmes New Roman PS",
                "font_type": "CIDFontType2",
                "italic": true,
                "monospaced": false,
                "name": "TimesNewRomanPS-ItalicMT",
                "subset": false,
                "weight": 400
            },
            "HasClip": true,
            "Lang": "en",
            "Page": 2,
            "Path": "//Document/L[3]/LI/LBody/P",
            "Text": "Attention is Invited under Rule 36(1) of the Trade Marks Rules, 2017 where the application is refused a request maybe made in form no TM-M along with the prescribed fee to communicate in writing the grounds of decision and materials used by the Registrar in arriving at his decision to refuse the said application. The said request on form TM-M should be tendered within 30 days of receipt of the order of refusal.” ",
            "TextSize": 14.039993286132812,
            "attributes": {
                "LineHeight": 16.125,
                "SpaceAfter": 3.375,
                "TextAlign": "Justify"
            }
        },
        {
            "Bounds": [
                126.02000427246094,
                440.43736267089844,
                140.1199951171875,
                453.19972229003906
            ],
            "ClipBounds": [
                126.02000427246094,
                440.43736267089844,
                140.1199951171875,
                453.19972229003906
            ],
            "Font": {
                "alt_family_name": "Titlingmes New Roman PSMT",
                "embedded": false,
                "encoding": "WinAnsiEncoding",
                "family_name": "Titlingmes New Roman PSMT",
                "font_type": "TrueType",
                "italic": false,
                "monospaced": false,
                "name": "TimesNewRomanPSMT",
                "subset": false,
                "weight": 400
            },
            "HasClip": true,
            "Page": 2,
            "Path": "//Document/L[4]/LI/Lbl",
            "Text": "6. ",
            "TextSize": 14.039993286132812
        },
        {
            "Bounds": [
                126.02000427246094,
                295.4573669433594,
                560.9590759277344,
                453.19972229003906
            ],
            "ClipBounds": [
                126.02000427246094,
                295.4573669433594,
                560.9590759277344,
                453.19972229003906
            ],
            "Font": {
                "alt_family_name": "Titlingmes New Roman PSMT",
                "embedded": false,
                "encoding": "WinAnsiEncoding",
                "family_name": "Titlingmes New Roman PSMT",
                "font_type": "TrueType",
                "italic": false,
                "monospaced": false,
                "name": "TimesNewRomanPSMT",
                "subset": false,
                "weight": 400
            },
            "HasClip": true,
            "Page": 2,
            "Path": "//Document/L[4]/LI/LBody",
            "Text": "As per the above order, the Trademark Registry communicated to the Petitioner/Applicant that a specific form would have to be filed along with prescribed fee in order for the Trademark Registry to communicate in writing the ground for decisions and materials used by the Registrar in arriving at the decision to refuse the application. Such a form came to be filed subsequently, pursuant to which the second impugned order dated 29th March, 2019 was passed by the Registrar of Trademarks. ",
            "TextSize": 14.039993286132812
        },
        {
            "Bounds": [
                126.02000427246094,
                271.3373565673828,
                140.1199951171875,
                284.09971618652344
            ],
            "ClipBounds": [
                126.02000427246094,
                271.3373565673828,
                140.1199951171875,
                284.09971618652344
            ],
            "Font": {
                "alt_family_name": "Titlingmes New Roman PSMT",
                "embedded": false,
                "encoding": "WinAnsiEncoding",
                "family_name": "Titlingmes New Roman PSMT",
                "font_type": "TrueType",
                "italic": false,
                "monospaced": false,
                "name": "TimesNewRomanPSMT",
                "subset": false,
                "weight": 400
            },
            "HasClip": true,
            "Page": 2,
            "Path": "//Document/L[4]/LI[2]/Lbl",
            "Text": "7. ",
            "TextSize": 14.039993286132812
        },
        {
            "Bounds": [
                126.02000427246094,
                174.70736694335938,
                560.9778594970703,
                284.09971618652344
            ],
            "ClipBounds": [
                126.02000427246094,
                174.70736694335938,
                560.9778594970703,
                284.09971618652344
            ],
            "Font": {
                "alt_family_name": "Titlingmes New Roman PSMT",
                "embedded": false,
                "encoding": "WinAnsiEncoding",
                "family_name": "Titlingmes New Roman PSMT",
                "font_type": "TrueType",
                "italic": false,
                "monospaced": false,
                "name": "TimesNewRomanPSMT",
                "subset": false,
                "weight": 400
            },
            "HasClip": true,
            "Page": 2,
            "Path": "//Document/L[4]/LI[2]/LBody/ParagraphSpan",
            "Text": "Mr. Anand, ld. Counsel appearing for the Petitioner, submits that there are no reasons given in the impugned order dated 29th March, 2019 as well, and only one line of reasoning has been given by the Registrar of Trademarks in support of his decision. The relevant portion of the said impugned order dated 29th March, 2019 is set out below: ",
            "TextSize": 14.039993286132812
        },
        {
            "Bounds": [
                182.69000244140625,
                118.39927673339844,
                498.21112060546875,
                163.36375427246094
            ],
            "ClipBounds": [
                182.69000244140625,
                118.39927673339844,
                498.21112060546875,
                163.36375427246094
            ],
            "Font": {
                "alt_family_name": "Titlingmes New Roman PS",
                "embedded": true,
                "encoding": "Identity-H",
                "family_name": "Titlingmes New Roman PS",
                "font_type": "CIDFontType2",
                "italic": true,
                "monospaced": false,
                "name": "TimesNewRomanPS-ItalicMT",
                "subset": false,
                "weight": 400
            },
            "HasClip": true,
            "Lang": "en",
            "Page": 2,
            "Path": "//Document/L[4]/LI[2]/LBody/P",
            "Text": "“Advocate Nupur and Akanksha appeared. Mark is objectionable U S.9 & S.11. Hence, refused. The request on form TM-M is accordingly Refused.” ",
            "TextSize": 14.039993286132812,
            "attributes": {
                "LineHeight": 16.125,
                "SpaceAfter": 18,
                "TextAlign": "Justify"
            }
        },
        {
            "Bounds": [
                126.02000427246094,
                717.54736328125,
                140.1199951171875,
                730.3097229003906
            ],
            "ClipBounds": [
                126.02000427246094,
                717.54736328125,
                140.1199951171875,
                730.3097229003906
            ],
            "Font": {
                "alt_family_name": "Titlingmes New Roman PSMT",
                "embedded": false,
                "encoding": "WinAnsiEncoding",
                "family_name": "Titlingmes New Roman PSMT",
                "font_type": "TrueType",
                "italic": false,
                "monospaced": false,
                "name": "TimesNewRomanPSMT",
                "subset": false,
                "weight": 400
            },
            "HasClip": true,
            "Page": 3,
            "Path": "//Document/L[4]/LI[3]/Lbl",
            "Text": "8. ",
            "TextSize": 14.039993286132812
        },
        {
            "Bounds": [
                126.02000427246094,
                596.8273620605469,
                561.0056762695312,
                731.8569946289062
            ],
            "ClipBounds": [
                126.02000427246094,
                596.8273620605469,
                561.0056762695312,
                731.8569946289062
            ],
            "Font": {
                "alt_family_name": "Titlingmes New Roman PSMT",
                "embedded": false,
                "encoding": "WinAnsiEncoding",
                "family_name": "Titlingmes New Roman PSMT",
                "font_type": "TrueType",
                "italic": false,
                "monospaced": false,
                "name": "TimesNewRomanPSMT",
                "subset": false,
                "weight": 400
            },
            "HasClip": true,
            "Page": 3,
            "Path": "//Document/L[4]/LI[3]/LBody/ParagraphSpan",
            "Text": "Reliance is placed by the Petitioner upon the judgment dated 16th October, 2019 passed by ld. Single Judge of this Court in W.P.(C) 3851/2019 titled ‘Intellectual Property Attorneys Association v. The Controller General of Patents, Designs and Trade marks & Anr.’, wherein Rule 36 of the Trademark Rules, 2017, along with Section 18(5) of the Act, was considered by the Court, and it was observed as under: ",
            "TextSize": 14.039993286132812
        },
        {
            "Bounds": [
                196.97000122070312,
                427.7173614501953,
                513.6742095947266,
                585.4837646484375
            ],
            "ClipBounds": [
                196.97000122070312,
                427.7173614501953,
                513.6742095947266,
                585.4837646484375
            ],
            "Font": {
                "alt_family_name": "Titlingmes New Roman PS",
                "embedded": false,
                "encoding": "WinAnsiEncoding",
                "family_name": "Titlingmes New Roman PS",
                "font_type": "TrueType",
                "italic": true,
                "monospaced": false,
                "name": "TimesNewRomanPS-ItalicMT",
                "subset": false,
                "weight": 400
            },
            "HasClip": true,
            "Page": 3,
            "Path": "//Document/L[4]/LI[3]/LBody/L/LI/LBody",
            "Text": "“4. Learned Standing Counsel fairly submits that the Registrar of Trade Marks has to comply with Section 18(5) of the Trade Marks Act, 1999. Learned counsel however submits that Rule 36 of Trade Marks Rules provides that the Registrar shall communicate the decision in writing to the applicant and if the applicant intends to appeal from such decision, he may apply within 30 days in Form TM-M to the Registrar whereupon the grounds of refusal/conditional acceptance shall be furnished. ",
            "TextSize": 14.039993286132812
        },
        {
            "Bounds": [
                196.97000122070312,
                411.6373596191406,
                211.0521240234375,
                424.41375732421875
            ],
            "ClipBounds": [
                196.97000122070312,
                411.6373596191406,
                211.0521240234375,
                424.41375732421875
            ],
            "Font": {
                "alt_family_name": "Titlingmes New Roman PS",
                "embedded": false,
                "encoding": "WinAnsiEncoding",
                "family_name": "Titlingmes New Roman PS",
                "font_type": "TrueType",
                "italic": true,
                "monospaced": false,
                "name": "TimesNewRomanPS-ItalicMT",
                "subset": false,
                "weight": 400
            },
            "HasClip": true,
            "Page": 3,
            "Path": "//Document/L[4]/LI[3]/LBody/L/LI[2]/Lbl/StyleSpan",
            "Text": "5. ",
            "TextSize": 14.039993286132812,
            "attributes": {
                "TextDecorationColor": [
                    0,
                    0,
                    0
                ],
                "TextDecorationThickness": 0,
                "TextDecorationType": "Underline"
            }
        },
        {
            "Bounds": [
                196.97000122070312,
                218.4173583984375,
                513.6926879882812,
                424.41375732421875
            ],
            "ClipBounds": [
                196.97000122070312,
                218.4173583984375,
                513.6926879882812,
                424.41375732421875
            ],
            "Font": {
                "alt_family_name": "Titlingmes New Roman PS",
                "embedded": false,
                "encoding": "WinAnsiEncoding",
                "family_name": "Titlingmes New Roman PS",
                "font_type": "TrueType",
                "italic": true,
                "monospaced": false,
                "name": "TimesNewRomanPS-ItalicMT",
                "subset": false,
                "weight": 400
            },
            "HasClip": true,
            "Page": 3,
            "Path": "//Document/L[4]/LI[3]/LBody/L/LI[2]/LBody/StyleSpan",
            "Text": "This Court is of the view that the Registrar of Trade Marks is duty bound to send the copy of the order passed under Section 18(5) of the Trade Marks Act containing the grounds for refusal/conditional acceptance and material used by him in arriving at his decision to the applicant. Rule 36 of the Trade Marks Rules is arbitrary, unreasonable and inconsistent with the mandatory provision of the statute insofar as it empowers the Registry to communicate the decision without the grounds for refusal/conditional acceptance. In that view of the matter, Section 18(5) of the Trade Marks Act shall prevail over Rule 36 of the Trade Marks Rules. ",
            "TextSize": 14.039993286132812
        },
        {
            "Bounds": [
                196.97000122070312,
                202.3373565673828,
                211.0521240234375,
                215.11375427246094
            ],
            "ClipBounds": [
                196.97000122070312,
                202.3373565673828,
                211.0521240234375,
                215.11375427246094
            ],
            "Font": {
                "alt_family_name": "Titlingmes New Roman PS",
                "embedded": false,
                "encoding": "WinAnsiEncoding",
                "family_name": "Titlingmes New Roman PS",
                "font_type": "TrueType",
                "italic": true,
                "monospaced": false,
                "name": "TimesNewRomanPS-ItalicMT",
                "subset": false,
                "weight": 400
            },
            "HasClip": true,
            "Page": 3,
            "Path": "//Document/L[4]/LI[3]/LBody/L/LI[3]/Lbl",
            "Text": "6. ",
            "TextSize": 14.039993286132812
        },
        {
            "Bounds": [
                196.97000122070312,
                121.787353515625,
                513.6113128662109,
                215.11375427246094
            ],
            "ClipBounds": [
                196.97000122070312,
                121.787353515625,
                513.6113128662109,
                215.11375427246094
            ],
            "Font": {
                "alt_family_name": "Titlingmes New Roman PS",
                "embedded": false,
                "encoding": "WinAnsiEncoding",
                "family_name": "Titlingmes New Roman PS",
                "font_type": "TrueType",
                "italic": true,
                "monospaced": false,
                "name": "TimesNewRomanPS-ItalicMT",
                "subset": false,
                "weight": 400
            },
            "HasClip": true,
            "Page": 3,
            "Path": "//Document/L[4]/LI[3]/LBody/L/LI[3]/LBody/ParagraphSpan",
            "Text": "The writ petition is allowed and the Registrar of Trade Marks is directed to strictly implement Section 18(5) of the Trade Marks Act by recording in writing grounds for refusal/conditional acceptance and the order containing the grounds of refusal/conditional acceptance be sent to the applicant within two weeks of ",
            "TextSize": 14.039993286132812
        },
        {
            "Bounds": [
                196.97000122070312,
                717.519287109375,
                344.8662414550781,
                733.1879272460938
            ],
            "ClipBounds": [
                196.97000122070312,
                717.519287109375,
                344.8662414550781,
                733.1879272460938
            ],
            "Font": {
                "alt_family_name": "Titlingmes New Roman PS",
                "embedded": true,
                "encoding": "Identity-H",
                "family_name": "Titlingmes New Roman PS",
                "font_type": "CIDFontType2",
                "italic": true,
                "monospaced": false,
                "name": "TimesNewRomanPS-ItalicMT",
                "subset": false,
                "weight": 400
            },
            "HasClip": true,
            "Page": 4,
            "Path": "//Document/L[4]/LI[3]/LBody/L/LI[3]/LBody/ParagraphSpan[2]",
            "Text": "the passing of the order.” ",
            "TextSize": 14.039993286132812
        },
        {
            "Bounds": [
                126.02000427246094,
                689.9473571777344,
                140.1199951171875,
                702.709716796875
            ],
            "ClipBounds": [
                126.02000427246094,
                689.9473571777344,
                140.1199951171875,
                702.709716796875
            ],
            "Font": {
                "alt_family_name": "Titlingmes New Roman PSMT",
                "embedded": false,
                "encoding": "WinAnsiEncoding",
                "family_name": "Titlingmes New Roman PSMT",
                "font_type": "TrueType",
                "italic": false,
                "monospaced": false,
                "name": "TimesNewRomanPSMT",
                "subset": false,
                "weight": 400
            },
            "HasClip": true,
            "Page": 4,
            "Path": "//Document/L[5]/LI/Lbl",
            "Text": "9. ",
            "TextSize": 14.039993286132812
        },
        {
            "Bounds": [
                126.02000427246094,
                472.5973663330078,
                561.0237579345703,
                702.709716796875
            ],
            "ClipBounds": [
                126.02000427246094,
                472.5973663330078,
                561.0237579345703,
                702.709716796875
            ],
            "Font": {
                "alt_family_name": "Titlingmes New Roman PSMT",
                "embedded": false,
                "encoding": "WinAnsiEncoding",
                "family_name": "Titlingmes New Roman PSMT",
                "font_type": "TrueType",
                "italic": false,
                "monospaced": false,
                "name": "TimesNewRomanPSMT",
                "subset": false,
                "weight": 400
            },
            "HasClip": true,
            "Page": 4,
            "Path": "//Document/L[5]/LI/LBody/ParagraphSpan",
            "Text": "Ld. Counsel for the Petitioner submits that, even in the impugned orders, the ground of Section 11 of the Act has been raised, despite the fact that Section 11(5) makes it amply clear that the said ground of Section 11 can only be raised in opposition proceedings and not at the examination stage. Further, it is submitted that the reasoning given by the Registrar in the impugned orders is also very cryptic, and thus, in view of the orders passed in Dubai Islamic Bank v. Union of India [W.P.(C)12749/2019 decided on 4th December, 2019], the impugned orders are not sustainable on all these terms. The relevant extract from the judgment in Dubai Islamic Bank (supra) is set out below: ",
            "TextSize": 14.039993286132812
        },
        {
            "Bounds": [
                182.69000244140625,
                271.3092803955078,
                498.24375915527344,
                461.2537536621094
            ],
            "ClipBounds": [
                182.69000244140625,
                271.3092803955078,
                498.24375915527344,
                461.2537536621094
            ],
            "Font": {
                "alt_family_name": "Titlingmes New Roman PS",
                "embedded": true,
                "encoding": "Identity-H",
                "family_name": "Titlingmes New Roman PS",
                "font_type": "CIDFontType2",
                "italic": true,
                "monospaced": false,
                "name": "TimesNewRomanPS-ItalicMT",
                "subset": false,
                "weight": 400
            },
            "HasClip": true,
            "Page": 4,
            "Path": "//Document/L[5]/LI/LBody/L/LI/LBody",
            "Text": "“9. Usually, the distinctive nature of a mark can be established based on the character of the mark, the extent of use of the mark, the global priority in adoption of the mark, the well-known status of the mark, the advertising and promotional investment in the mark, judicial decisions upholding the distinctiveness of the mark and the localized reputation of the mark. Sometimes, the composite nature of the mark and the customer base for the mark would play an important role in granting registration. Thus, the Registrar would have to consider all these factors before rejecting a mark… ",
            "TextSize": 14.039993286132812
        },
        {
            "Bounds": [
                182.69000244140625,
                255.25735473632812,
                309.72117614746094,
                268.03375244140625
            ],
            "ClipBounds": [
                182.69000244140625,
                255.25735473632812,
                309.72117614746094,
                268.03375244140625
            ],
            "Font": {
                "alt_family_name": "Titlingmes New Roman PS",
                "embedded": false,
                "encoding": "WinAnsiEncoding",
                "family_name": "Titlingmes New Roman PS",
                "font_type": "TrueType",
                "italic": true,
                "monospaced": false,
                "name": "TimesNewRomanPS-ItalicMT",
                "subset": false,
                "weight": 400
            },
            "HasClip": true,
            "Lang": "en",
            "Page": 4,
            "Path": "//Document/P[16]",
            "Text": "XXX XXX XXX ",
            "TextSize": 14.039993286132812,
            "attributes": {
                "LineHeight": 16.875
            }
        },
        {
            "Bounds": [
                182.69000244140625,
                239.17735290527344,
                203.83424377441406,
                251.95376586914062
            ],
            "ClipBounds": [
                182.69000244140625,
                239.17735290527344,
                203.83424377441406,
                251.95376586914062
            ],
            "Font": {
                "alt_family_name": "Titlingmes New Roman PS",
                "embedded": false,
                "encoding": "WinAnsiEncoding",
                "family_name": "Titlingmes New Roman PS",
                "font_type": "TrueType",
                "italic": true,
                "monospaced": false,
                "name": "TimesNewRomanPS-ItalicMT",
                "subset": false,
                "weight": 400
            },
            "HasClip": true,
            "Page": 4,
            "Path": "//Document/L[6]/LI/Lbl",
            "Text": "10. ",
            "TextSize": 14.039993286132812
        },
        {
            "Bounds": [
                182.69000244140625,
                110.23927307128906,
                498.18458557128906,
                251.95376586914062
            ],
            "ClipBounds": [
                182.69000244140625,
                110.23927307128906,
                498.18458557128906,
                251.95376586914062
            ],
            "Font": {
                "alt_family_name": "Titlingmes New Roman PS",
                "embedded": true,
                "encoding": "Identity-H",
                "family_name": "Titlingmes New Roman PS",
                "font_type": "CIDFontType2",
                "italic": true,
                "monospaced": false,
                "name": "TimesNewRomanPS-ItalicMT",
                "subset": false,
                "weight": 400
            },
            "HasClip": true,
            "Page": 4,
            "Path": "//Document/L[6]/LI/LBody",
            "Text": "A perusal of the above shows that the Senior Examiner of Trade Marks has basically quoted subsection 9(1) (b) of the Trade Marks Act, 1999 and held that the mark is not registrable, as the mark is proposed to be used in India. The order is quite general in nature and does not consider the composite nature of the mark and various other elements of the mark, including the fact that there is a slogan… ",
            "TextSize": 14.039993286132812
        },
        {
            "Bounds": [
                182.69000244140625,
                717.54736328125,
                306.35589599609375,
                730.3237609863281
            ],
            "ClipBounds": [
                182.69000244140625,
                717.54736328125,
                306.35589599609375,
                730.3237609863281
            ],
            "Font": {
                "alt_family_name": "Titlingmes New Roman PS",
                "embedded": false,
                "encoding": "WinAnsiEncoding",
                "family_name": "Titlingmes New Roman PS",
                "font_type": "TrueType",
                "italic": true,
                "monospaced": false,
                "name": "TimesNewRomanPS-ItalicMT",
                "subset": false,
                "weight": 400
            },
            "HasClip": true,
            "Lang": "en",
            "Page": 5,
            "Path": "//Document/P[17]",
            "Text": "XXX XXX  XXX ",
            "TextSize": 14.039993286132812,
            "attributes": {
                "LineHeight": 16.875,
                "SpaceAfter": 10.375
            }
        },
        {
            "Bounds": [
                182.69000244140625,
                701.4673614501953,
                203.83424377441406,
                714.2437591552734
            ],
            "ClipBounds": [
                182.69000244140625,
                701.4673614501953,
                203.83424377441406,
                714.2437591552734
            ],
            "Font": {
                "alt_family_name": "Titlingmes New Roman PS",
                "embedded": false,
                "encoding": "WinAnsiEncoding",
                "family_name": "Titlingmes New Roman PS",
                "font_type": "TrueType",
                "italic": true,
                "monospaced": false,
                "name": "TimesNewRomanPS-ItalicMT",
                "subset": false,
                "weight": 400
            },
            "HasClip": true,
            "Page": 5,
            "Path": "//Document/L[7]/LI/Lbl",
            "Text": "12. ",
            "TextSize": 14.039993286132812
        },
        {
            "Bounds": [
                182.69000244140625,
                556.4492797851562,
                498.24375915527344,
                714.2437591552734
            ],
            "ClipBounds": [
                182.69000244140625,
                556.4492797851562,
                498.24375915527344,
                714.2437591552734
            ],
            "Font": {
                "alt_family_name": "Titlingmes New Roman PS",
                "embedded": true,
                "encoding": "Identity-H",
                "family_name": "Titlingmes New Roman PS",
                "font_type": "CIDFontType2",
                "italic": true,
                "monospaced": false,
                "name": "TimesNewRomanPS-ItalicMT",
                "subset": false,
                "weight": 400
            },
            "HasClip": true,
            "Page": 5,
            "Path": "//Document/L[7]/LI/LBody",
            "Text": "Accordingly, the impugned order is set aside. The matter is remanded back to the Registrar of Trade Marks for consideration of the matter afresh. While deciding on registrability, the list of banks which are already stated to be registered in India, whose names contain the word ‘bank’ as well as their geographical location, as also the global registrations of the Petitioner shall be considered. The settled legal position that slogans and taglines are also registrable as trade marks shall also be considered.” ",
            "TextSize": 14.039993286132812
        },
        {
            "Bounds": [
                126.02000427246094,
                528.8773651123047,
                147.1999969482422,
                541.6397247314453
            ],
            "ClipBounds": [
                126.02000427246094,
                528.8773651123047,
                147.1999969482422,
                541.6397247314453
            ],
            "Font": {
                "alt_family_name": "Titlingmes New Roman PSMT",
                "embedded": false,
                "encoding": "WinAnsiEncoding",
                "family_name": "Titlingmes New Roman PSMT",
                "font_type": "TrueType",
                "italic": false,
                "monospaced": false,
                "name": "TimesNewRomanPSMT",
                "subset": false,
                "weight": 400
            },
            "HasClip": true,
            "Page": 5,
            "Path": "//Document/L[8]/LI/Lbl",
            "Text": "10. ",
            "TextSize": 14.039993286132812
        },
        {
            "Bounds": [
                126.02000427246094,
                287.4173583984375,
                561.0912475585938,
                541.6397247314453
            ],
            "ClipBounds": [
                126.02000427246094,
                287.4173583984375,
                561.0912475585938,
                541.6397247314453
            ],
            "Font": {
                "alt_family_name": "Titlingmes New Roman PSMT",
                "embedded": false,
                "encoding": "WinAnsiEncoding",
                "family_name": "Titlingmes New Roman PSMT",
                "font_type": "TrueType",
                "italic": false,
                "monospaced": false,
                "name": "TimesNewRomanPSMT",
                "subset": false,
                "weight": 400
            },
            "HasClip": true,
            "Page": 5,
            "Path": "//Document/L[8]/LI/LBody",
            "Text": "Ld. Counsel for the Petitioner has also placed on record documents showing the manner in which the mark is used by the Petitioner. The Petitioner has also placed on record a list of global registrations, which it had obtained for the mark ‘RELAXEDFIT’. A perusal of the said documents and the accompanying global registrations shows that the mark ‘RELAXEDFIT’ is registered in almost all major jurisdictions, including United States of America, European Union, United Kingdom, Chile, China, Colombia, Taiwan, UAE, Australia, Japan, Russia, and several South American Countries. In a couple of registrations, there is a disclaimer qua the use of the term ‘FIT’, which has been imposed by the respective trademark authorities. ",
            "TextSize": 14.039993286132812
        },
        {
            "Bounds": [
                126.02000427246094,
                263.29736328125,
                147.1999969482422,
                276.0597229003906
            ],
            "ClipBounds": [
                126.02000427246094,
                263.29736328125,
                147.1999969482422,
                276.0597229003906
            ],
            "Font": {
                "alt_family_name": "Titlingmes New Roman PSMT",
                "embedded": false,
                "encoding": "WinAnsiEncoding",
                "family_name": "Titlingmes New Roman PSMT",
                "font_type": "TrueType",
                "italic": false,
                "monospaced": false,
                "name": "TimesNewRomanPSMT",
                "subset": false,
                "weight": 400
            },
            "HasClip": true,
            "Page": 5,
            "Path": "//Document/L[8]/LI[2]/Lbl",
            "Text": "11. ",
            "TextSize": 14.039993286132812
        },
        {
            "Bounds": [
                126.02000427246094,
                239.17735290527344,
                560.8946838378906,
                276.0597229003906
            ],
            "ClipBounds": [
                126.02000427246094,
                239.17735290527344,
                560.8946838378906,
                276.0597229003906
            ],
            "Font": {
                "alt_family_name": "Titlingmes New Roman PSMT",
                "embedded": false,
                "encoding": "WinAnsiEncoding",
                "family_name": "Titlingmes New Roman PSMT",
                "font_type": "TrueType",
                "italic": false,
                "monospaced": false,
                "name": "TimesNewRomanPSMT",
                "subset": false,
                "weight": 400
            },
            "HasClip": true,
            "Page": 5,
            "Path": "//Document/L[8]/LI[2]/LBody",
            "Text": "In the opinion of this Court, this is a fit case where the mark ought to proceed for registration, subject to certain conditions/disclaimer. ",
            "TextSize": 14.039993286132812
        },
        {
            "Bounds": [
                126.02000427246094,
                214.93736267089844,
                147.1999969482422,
                227.69972229003906
            ],
            "ClipBounds": [
                126.02000427246094,
                214.93736267089844,
                147.1999969482422,
                227.69972229003906
            ],
            "Font": {
                "alt_family_name": "Titlingmes New Roman PSMT",
                "embedded": false,
                "encoding": "WinAnsiEncoding",
                "family_name": "Titlingmes New Roman PSMT",
                "font_type": "TrueType",
                "italic": false,
                "monospaced": false,
                "name": "TimesNewRomanPSMT",
                "subset": false,
                "weight": 400
            },
            "HasClip": true,
            "Page": 5,
            "Path": "//Document/L[8]/LI[3]/Lbl",
            "Text": "12. ",
            "TextSize": 14.039993286132812
        },
        {
            "Bounds": [
                126.02000427246094,
                166.6673583984375,
                561.0253143310547,
                227.69972229003906
            ],
            "ClipBounds": [
                126.02000427246094,
                166.6673583984375,
                561.0253143310547,
                227.69972229003906
            ],
            "Font": {
                "alt_family_name": "Titlingmes New Roman PSMT",
                "embedded": false,
                "encoding": "WinAnsiEncoding",
                "family_name": "Titlingmes New Roman PSMT",
                "font_type": "TrueType",
                "italic": false,
                "monospaced": false,
                "name": "TimesNewRomanPSMT",
                "subset": false,
                "weight": 400
            },
            "HasClip": true,
            "Page": 5,
            "Path": "//Document/L[8]/LI[3]/LBody",
            "Text": "Mr. Anand, ld. Counsel for the Petitioner concedes that a disclaimer may be imposed on the use of the terms ‘RELAXED’ and ‘FIT’ individually.  ",
            "TextSize": 14.039993286132812
        },
        {
            "Bounds": [
                126.02000427246094,
                142.54736328125,
                147.1999969482422,
                155.30972290039062
            ],
            "ClipBounds": [
                126.02000427246094,
                142.54736328125,
                147.1999969482422,
                155.30972290039062
            ],
            "Font": {
                "alt_family_name": "Titlingmes New Roman PSMT",
                "embedded": false,
                "encoding": "WinAnsiEncoding",
                "family_name": "Titlingmes New Roman PSMT",
                "font_type": "TrueType",
                "italic": false,
                "monospaced": false,
                "name": "TimesNewRomanPSMT",
                "subset": false,
                "weight": 400
            },
            "HasClip": true,
            "Page": 5,
            "Path": "//Document/L[8]/LI[4]/Lbl",
            "Text": "13. ",
            "TextSize": 14.039993286132812
        },
        {
            "Bounds": [
                162.02000427246094,
                142.54736328125,
                439.3931121826172,
                155.30972290039062
            ],
            "ClipBounds": [
                162.02000427246094,
                142.54736328125,
                439.3931121826172,
                155.30972290039062
            ],
            "Font": {
                "alt_family_name": "Titlingmes New Roman PSMT",
                "embedded": false,
                "encoding": "WinAnsiEncoding",
                "family_name": "Titlingmes New Roman PSMT",
                "font_type": "TrueType",
                "italic": false,
                "monospaced": false,
                "name": "TimesNewRomanPSMT",
                "subset": false,
                "weight": 400
            },
            "HasClip": true,
            "Page": 5,
            "Path": "//Document/L[8]/LI[4]/LBody/ParagraphSpan",
            "Text": "Accordingly, the following directions are issued: ",
            "TextSize": 14.039993286132812
        },
        {
            "Bounds": [
                198.64999389648438,
                118.42735290527344,
                209.74600219726562,
                131.18971252441406
            ],
            "ClipBounds": [
                198.64999389648438,
                118.42735290527344,
                209.74600219726562,
                131.18971252441406
            ],
            "Font": {
                "alt_family_name": "Titlingmes New Roman PSMT",
                "embedded": false,
                "encoding": "WinAnsiEncoding",
                "family_name": "Titlingmes New Roman PSMT",
                "font_type": "TrueType",
                "italic": false,
                "monospaced": false,
                "name": "TimesNewRomanPSMT",
                "subset": false,
                "weight": 400
            },
            "HasClip": true,
            "Page": 5,
            "Path": "//Document/L[8]/LI[4]/LBody/L/LI/Lbl",
            "Text": "i. ",
            "TextSize": 14.039993286132812
        },
        {
            "Bounds": [
                218.2100067138672,
                118.42735290527344,
                560.9400024414062,
                132.73699951171875
            ],
            "ClipBounds": [
                218.2100067138672,
                118.42735290527344,
                560.9400024414062,
                132.73699951171875
            ],
            "Font": {
                "alt_family_name": "Titlingmes New Roman PSMT",
                "embedded": false,
                "encoding": "WinAnsiEncoding",
                "family_name": "Titlingmes New Roman PSMT",
                "font_type": "TrueType",
                "italic": false,
                "monospaced": false,
                "name": "TimesNewRomanPSMT",
                "subset": false,
                "weight": 400
            },
            "HasClip": true,
            "Page": 5,
            "Path": "//Document/L[8]/LI[4]/LBody/L/LI/LBody/ParagraphSpan",
            "Text": "Impugned orders dated 7th June, 2018 and 29th March, 2019, ",
            "TextSize": 14.039993286132812
        },
        {
            "Bounds": [
                218.2100067138672,
                693.4273529052734,
                560.8638458251953,
                730.3097229003906
            ],
            "ClipBounds": [
                218.2100067138672,
                693.4273529052734,
                560.8638458251953,
                730.3097229003906
            ],
            "Font": {
                "alt_family_name": "Titlingmes New Roman PSMT",
                "embedded": false,
                "encoding": "WinAnsiEncoding",
                "family_name": "Titlingmes New Roman PSMT",
                "font_type": "TrueType",
                "italic": false,
                "monospaced": false,
                "name": "TimesNewRomanPSMT",
                "subset": false,
                "weight": 400
            },
            "HasClip": true,
            "Lang": "en",
            "Page": 6,
            "Path": "//Document/L[8]/LI[4]/LBody/L/LI/LBody/P",
            "Text": "being completely devoid of any reasoning, and contrary to settled precedents, are set aside. ",
            "TextSize": 14.039993286132812,
            "attributes": {
                "LineHeight": 24.125
            }
        },
        {
            "Bounds": [
                198.64999389648438,
                669.3073577880859,
                213.70675659179688,
                682.0697174072266
            ],
            "ClipBounds": [
                198.64999389648438,
                669.3073577880859,
                213.70675659179688,
                682.0697174072266
            ],
            "Font": {
                "alt_family_name": "Titlingmes New Roman PSMT",
                "embedded": false,
                "encoding": "WinAnsiEncoding",
                "family_name": "Titlingmes New Roman PSMT",
                "font_type": "TrueType",
                "italic": false,
                "monospaced": false,
                "name": "TimesNewRomanPSMT",
                "subset": false,
                "weight": 400
            },
            "HasClip": true,
            "Page": 6,
            "Path": "//Document/L[8]/LI[4]/LBody/L/LI[2]/Lbl",
            "Text": "ii. ",
            "TextSize": 14.039993286132812
        },
        {
            "Bounds": [
                218.2100067138672,
                596.8273620605469,
                560.9606781005859,
                682.0697174072266
            ],
            "ClipBounds": [
                218.2100067138672,
                596.8273620605469,
                560.9606781005859,
                682.0697174072266
            ],
            "Font": {
                "alt_family_name": "Titlingmes New Roman PSMT",
                "embedded": false,
                "encoding": "WinAnsiEncoding",
                "family_name": "Titlingmes New Roman PSMT",
                "font_type": "TrueType",
                "italic": false,
                "monospaced": false,
                "name": "TimesNewRomanPSMT",
                "subset": false,
                "weight": 400
            },
            "HasClip": true,
            "Page": 6,
            "Path": "//Document/L[8]/LI[4]/LBody/L/LI[2]/LBody/ParagraphSpan",
            "Text": "The Petitioner’s trademark application, bearing No.2425633 in Class -25 for the mark ‘RELAXEDFIT’ used in respect of footwear, shall proceed for registration with the following condition/disclaimer: ",
            "TextSize": 14.039993286132812
        },
        {
            "Bounds": [
                234.0500030517578,
                524.2892761230469,
                560.9631958007812,
                588.3479156494141
            ],
            "ClipBounds": [
                234.0500030517578,
                524.2892761230469,
                560.9631958007812,
                588.3479156494141
            ],
            "Font": {
                "alt_family_name": "Titlingmes New Roman PS",
                "embedded": true,
                "encoding": "Identity-H",
                "family_name": "Titlingmes New Roman PS",
                "font_type": "CIDFontType2",
                "italic": true,
                "monospaced": false,
                "name": "TimesNewRomanPS-ItalicMT",
                "subset": false,
                "weight": 400
            },
            "HasClip": true,
            "Lang": "en",
            "Page": 6,
            "Path": "//Document/L[8]/LI[4]/LBody/L/LI[2]/LBody/P",
            "Text": "“No exclusive rights in the words ‘RELAXED’ separately and “FIT” separately, except as a combination and in the manner in which it is depicted in the present application.” ",
            "TextSize": 14.039993286132812,
            "attributes": {
                "LineHeight": 16.125,
                "SpaceAfter": 18,
                "TextAlign": "Justify"
            }
        },
        {
            "Bounds": [
                198.64999389648438,
                492.15736389160156,
                217.40744018554688,
                504.9197235107422
            ],
            "ClipBounds": [
                198.64999389648438,
                492.15736389160156,
                217.40744018554688,
                504.9197235107422
            ],
            "Font": {
                "alt_family_name": "Titlingmes New Roman PSMT",
                "embedded": false,
                "encoding": "WinAnsiEncoding",
                "family_name": "Titlingmes New Roman PSMT",
                "font_type": "TrueType",
                "italic": false,
                "monospaced": false,
                "name": "TimesNewRomanPSMT",
                "subset": false,
                "weight": 400
            },
            "HasClip": true,
            "Page": 6,
            "Path": "//Document/L[8]/LI[4]/LBody/L/LI[3]/Lbl",
            "Text": "iii. ",
            "TextSize": 14.039993286132812
        },
        {
            "Bounds": [
                218.2100067138672,
                419.67735290527344,
                560.9405364990234,
                504.9197235107422
            ],
            "ClipBounds": [
                218.2100067138672,
                419.67735290527344,
                560.9405364990234,
                504.9197235107422
            ],
            "Font": {
                "alt_family_name": "Titlingmes New Roman PSMT",
                "embedded": false,
                "encoding": "WinAnsiEncoding",
                "family_name": "Titlingmes New Roman PSMT",
                "font_type": "TrueType",
                "italic": false,
                "monospaced": false,
                "name": "TimesNewRomanPSMT",
                "subset": false,
                "weight": 400
            },
            "HasClip": true,
            "Page": 6,
            "Path": "//Document/L[8]/LI[4]/LBody/L/LI[3]/LBody",
            "Text": "The mark ‘RELAXEDFIT’, bearing trademark application bearing No.2425633 in Class-25 in respect of footwear, shall be advertised in the Trademark Journal, within three months, subject to the above condition. ",
            "TextSize": 14.039993286132812
        },
        {
            "Bounds": [
                126.02000427246094,
                395.55735778808594,
                147.1999969482422,
                408.31971740722656
            ],
            "ClipBounds": [
                126.02000427246094,
                395.55735778808594,
                147.1999969482422,
                408.31971740722656
            ],
            "Font": {
                "alt_family_name": "Titlingmes New Roman PSMT",
                "embedded": false,
                "encoding": "WinAnsiEncoding",
                "family_name": "Titlingmes New Roman PSMT",
                "font_type": "TrueType",
                "italic": false,
                "monospaced": false,
                "name": "TimesNewRomanPSMT",
                "subset": false,
                "weight": 400
            },
            "HasClip": true,
            "Page": 6,
            "Path": "//Document/L[8]/LI[5]/Lbl",
            "Text": "14. ",
            "TextSize": 14.039993286132812
        },
        {
            "Bounds": [
                126.02000427246094,
                347.17735290527344,
                560.9575653076172,
                408.31971740722656
            ],
            "ClipBounds": [
                126.02000427246094,
                347.17735290527344,
                560.9575653076172,
                408.31971740722656
            ],
            "Font": {
                "alt_family_name": "Titlingmes New Roman PSMT",
                "embedded": false,
                "encoding": "WinAnsiEncoding",
                "family_name": "Titlingmes New Roman PSMT",
                "font_type": "TrueType",
                "italic": false,
                "monospaced": false,
                "name": "TimesNewRomanPSMT",
                "subset": false,
                "weight": 400
            },
            "HasClip": true,
            "Page": 6,
            "Path": "//Document/L[8]/LI[5]/LBody",
            "Text": "The present order shall not have any effect on the merits of any opposition proceedings, if any, filed against the Petitioner’s trademark application. ",
            "TextSize": 14.039993286132812
        },
        {
            "Bounds": [
                126.02000427246094,
                323.05735778808594,
                147.1999969482422,
                335.81971740722656
            ],
            "ClipBounds": [
                126.02000427246094,
                323.05735778808594,
                147.1999969482422,
                335.81971740722656
            ],
            "Font": {
                "alt_family_name": "Titlingmes New Roman PSMT",
                "embedded": false,
                "encoding": "WinAnsiEncoding",
                "family_name": "Titlingmes New Roman PSMT",
                "font_type": "TrueType",
                "italic": false,
                "monospaced": false,
                "name": "TimesNewRomanPSMT",
                "subset": false,
                "weight": 400
            },
            "HasClip": true,
            "Page": 6,
            "Path": "//Document/L[8]/LI[6]/Lbl",
            "Text": "15. ",
            "TextSize": 14.039993286132812
        },
        {
            "Bounds": [
                126.02000427246094,
                298.93736267089844,
                560.8634796142578,
                335.81971740722656
            ],
            "ClipBounds": [
                126.02000427246094,
                298.93736267089844,
                560.8634796142578,
                335.81971740722656
            ],
            "Font": {
                "alt_family_name": "Titlingmes New Roman PSMT",
                "embedded": false,
                "encoding": "WinAnsiEncoding",
                "family_name": "Titlingmes New Roman PSMT",
                "font_type": "TrueType",
                "italic": false,
                "monospaced": false,
                "name": "TimesNewRomanPSMT",
                "subset": false,
                "weight": 400
            },
            "HasClip": true,
            "Page": 6,
            "Path": "//Document/L[8]/LI[6]/LBody",
            "Text": "The present petition is disposed of in the above terms. All pending applications also are also disposed of. No orders as to costs. ",
            "TextSize": 14.039993286132812
        },
        {
            "Bounds": [
                414.5500030517578,
                258.73736572265625,
                560.8945617675781,
                271.27508544921875
            ],
            "ClipBounds": [
                414.5500030517578,
                258.73736572265625,
                560.8945617675781,
                271.27508544921875
            ],
            "Font": {
                "alt_family_name": "Titlingmes New Roman PS",
                "embedded": false,
                "encoding": "WinAnsiEncoding",
                "family_name": "Titlingmes New Roman PS",
                "font_type": "TrueType",
                "italic": false,
                "monospaced": false,
                "name": "TimesNewRomanPS-BoldMT",
                "subset": false,
                "weight": 700
            },
            "HasClip": true,
            "Page": 6,
            "Path": "//Document/P[18]/Sub",
            "Text": "PRATHIBA M. SINGH ",
            "TextSize": 14.039993286132812,
            "attributes": {
                "Placement": "Block"
            }
        },
        {
            "Bounds": [
                461.97999572753906,
                242.537353515625,
                512.973388671875,
                255.0750732421875
            ],
            "ClipBounds": [
                461.97999572753906,
                242.537353515625,
                512.973388671875,
                255.0750732421875
            ],
            "Font": {
                "alt_family_name": "Titlingmes New Roman PS",
                "embedded": false,
                "encoding": "WinAnsiEncoding",
                "family_name": "Titlingmes New Roman PS",
                "font_type": "TrueType",
                "italic": false,
                "monospaced": false,
                "name": "TimesNewRomanPS-BoldMT",
                "subset": false,
                "weight": 700
            },
            "HasClip": true,
            "Page": 6,
            "Path": "//Document/P[18]/Sub[2]",
            "Text": "JUDGE ",
            "TextSize": 14.039993286132812,
            "attributes": {
                "Placement": "Block"
            }
        },
        {
            "Bounds": [
                126.02000427246094,
                226.45736694335938,
                253.67263793945312,
                239.2337646484375
            ],
            "ClipBounds": [
                126.02000427246094,
                226.45736694335938,
                253.67263793945312,
                239.2337646484375
            ],
            "Font": {
                "alt_family_name": "Titlingmes New Roman PS",
                "embedded": false,
                "encoding": "WinAnsiEncoding",
                "family_name": "Titlingmes New Roman PS",
                "font_type": "TrueType",
                "italic": true,
                "monospaced": false,
                "name": "TimesNewRomanPS-ItalicMT",
                "subset": false,
                "weight": 400
            },
            "HasClip": true,
            "Lang": "da",
            "Page": 6,
            "Path": "//Document/P[19]",
            "Text": "JULY 14, 2022/dk/ad ",
            "TextSize": 14.039993286132812,
            "attributes": {
                "LineHeight": 16.875,
                "SpaceAfter": 18
            }
        }
    ],
    "pages": [
        {
            "boxes": {
                "CropBox": [
                    0.0,
                    0.0,
                    595.4400024414062,
                    841.6799926757812
                ],
                "MediaBox": [
                    0.0,
                    0.0,
                    595.4400024414062,
                    841.6799926757812
                ]
            },
            "height": 841.6799926757812,
            "is_scanned": false,
            "page_number": 0,
            "rotation": 0,
            "width": 595.4400024414062
        },
        {
            "boxes": {
                "CropBox": [
                    0.0,
                    0.0,
                    595.4400024414062,
                    841.6799926757812
                ],
                "MediaBox": [
                    0.0,
                    0.0,
                    595.4400024414062,
                    841.6799926757812
                ]
            },
            "height": 841.6799926757812,
            "is_scanned": false,
            "page_number": 1,
            "rotation": 0,
            "width": 595.4400024414062
        },
        {
            "boxes": {
                "CropBox": [
                    0.0,
                    0.0,
                    595.4400024414062,
                    841.6799926757812
                ],
                "MediaBox": [
                    0.0,
                    0.0,
                    595.4400024414062,
                    841.6799926757812
                ]
            },
            "height": 841.6799926757812,
            "is_scanned": false,
            "page_number": 2,
            "rotation": 0,
            "width": 595.4400024414062
        },
        {
            "boxes": {
                "CropBox": [
                    0.0,
                    0.0,
                    595.4400024414062,
                    841.6799926757812
                ],
                "MediaBox": [
                    0.0,
                    0.0,
                    595.4400024414062,
                    841.6799926757812
                ]
            },
            "height": 841.6799926757812,
            "is_scanned": false,
            "page_number": 3,
            "rotation": 0,
            "width": 595.4400024414062
        },
        {
            "boxes": {
                "CropBox": [
                    0.0,
                    0.0,
                    595.4400024414062,
                    841.6799926757812
                ],
                "MediaBox": [
                    0.0,
                    0.0,
                    595.4400024414062,
                    841.6799926757812
                ]
            },
            "height": 841.6799926757812,
            "is_scanned": false,
            "page_number": 4,
            "rotation": 0,
            "width": 595.4400024414062
        },
        {
            "boxes": {
                "CropBox": [
                    0.0,
                    0.0,
                    595.4400024414062,
                    841.6799926757812
                ],
                "MediaBox": [
                    0.0,
                    0.0,
                    595.4400024414062,
                    841.6799926757812
                ]
            },
            "height": 841.6799926757812,
            "is_scanned": false,
            "page_number": 5,
            "rotation": 0,
            "width": 595.4400024414062
        },
        {
            "boxes": {
                "CropBox": [
                    0.0,
                    0.0,
                    595.4400024414062,
                    841.6799926757812
                ],
                "MediaBox": [
                    0.0,
                    0.0,
                    595.4400024414062,
                    841.6799926757812
                ]
            },
            "height": 841.6799926757812,
            "is_scanned": false,
            "page_number": 6,
            "rotation": 0,
            "width": 595.4400024414062
        }
    ]
}