{
    "version": {
        "json_export": "184",
        "page_segmentation": "5",
        "schema": "1.1.0",
        "structure": "1.1006.0",
        "table_structure": "5"
    },
    "extended_metadata": {
        "ID_instance": "36 36 20 37 42 20 37 41 20 45 45 20 46 39 20 32 37 20 42 32 20 41 46 20 32 30 20 46 31 20 32 39 20 33 35 20 34 37 20 35 35 20 43 43 20 43 37 20 ",
        "ID_permanent": "33 36 20 36 34 20 33 43 20 37 34 20 38 43 20 42 35 20 42 32 20 31 31 20 30 41 20 30 30 20 36 37 20 34 35 20 38 42 20 36 42 20 43 36 20 32 33 20 ",
        "pdf_version": "1.6",
        "pdfa_compliance_level": "",
        "is_encrypted": false,
        "has_acroform": true,
        "is_digitally_signed": true,
        "pdfua_compliance_level": "",
        "page_count": 2,
        "has_embedded_files": false,
        "is_certified": false,
        "is_XFA": false,
        "language": "en-IN"
    },
    "elements": [
        {
            "Bounds": [
                187.89999389648438,
                265.97999572753906,
                499.8999938964844,
                575.7299957275391
            ],
            "ClipBounds": [
                187.89999389648438,
                265.97999572753906,
                499.8999938964844,
                575.7299957275391
            ],
            "HasClip": true,
            "Image": {
                "bits_per_component": 8,
                "colorspace": {
                    "Name": "DeviceRGB"
                },
                "data_length": 2061696,
                "height": 826,
                "resolution_horizontal": 192.0,
                "resolution_vertical": 192.0,
                "width": 832
            },
            "Page": 0,
            "Path": "//Document/Sect/Watermark"
        },
        {
            "Bounds": [
                130.5800018310547,
                717.54736328125,
                162.7100067138672,
                730.3097229003906
            ],
            "ClipBounds": [
                130.5800018310547,
                717.54736328125,
                162.7100067138672,
                730.3097229003906
            ],
            "Font": {
                "alt_family_name": "Titlingmes New Roman PSMT",
                "embedded": false,
                "encoding": "WinAnsiEncoding",
                "family_name": "Titlingmes New Roman PSMT",
                "font_type": "TrueType",
                "italic": false,
                "monospaced": false,
                "name": "TimesNewRomanPSMT",
                "subset": false,
                "weight": 400
            },
            "HasClip": true,
            "Lang": "en",
            "Page": 0,
            "Path": "//Document/Sect/P",
            "Text": "$~31 ",
            "TextSize": 14.039993286132812
        },
        {
            "Bounds": [
                130.5800018310547,
                701.4673614501953,
                522.5490264892578,
                714.2297210693359
            ],
            "ClipBounds": [
                130.5800018310547,
                701.4673614501953,
                522.5490264892578,
                714.2297210693359
            ],
            "Font": {
                "alt_family_name": "Titlingmes New Roman PS",
                "embedded": false,
                "encoding": "WinAnsiEncoding",
                "family_name": "Titlingmes New Roman PS",
                "font_type": "TrueType",
                "italic": false,
                "monospaced": false,
                "name": "TimesNewRomanPS-BoldMT",
                "subset": false,
                "weight": 700
            },
            "HasClip": true,
            "Lang": "en",
            "Page": 0,
            "Path": "//Document/Sect/P[2]",
            "Text": "* IN THE  HIGH  COURT  OF DELHI  AT  NEW  DELHI ",
            "TextSize": 14.039993286132812
        },
        {
            "Bounds": [
                130.5800018310547,
                677.3473663330078,
                145.78521728515625,
                690.1237640380859
            ],
            "ClipBounds": [
                130.5800018310547,
                677.3473663330078,
                145.78521728515625,
                690.1237640380859
            ],
            "Font": {
                "alt_family_name": "Titlingmes New Roman PS",
                "embedded": false,
                "encoding": "WinAnsiEncoding",
                "family_name": "Titlingmes New Roman PS",
                "font_type": "TrueType",
                "italic": true,
                "monospaced": false,
                "name": "TimesNewRomanPS-ItalicMT",
                "subset": false,
                "weight": 400
            },
            "HasClip": true,
            "Lang": "en",
            "Page": 0,
            "Path": "//Document/Sect/P[3]",
            "Text": "% ",
            "TextSize": 14.039993286132812
        },
        {
            "Bounds": [
                346.6300048828125,
                677.3473663330078,
                535.1598052978516,
                691.6660003662109
            ],
            "ClipBounds": [
                346.6300048828125,
                677.3473663330078,
                535.1598052978516,
                691.6660003662109
            ],
            "Font": {
                "alt_family_name": "Titlingmes New Roman PS",
                "embedded": false,
                "encoding": "WinAnsiEncoding",
                "family_name": "Titlingmes New Roman PS",
                "font_type": "TrueType",
                "italic": true,
                "monospaced": false,
                "name": "TimesNewRomanPS-ItalicMT",
                "subset": false,
                "weight": 400
            },
            "HasClip": true,
            "Lang": "en",
            "Page": 0,
            "Path": "//Document/Sect/P[4]",
            "Text": "Date of Decision: 21st July, 2022 ",
            "TextSize": 14.039993286132812,
            "attributes": {
                "LineHeight": 16.875,
                "TextAlign": "End"
            }
        },
        {
            "Bounds": [
                130.5800018310547,
                653.1073608398438,
                142.0084991455078,
                665.8697204589844
            ],
            "ClipBounds": [
                130.5800018310547,
                653.1073608398438,
                142.0084991455078,
                665.8697204589844
            ],
            "Font": {
                "alt_family_name": "Titlingmes New Roman PSMT",
                "embedded": false,
                "encoding": "WinAnsiEncoding",
                "family_name": "Titlingmes New Roman PSMT",
                "font_type": "TrueType",
                "italic": false,
                "monospaced": false,
                "name": "TimesNewRomanPSMT",
                "subset": false,
                "weight": 400
            },
            "HasClip": true,
            "Page": 0,
            "Path": "//Document/Sect/L/LI/Lbl",
            "Text": "+ ",
            "TextSize": 14.039993286132812
        },
        {
            "Bounds": [
                166.61000061035156,
                653.1073608398438,
                467.45655822753906,
                665.8697204589844
            ],
            "ClipBounds": [
                166.61000061035156,
                653.1073608398438,
                467.45655822753906,
                665.8697204589844
            ],
            "Font": {
                "alt_family_name": "Titlingmes New Roman PSMT",
                "embedded": false,
                "encoding": "WinAnsiEncoding",
                "family_name": "Titlingmes New Roman PSMT",
                "font_type": "TrueType",
                "italic": false,
                "monospaced": false,
                "name": "TimesNewRomanPSMT",
                "subset": false,
                "weight": 400
            },
            "HasClip": true,
            "Page": 0,
            "Path": "//Document/Sect/L/LI/LBody",
            "Text": "CS(COMM) 367/2022 & I.A. 8591/2022, 8592/2022 ",
            "TextSize": 14.039993286132812
        },
        {
            "Bounds": [
                166.61000061035156,
                628.9873657226562,
                530.6116638183594,
                641.7497253417969
            ],
            "ClipBounds": [
                166.61000061035156,
                628.9873657226562,
                530.6116638183594,
                641.7497253417969
            ],
            "Font": {
                "alt_family_name": "Titlingmes New Roman PSMT",
                "embedded": false,
                "encoding": "WinAnsiEncoding",
                "family_name": "Titlingmes New Roman PSMT",
                "font_type": "TrueType",
                "italic": false,
                "monospaced": false,
                "name": "TimesNewRomanPSMT",
                "subset": false,
                "weight": 400
            },
            "HasClip": true,
            "Lang": "en",
            "Page": 0,
            "Path": "//Document/Sect/P[5]",
            "Text": "SHIVAN RAMACHANDRAN & ANR. ..... Plaintiffs ",
            "TextSize": 14.039993286132812
        },
        {
            "Bounds": [
                274.6300048828125,
                612.9073638916016,
                494.89048767089844,
                625.6697235107422
            ],
            "ClipBounds": [
                274.6300048828125,
                612.9073638916016,
                494.89048767089844,
                625.6697235107422
            ],
            "Font": {
                "alt_family_name": "Titlingmes New Roman PSMT",
                "embedded": false,
                "encoding": "WinAnsiEncoding",
                "family_name": "Titlingmes New Roman PSMT",
                "font_type": "TrueType",
                "italic": false,
                "monospaced": false,
                "name": "TimesNewRomanPSMT",
                "subset": false,
                "weight": 400
            },
            "HasClip": true,
            "Lang": "en",
            "Page": 0,
            "Path": "//Document/Sect/P[6]",
            "Text": "Through: Mr. Tahir A.J., Advocate. ",
            "TextSize": 14.039993286132812
        },
        {
            "Bounds": [
                274.6300048828125,
                588.787353515625,
                313.9280700683594,
                601.5497131347656
            ],
            "ClipBounds": [
                274.6300048828125,
                588.787353515625,
                313.9280700683594,
                601.5497131347656
            ],
            "Font": {
                "alt_family_name": "Titlingmes New Roman PSMT",
                "embedded": false,
                "encoding": "WinAnsiEncoding",
                "family_name": "Titlingmes New Roman PSMT",
                "font_type": "TrueType",
                "italic": false,
                "monospaced": false,
                "name": "TimesNewRomanPSMT",
                "subset": false,
                "weight": 400
            },
            "HasClip": true,
            "Lang": "en",
            "Page": 0,
            "Path": "//Document/Sect/P[7]",
            "Text": "versus ",
            "TextSize": 14.039993286132812
        },
        {
            "Bounds": [
                166.61000061035156,
                564.6373596191406,
                295.7639617919922,
                577.3997192382812
            ],
            "ClipBounds": [
                166.61000061035156,
                564.6373596191406,
                295.7639617919922,
                577.3997192382812
            ],
            "Font": {
                "alt_family_name": "Titlingmes New Roman PSMT",
                "embedded": false,
                "encoding": "WinAnsiEncoding",
                "family_name": "Titlingmes New Roman PSMT",
                "font_type": "TrueType",
                "italic": false,
                "monospaced": false,
                "name": "TimesNewRomanPSMT",
                "subset": false,
                "weight": 400
            },
            "HasClip": true,
            "Lang": "en",
            "Page": 0,
            "Path": "//Document/Sect/P[8]",
            "Text": "MADHUR SHARMA ",
            "TextSize": 14.039993286132812
        },
        {
            "Bounds": [
                454.6600036621094,
                564.6373596191406,
                537.5100402832031,
                577.3997192382812
            ],
            "ClipBounds": [
                454.6600036621094,
                564.6373596191406,
                537.5100402832031,
                577.3997192382812
            ],
            "Font": {
                "alt_family_name": "Titlingmes New Roman PSMT",
                "embedded": false,
                "encoding": "WinAnsiEncoding",
                "family_name": "Titlingmes New Roman PSMT",
                "font_type": "TrueType",
                "italic": false,
                "monospaced": false,
                "name": "TimesNewRomanPSMT",
                "subset": false,
                "weight": 400
            },
            "HasClip": true,
            "Lang": "en",
            "Page": 0,
            "Path": "//Document/Sect/P[9]",
            "Text": "..... Defendant ",
            "TextSize": 14.039993286132812
        },
        {
            "Bounds": [
                274.6300048828125,
                532.3573608398438,
                560.8790740966797,
                561.1997222900391
            ],
            "ClipBounds": [
                274.6300048828125,
                532.3573608398438,
                560.8790740966797,
                561.1997222900391
            ],
            "Font": {
                "alt_family_name": "Titlingmes New Roman PSMT",
                "embedded": false,
                "encoding": "WinAnsiEncoding",
                "family_name": "Titlingmes New Roman PSMT",
                "font_type": "TrueType",
                "italic": false,
                "monospaced": false,
                "name": "TimesNewRomanPSMT",
                "subset": false,
                "weight": 400
            },
            "HasClip": true,
            "Lang": "en",
            "Page": 0,
            "Path": "//Document/Sect/P[10]",
            "Text": "Through: Mr. Manish Biala and Mr. Devesh Ratan, Advocates. ",
            "TextSize": 14.039993286132812
        },
        {
            "Bounds": [
                166.61000061035156,
                516.2773590087891,
                229.32656860351562,
                528.8150787353516
            ],
            "ClipBounds": [
                166.61000061035156,
                516.2773590087891,
                229.32656860351562,
                528.8150787353516
            ],
            "Font": {
                "alt_family_name": "Titlingmes New Roman PS",
                "embedded": false,
                "encoding": "WinAnsiEncoding",
                "family_name": "Titlingmes New Roman PS",
                "font_type": "TrueType",
                "italic": false,
                "monospaced": false,
                "name": "TimesNewRomanPS-BoldMT",
                "subset": false,
                "weight": 700
            },
            "HasClip": true,
            "Page": 0,
            "Path": "//Document/Sect/P[11]/Sub",
            "Text": "CORAM: ",
            "TextSize": 14.039993286132812,
            "attributes": {
                "Placement": "Block"
            }
        },
        {
            "Bounds": [
                166.61000061035156,
                500.1973571777344,
                419.48443603515625,
                512.7350769042969
            ],
            "ClipBounds": [
                166.61000061035156,
                500.1973571777344,
                419.48443603515625,
                512.7350769042969
            ],
            "Font": {
                "alt_family_name": "Titlingmes New Roman PS",
                "embedded": false,
                "encoding": "WinAnsiEncoding",
                "family_name": "Titlingmes New Roman PS",
                "font_type": "TrueType",
                "italic": false,
                "monospaced": false,
                "name": "TimesNewRomanPS-BoldMT",
                "subset": false,
                "weight": 700
            },
            "HasClip": true,
            "Page": 0,
            "Path": "//Document/Sect/P[11]/Sub[2]",
            "Text": "HON'BLE MS. JUSTICE JYOTI SINGH ",
            "TextSize": 14.039993286132812,
            "attributes": {
                "Placement": "Block"
            }
        },
        {
            "Bounds": [
                299.3500061035156,
                473.79736328125,
                392.3877868652344,
                486.3350830078125
            ],
            "ClipBounds": [
                299.3500061035156,
                473.79736328125,
                392.3877868652344,
                486.3350830078125
            ],
            "Font": {
                "alt_family_name": "Titlingmes New Roman PS",
                "embedded": false,
                "encoding": "WinAnsiEncoding",
                "family_name": "Titlingmes New Roman PS",
                "font_type": "TrueType",
                "italic": false,
                "monospaced": false,
                "name": "TimesNewRomanPS-BoldMT",
                "subset": false,
                "weight": 700
            },
            "HasClip": true,
            "Lang": "en",
            "Page": 0,
            "Path": "//Document/Sect/Title",
            "Text": "JUDGEMENT ",
            "TextSize": 14.039993286132812,
            "attributes": {
                "LineHeight": 16.875,
                "TextAlign": "Center"
            }
        },
        {
            "Bounds": [
                130.5800018310547,
                447.27735900878906,
                296.4581604003906,
                459.81507873535156
            ],
            "ClipBounds": [
                130.5800018310547,
                447.27735900878906,
                296.4581604003906,
                459.81507873535156
            ],
            "Font": {
                "alt_family_name": "Titlingmes New Roman PS",
                "embedded": false,
                "encoding": "WinAnsiEncoding",
                "family_name": "Titlingmes New Roman PS",
                "font_type": "TrueType",
                "italic": false,
                "monospaced": false,
                "name": "TimesNewRomanPS-BoldMT",
                "subset": false,
                "weight": 700
            },
            "HasClip": true,
            "Lang": "en",
            "Page": 0,
            "Path": "//Document/Sect[2]/H1",
            "Text": "JYOTI SINGH, J. (ORAL) ",
            "TextSize": 14.039993286132812
        },
        {
            "Bounds": [
                130.5800018310547,
                423.15736389160156,
                144.80123901367188,
                435.9197235107422
            ],
            "ClipBounds": [
                130.5800018310547,
                423.15736389160156,
                144.80123901367188,
                435.9197235107422
            ],
            "Font": {
                "alt_family_name": "Titlingmes New Roman PSMT",
                "embedded": false,
                "encoding": "WinAnsiEncoding",
                "family_name": "Titlingmes New Roman PSMT",
                "font_type": "TrueType",
                "italic": false,
                "monospaced": false,
                "name": "TimesNewRomanPSMT",
                "subset": false,
                "weight": 400
            },
            "HasClip": true,
            "Page": 0,
            "Path": "//Document/Sect[2]/L/LI/Lbl",
            "Text": "1. ",
            "TextSize": 14.039993286132812
        },
        {
            "Bounds": [
                162.49000549316406,
                318.57000732421875,
                301.6797180175781,
                342.7100067138672
            ],
            "ClipBounds": [
                162.49000549316406,
                318.57000732421875,
                301.6797180175781,
                342.7100067138672
            ],
            "Font": {
                "alt_family_name": "Titlingmes New Roman PSMT",
                "embedded": false,
                "encoding": "WinAnsiEncoding",
                "family_name": "Titlingmes New Roman PSMT",
                "font_type": "TrueType",
                "italic": false,
                "monospaced": false,
                "name": "TimesNewRomanPSMT",
                "subset": false,
                "weight": 400
            },
            "HasClip": true,
            "Page": 0,
            "Path": "//Document/Sect[2]/L/LI/LBody/StyleSpan/Reference",
            "Text": "http://samudrawire.com ",
            "TextSize": 14.039993286132812
        },
        {
            "Bounds": [
                130.5800018310547,
                302.4173583984375,
                561.0813598632812,
                435.9197235107422
            ],
            "ClipBounds": [
                130.5800018310547,
                302.4173583984375,
                561.0813598632812,
                435.9197235107422
            ],
            "Font": {
                "alt_family_name": "Titlingmes New Roman PSMT",
                "embedded": false,
                "encoding": "WinAnsiEncoding",
                "family_name": "Titlingmes New Roman PSMT",
                "font_type": "TrueType",
                "italic": false,
                "monospaced": false,
                "name": "TimesNewRomanPSMT",
                "subset": false,
                "weight": 400
            },
            "HasClip": true,
            "Page": 0,
            "Path": "//Document/Sect[2]/L/LI/LBody",
            "Text": "On 27.05.2022, learned counsel who entered appearance on behalf of the Defendant had, on instructions, submitted that the Defendant shall withdraw the trademark applications before the Registrar of Trade Marks being TM Nos. 4577410 and 5384540 and shall also withdraw the domain name from the various social media platforms such as Facebook, Instagram etc. ",
            "TextSize": 14.039993286132812
        },
        {
            "Bounds": [
                130.5800018310547,
                278.17735290527344,
                144.80123901367188,
                290.93971252441406
            ],
            "ClipBounds": [
                130.5800018310547,
                278.17735290527344,
                144.80123901367188,
                290.93971252441406
            ],
            "Font": {
                "alt_family_name": "Titlingmes New Roman PSMT",
                "embedded": false,
                "encoding": "WinAnsiEncoding",
                "family_name": "Titlingmes New Roman PSMT",
                "font_type": "TrueType",
                "italic": false,
                "monospaced": false,
                "name": "TimesNewRomanPSMT",
                "subset": false,
                "weight": 400
            },
            "HasClip": true,
            "Page": 0,
            "Path": "//Document/Sect[2]/L/LI[2]/Lbl",
            "Text": "2. ",
            "TextSize": 14.039993286132812
        },
        {
            "Bounds": [
                130.5800018310547,
                205.787353515625,
                561.0588073730469,
                290.93971252441406
            ],
            "ClipBounds": [
                130.5800018310547,
                205.787353515625,
                561.0588073730469,
                290.93971252441406
            ],
            "Font": {
                "alt_family_name": "Titlingmes New Roman PSMT",
                "embedded": false,
                "encoding": "WinAnsiEncoding",
                "family_name": "Titlingmes New Roman PSMT",
                "font_type": "TrueType",
                "italic": false,
                "monospaced": false,
                "name": "TimesNewRomanPSMT",
                "subset": false,
                "weight": 400
            },
            "HasClip": true,
            "Page": 0,
            "Path": "//Document/Sect[2]/L/LI[2]/LBody",
            "Text": "Learned counsel had also undertaken that no further sale of the impugned products under the impugned trademark will be carried out by the Defendant. The undertaking as well as the statement made were taken on record. ",
            "TextSize": 14.039993286132812
        },
        {
            "Bounds": [
                130.5800018310547,
                181.6673583984375,
                144.80123901367188,
                194.42971801757812
            ],
            "ClipBounds": [
                130.5800018310547,
                181.6673583984375,
                144.80123901367188,
                194.42971801757812
            ],
            "Font": {
                "alt_family_name": "Titlingmes New Roman PSMT",
                "embedded": false,
                "encoding": "WinAnsiEncoding",
                "family_name": "Titlingmes New Roman PSMT",
                "font_type": "TrueType",
                "italic": false,
                "monospaced": false,
                "name": "TimesNewRomanPSMT",
                "subset": false,
                "weight": 400
            },
            "HasClip": true,
            "Page": 0,
            "Path": "//Document/Sect[2]/L/LI[3]/Lbl",
            "Text": "3. ",
            "TextSize": 14.039993286132812
        },
        {
            "Bounds": [
                130.5800018310547,
                109.18736267089844,
                561.0852203369141,
                194.42971801757812
            ],
            "ClipBounds": [
                130.5800018310547,
                109.18736267089844,
                561.0852203369141,
                194.42971801757812
            ],
            "Font": {
                "alt_family_name": "Titlingmes New Roman PSMT",
                "embedded": false,
                "encoding": "WinAnsiEncoding",
                "family_name": "Titlingmes New Roman PSMT",
                "font_type": "TrueType",
                "italic": false,
                "monospaced": false,
                "name": "TimesNewRomanPSMT",
                "subset": false,
                "weight": 400
            },
            "HasClip": true,
            "Page": 0,
            "Path": "//Document/Sect[2]/L/LI[3]/LBody",
            "Text": "At request of learned counsel for the Plaintiffs, Defendant was directed to file an affidavit indicating the existing stocks, details of the sales from May, 2020 till 27.05.2022 with sales figure, certified by the Chartered Accountant. ",
            "TextSize": 14.039993286132812
        },
        {
            "Bounds": [
                130.5800018310547,
                717.54736328125,
                144.80123901367188,
                730.3097229003906
            ],
            "ClipBounds": [
                130.5800018310547,
                717.54736328125,
                144.80123901367188,
                730.3097229003906
            ],
            "Font": {
                "alt_family_name": "Titlingmes New Roman PSMT",
                "embedded": false,
                "encoding": "WinAnsiEncoding",
                "family_name": "Titlingmes New Roman PSMT",
                "font_type": "TrueType",
                "italic": false,
                "monospaced": false,
                "name": "TimesNewRomanPSMT",
                "subset": false,
                "weight": 400
            },
            "HasClip": true,
            "Page": 1,
            "Path": "//Document/Sect[2]/L/LI[4]/Lbl",
            "Text": "4. ",
            "TextSize": 14.039993286132812
        },
        {
            "Bounds": [
                130.5800018310547,
                693.4273529052734,
                561.0945587158203,
                730.3097229003906
            ],
            "ClipBounds": [
                130.5800018310547,
                693.4273529052734,
                561.0945587158203,
                730.3097229003906
            ],
            "Font": {
                "alt_family_name": "Titlingmes New Roman PSMT",
                "embedded": false,
                "encoding": "WinAnsiEncoding",
                "family_name": "Titlingmes New Roman PSMT",
                "font_type": "TrueType",
                "italic": false,
                "monospaced": false,
                "name": "TimesNewRomanPSMT",
                "subset": false,
                "weight": 400
            },
            "HasClip": true,
            "Page": 1,
            "Path": "//Document/Sect[2]/L/LI[4]/LBody",
            "Text": "The same has been filed along with the certificate of the Chartered Accountant. ",
            "TextSize": 14.039993286132812
        },
        {
            "Bounds": [
                130.5800018310547,
                669.3073577880859,
                144.80123901367188,
                682.0697174072266
            ],
            "ClipBounds": [
                130.5800018310547,
                669.3073577880859,
                144.80123901367188,
                682.0697174072266
            ],
            "Font": {
                "alt_family_name": "Titlingmes New Roman PSMT",
                "embedded": false,
                "encoding": "WinAnsiEncoding",
                "family_name": "Titlingmes New Roman PSMT",
                "font_type": "TrueType",
                "italic": false,
                "monospaced": false,
                "name": "TimesNewRomanPSMT",
                "subset": false,
                "weight": 400
            },
            "HasClip": true,
            "Page": 1,
            "Path": "//Document/Sect[2]/L/LI[5]/Lbl",
            "Text": "5. ",
            "TextSize": 14.039993286132812
        },
        {
            "Bounds": [
                130.5800018310547,
                596.8273620605469,
                561.1328430175781,
                682.0697174072266
            ],
            "ClipBounds": [
                130.5800018310547,
                596.8273620605469,
                561.1328430175781,
                682.0697174072266
            ],
            "Font": {
                "alt_family_name": "Titlingmes New Roman PSMT",
                "embedded": false,
                "encoding": "WinAnsiEncoding",
                "family_name": "Titlingmes New Roman PSMT",
                "font_type": "TrueType",
                "italic": false,
                "monospaced": false,
                "name": "TimesNewRomanPSMT",
                "subset": false,
                "weight": 400
            },
            "HasClip": true,
            "Page": 1,
            "Path": "//Document/Sect[2]/L/LI[5]/LBody",
            "Text": "Learned counsel for the Plaintiffs after perusing the affidavit and the Chartered Accountant’s certificate fairly and candidly, on instructions, submits that the sales are very nominal and therefore, he has instructions not to press the claim for damages. ",
            "TextSize": 14.039993286132812
        },
        {
            "Bounds": [
                130.5800018310547,
                572.6773529052734,
                144.80123901367188,
                585.4397125244141
            ],
            "ClipBounds": [
                130.5800018310547,
                572.6773529052734,
                144.80123901367188,
                585.4397125244141
            ],
            "Font": {
                "alt_family_name": "Titlingmes New Roman PSMT",
                "embedded": false,
                "encoding": "WinAnsiEncoding",
                "family_name": "Titlingmes New Roman PSMT",
                "font_type": "TrueType",
                "italic": false,
                "monospaced": false,
                "name": "TimesNewRomanPSMT",
                "subset": false,
                "weight": 400
            },
            "HasClip": true,
            "Page": 1,
            "Path": "//Document/Sect[2]/L/LI[6]/Lbl",
            "Text": "6. ",
            "TextSize": 14.039993286132812
        },
        {
            "Bounds": [
                130.5800018310547,
                524.3173675537109,
                560.8170471191406,
                585.4397125244141
            ],
            "ClipBounds": [
                130.5800018310547,
                524.3173675537109,
                560.8170471191406,
                585.4397125244141
            ],
            "Font": {
                "alt_family_name": "Titlingmes New Roman PSMT",
                "embedded": false,
                "encoding": "WinAnsiEncoding",
                "family_name": "Titlingmes New Roman PSMT",
                "font_type": "TrueType",
                "italic": false,
                "monospaced": false,
                "name": "TimesNewRomanPSMT",
                "subset": false,
                "weight": 400
            },
            "HasClip": true,
            "Page": 1,
            "Path": "//Document/Sect[2]/L/LI[6]/LBody",
            "Text": "Accordingly, in view of the statement made by the Defendant and averments in the plaint, the suit is decreed in favour of the Plaintiffs and against the Defendant in terms of prayer 40 (a), (b) and (c) of the plaint. ",
            "TextSize": 14.039993286132812
        },
        {
            "Bounds": [
                130.5800018310547,
                500.1973571777344,
                144.80123901367188,
                512.959716796875
            ],
            "ClipBounds": [
                130.5800018310547,
                500.1973571777344,
                144.80123901367188,
                512.959716796875
            ],
            "Font": {
                "alt_family_name": "Titlingmes New Roman PSMT",
                "embedded": false,
                "encoding": "WinAnsiEncoding",
                "family_name": "Titlingmes New Roman PSMT",
                "font_type": "TrueType",
                "italic": false,
                "monospaced": false,
                "name": "TimesNewRomanPSMT",
                "subset": false,
                "weight": 400
            },
            "HasClip": true,
            "Page": 1,
            "Path": "//Document/Sect[2]/L/LI[7]/Lbl",
            "Text": "7. ",
            "TextSize": 14.039993286132812
        },
        {
            "Bounds": [
                130.5800018310547,
                451.8373565673828,
                561.12109375,
                512.959716796875
            ],
            "ClipBounds": [
                130.5800018310547,
                451.8373565673828,
                561.12109375,
                512.959716796875
            ],
            "Font": {
                "alt_family_name": "Titlingmes New Roman PSMT",
                "embedded": false,
                "encoding": "WinAnsiEncoding",
                "family_name": "Titlingmes New Roman PSMT",
                "font_type": "TrueType",
                "italic": false,
                "monospaced": false,
                "name": "TimesNewRomanPSMT",
                "subset": false,
                "weight": 400
            },
            "HasClip": true,
            "Page": 1,
            "Path": "//Document/Sect[2]/L/LI[7]/LBody",
            "Text": "In view of the aforesaid, Plaintiffs are entitled to refund of the entire Court Fees deposited by them, in accordance with provisions of Section 16 of the Court Fees Act, 1870 read with Section 89 CPC, 1908. ",
            "TextSize": 14.039993286132812
        },
        {
            "Bounds": [
                130.5800018310547,
                427.7173614501953,
                144.80123901367188,
                440.47972106933594
            ],
            "ClipBounds": [
                130.5800018310547,
                427.7173614501953,
                144.80123901367188,
                440.47972106933594
            ],
            "Font": {
                "alt_family_name": "Titlingmes New Roman PSMT",
                "embedded": false,
                "encoding": "WinAnsiEncoding",
                "family_name": "Titlingmes New Roman PSMT",
                "font_type": "TrueType",
                "italic": false,
                "monospaced": false,
                "name": "TimesNewRomanPSMT",
                "subset": false,
                "weight": 400
            },
            "HasClip": true,
            "Page": 1,
            "Path": "//Document/Sect[2]/L/LI[8]/Lbl",
            "Text": "8. ",
            "TextSize": 14.039993286132812
        },
        {
            "Bounds": [
                130.5800018310547,
                403.5973663330078,
                560.9941558837891,
                440.47972106933594
            ],
            "ClipBounds": [
                130.5800018310547,
                403.5973663330078,
                560.9941558837891,
                440.47972106933594
            ],
            "Font": {
                "alt_family_name": "Titlingmes New Roman PSMT",
                "embedded": false,
                "encoding": "WinAnsiEncoding",
                "family_name": "Titlingmes New Roman PSMT",
                "font_type": "TrueType",
                "italic": false,
                "monospaced": false,
                "name": "TimesNewRomanPSMT",
                "subset": false,
                "weight": 400
            },
            "HasClip": true,
            "Page": 1,
            "Path": "//Document/Sect[2]/L/LI[8]/LBody",
            "Text": "Registry is directed to refund the Court Fees deposited by the Plaintiffs. ",
            "TextSize": 14.039993286132812
        },
        {
            "Bounds": [
                130.5800018310547,
                379.4573669433594,
                144.80123901367188,
                392.2197265625
            ],
            "ClipBounds": [
                130.5800018310547,
                379.4573669433594,
                144.80123901367188,
                392.2197265625
            ],
            "Font": {
                "alt_family_name": "Titlingmes New Roman PSMT",
                "embedded": false,
                "encoding": "WinAnsiEncoding",
                "family_name": "Titlingmes New Roman PSMT",
                "font_type": "TrueType",
                "italic": false,
                "monospaced": false,
                "name": "TimesNewRomanPSMT",
                "subset": false,
                "weight": 400
            },
            "HasClip": true,
            "Page": 1,
            "Path": "//Document/Sect[2]/L/LI[9]/Lbl",
            "Text": "9. ",
            "TextSize": 14.039993286132812
        },
        {
            "Bounds": [
                166.61000061035156,
                379.4573669433594,
                439.0,
                392.2197265625
            ],
            "ClipBounds": [
                166.61000061035156,
                379.4573669433594,
                439.0,
                392.2197265625
            ],
            "Font": {
                "alt_family_name": "Titlingmes New Roman PSMT",
                "embedded": false,
                "encoding": "WinAnsiEncoding",
                "family_name": "Titlingmes New Roman PSMT",
                "font_type": "TrueType",
                "italic": false,
                "monospaced": false,
                "name": "TimesNewRomanPSMT",
                "subset": false,
                "weight": 400
            },
            "HasClip": true,
            "Page": 1,
            "Path": "//Document/Sect[2]/L/LI[9]/LBody",
            "Text": "Registry is directed to draw up the decree sheet. ",
            "TextSize": 14.039993286132812
        },
        {
            "Bounds": [
                130.5800018310547,
                355.3373565673828,
                151.88165283203125,
                368.09971618652344
            ],
            "ClipBounds": [
                130.5800018310547,
                355.3373565673828,
                151.88165283203125,
                368.09971618652344
            ],
            "Font": {
                "alt_family_name": "Titlingmes New Roman PSMT",
                "embedded": false,
                "encoding": "WinAnsiEncoding",
                "family_name": "Titlingmes New Roman PSMT",
                "font_type": "TrueType",
                "italic": false,
                "monospaced": false,
                "name": "TimesNewRomanPSMT",
                "subset": false,
                "weight": 400
            },
            "HasClip": true,
            "Page": 1,
            "Path": "//Document/Sect[2]/L/LI[10]/Lbl",
            "Text": "10. ",
            "TextSize": 14.039993286132812
        },
        {
            "Bounds": [
                166.61000061035156,
                355.3373565673828,
                485.1999969482422,
                368.09971618652344
            ],
            "ClipBounds": [
                166.61000061035156,
                355.3373565673828,
                485.1999969482422,
                368.09971618652344
            ],
            "Font": {
                "alt_family_name": "Titlingmes New Roman PSMT",
                "embedded": false,
                "encoding": "WinAnsiEncoding",
                "family_name": "Titlingmes New Roman PSMT",
                "font_type": "TrueType",
                "italic": false,
                "monospaced": false,
                "name": "TimesNewRomanPSMT",
                "subset": false,
                "weight": 400
            },
            "HasClip": true,
            "Page": 1,
            "Path": "//Document/Sect[2]/L/LI[10]/LBody",
            "Text": "Suit along with pending applications stands disposed of. ",
            "TextSize": 14.039993286132812
        },
        {
            "Bounds": [
                187.89999389648438,
                265.97999572753906,
                499.8999938964844,
                575.7299957275391
            ],
            "ClipBounds": [
                187.89999389648438,
                265.97999572753906,
                499.8999938964844,
                575.7299957275391
            ],
            "HasClip": true,
            "Image": {
                "bits_per_component": 8,
                "colorspace": {
                    "Name": "DeviceRGB"
                },
                "data_length": 2061696,
                "height": 826,
                "resolution_horizontal": 192.0,
                "resolution_vertical": 192.0,
                "width": 832
            },
            "Page": 1,
            "Path": "//Document/Sect[2]/Watermark"
        },
        {
            "Bounds": [
                452.13999938964844,
                282.85736083984375,
                561.0906066894531,
                295.39508056640625
            ],
            "ClipBounds": [
                452.13999938964844,
                282.85736083984375,
                561.0906066894531,
                295.39508056640625
            ],
            "Font": {
                "alt_family_name": "Titlingmes New Roman PS",
                "embedded": false,
                "encoding": "WinAnsiEncoding",
                "family_name": "Titlingmes New Roman PS",
                "font_type": "TrueType",
                "italic": false,
                "monospaced": false,
                "name": "TimesNewRomanPS-BoldMT",
                "subset": false,
                "weight": 700
            },
            "HasClip": true,
            "Lang": "en",
            "Page": 1,
            "Path": "//Document/Sect[2]/P",
            "Text": "JYOTI SINGH, J ",
            "TextSize": 14.039993286132812,
            "attributes": {
                "LineHeight": 16.875,
                "TextAlign": "End"
            }
        },
        {
            "Bounds": [
                130.5800018310547,
                266.74928283691406,
                268.35548400878906,
                282.4179229736328
            ],
            "ClipBounds": [
                130.5800018310547,
                266.74928283691406,
                268.35548400878906,
                282.4179229736328
            ],
            "Font": {
                "alt_family_name": "Titlingmes New Roman PS",
                "embedded": false,
                "encoding": "WinAnsiEncoding",
                "family_name": "Titlingmes New Roman PS",
                "font_type": "TrueType",
                "italic": true,
                "monospaced": false,
                "name": "TimesNewRomanPS-BoldItalicMT",
                "subset": false,
                "weight": 700
            },
            "HasClip": true,
            "Lang": "en",
            "Page": 1,
            "Path": "//Document/Sect[2]/P[2]",
            "Text": "JULY 21, 2022/shivam ",
            "TextSize": 14.039993286132812,
            "attributes": {
                "SpaceAfter": 18
            }
        }
    ],
    "pages": [
        {
            "boxes": {
                "CropBox": [
                    0.0,
                    0.0,
                    595.4400024414062,
                    841.6799926757812
                ],
                "MediaBox": [
                    0.0,
                    0.0,
                    595.4400024414062,
                    841.6799926757812
                ]
            },
            "height": 841.6799926757812,
            "is_scanned": false,
            "page_number": 0,
            "rotation": 0,
            "width": 595.4400024414062
        },
        {
            "boxes": {
                "CropBox": [
                    0.0,
                    0.0,
                    595.4400024414062,
                    841.6799926757812
                ],
                "MediaBox": [
                    0.0,
                    0.0,
                    595.4400024414062,
                    841.6799926757812
                ]
            },
            "height": 841.6799926757812,
            "is_scanned": false,
            "page_number": 1,
            "rotation": 0,
            "width": 595.4400024414062
        }
    ]
}