{
    "version": {
        "json_export": "184",
        "page_segmentation": "5",
        "schema": "1.1.0",
        "structure": "1.1006.0",
        "table_structure": "5"
    },
    "extended_metadata": {
        "ID_instance": "34 43 20 41 35 20 35 38 20 36 32 20 44 34 20 42 36 20 36 34 20 46 42 20 38 30 20 45 33 20 30 34 20 38 35 20 41 30 20 38 42 20 37 44 20 44 45 20 ",
        "ID_permanent": "32 34 20 35 39 20 34 37 20 37 34 20 38 43 20 42 35 20 42 32 20 31 31 20 30 41 20 30 30 20 36 37 20 34 35 20 38 42 20 36 42 20 43 36 20 32 33 20 ",
        "pdf_version": "1.6",
        "pdfa_compliance_level": "",
        "is_encrypted": false,
        "has_acroform": true,
        "is_digitally_signed": true,
        "pdfua_compliance_level": "",
        "page_count": 4,
        "has_embedded_files": false,
        "is_certified": false,
        "is_XFA": false,
        "language": "en"
    },
    "elements": [
        {
            "Bounds": [
                200.63999938964844,
                249.95700073242188,
                494.4010009765625,
                541.5579986572266
            ],
            "HasClip": false,
            "Image": {
                "bits_per_component": 8,
                "colorspace": {
                    "Base": "DeviceGray",
                    "Name": "Indexed"
                },
                "data_length": 171808,
                "height": 413,
                "resolution_horizontal": 101.96043395996094,
                "resolution_vertical": 101.9749526977539,
                "width": 416
            },
            "Page": 0,
            "Path": "//Document/Sect/Watermark"
        },
        {
            "Bounds": [
                144.47999572753906,
                673.9546813964844,
                168.19139099121094,
                691.7355804443359
            ],
            "Font": {
                "alt_family_name": "Titlingmes New Roman",
                "embedded": false,
                "encoding": "WinAnsiEncoding",
                "family_name": "Titlingmes New Roman",
                "font_type": "TrueType",
                "italic": false,
                "monospaced": false,
                "name": "TimesNewRoman",
                "subset": false,
                "weight": 400
            },
            "HasClip": false,
            "Lang": "en",
            "Page": 0,
            "Path": "//Document/Sect/P",
            "Text": "$~3 ",
            "TextSize": 13.220001220703125
        },
        {
            "Bounds": [
                144.47999572753906,
                650.9915466308594,
                513.5864715576172,
                669.2615814208984
            ],
            "Font": {
                "alt_family_name": "Titlingmes New Roman",
                "embedded": false,
                "encoding": "WinAnsiEncoding",
                "family_name": "Titlingmes New Roman",
                "font_type": "TrueType",
                "italic": false,
                "monospaced": false,
                "name": "TimesNewRoman",
                "subset": false,
                "weight": 400
            },
            "HasClip": false,
            "Lang": "en",
            "Page": 0,
            "Path": "//Document/Sect/P[2]",
            "Text": "* IN THE HIGH COURT OF DELHI AT NEW DELHI ",
            "TextSize": 13.220001220703125,
            "attributes": {
                "SpaceAfter": 18
            }
        },
        {
            "Bounds": [
                144.477783203125,
                605.6701812744141,
                155.23880004882812,
                623.4510803222656
            ],
            "Font": {
                "alt_family_name": "Titlingmes New Roman",
                "embedded": false,
                "encoding": "WinAnsiEncoding",
                "family_name": "Titlingmes New Roman",
                "font_type": "TrueType",
                "italic": false,
                "monospaced": false,
                "name": "TimesNewRoman",
                "subset": false,
                "weight": 400
            },
            "HasClip": false,
            "Lang": "en",
            "Page": 0,
            "Path": "//Document/Sect/P[3]",
            "Text": "+ ",
            "TextSize": 13.220001220703125,
            "attributes": {
                "SpaceAfter": 18
            }
        },
        {
            "Bounds": [
                372.12840270996094,
                628.4646606445312,
                553.8681335449219,
                646.1630401611328
            ],
            "Font": {
                "alt_family_name": "Titlingmes New Roman",
                "embedded": false,
                "encoding": "WinAnsiEncoding",
                "family_name": "Titlingmes New Roman",
                "font_type": "TrueType",
                "italic": true,
                "monospaced": false,
                "name": "TimesNewRoman,BoldItalic",
                "subset": false,
                "weight": 700
            },
            "HasClip": false,
            "Lang": "en",
            "Page": 0,
            "Path": "//Document/Sect/P[4]",
            "Text": "Date of Decision: 20th July, 2022 ",
            "TextSize": 13.220001220703125,
            "attributes": {
                "LineHeight": 15.875,
                "TextAlign": "End"
            }
        },
        {
            "Bounds": [
                246.11314392089844,
                605.3925628662109,
                436.60276794433594,
                623.66259765625
            ],
            "Font": {
                "alt_family_name": "Titlingmes New Roman",
                "embedded": false,
                "encoding": "WinAnsiEncoding",
                "family_name": "Titlingmes New Roman",
                "font_type": "TrueType",
                "italic": false,
                "monospaced": false,
                "name": "TimesNewRoman,Bold",
                "subset": false,
                "weight": 700
            },
            "HasClip": false,
            "Lang": "en",
            "Page": 0,
            "Path": "//Document/Sect/P[5]",
            "Text": "C.A. (COMM.IPD-TM) 131/2022 ",
            "TextSize": 13.220001220703125,
            "attributes": {
                "LineHeight": 15.875,
                "TextAlign": "Center"
            }
        },
        {
            "Bounds": [
                178.30775451660156,
                582.9846649169922,
                524.5845031738281,
                600.7655639648438
            ],
            "Font": {
                "alt_family_name": "Titlingmes New Roman",
                "embedded": false,
                "encoding": "WinAnsiEncoding",
                "family_name": "Titlingmes New Roman",
                "font_type": "TrueType",
                "italic": false,
                "monospaced": false,
                "name": "TimesNewRoman",
                "subset": false,
                "weight": 400
            },
            "HasClip": false,
            "Lang": "en",
            "Page": 0,
            "Path": "//Document/Sect/P[6]",
            "Text": "ESSENTIAL EXPORT SOCIEDAD ANONIMA ..... Appellant ",
            "TextSize": 13.220001220703125
        },
        {
            "Bounds": [
                280.0621032714844,
                537.4946441650391,
                497.7029571533203,
                585.6418762207031
            ],
            "Font": {
                "alt_family_name": "Titlingmes New Roman",
                "embedded": false,
                "encoding": "WinAnsiEncoding",
                "family_name": "Titlingmes New Roman",
                "font_type": "TrueType",
                "italic": false,
                "monospaced": false,
                "name": "TimesNewRoman",
                "subset": false,
                "weight": 400
            },
            "HasClip": false,
            "Lang": "en",
            "Page": 0,
            "Path": "//Document/Sect/P[7]",
            "Text": "Through: Ms. Kajal Arora, Advocate. (M:7838491707) versus ",
            "TextSize": 13.220001220703125
        },
        {
            "Bounds": [
                178.30775451660156,
                507.1282958984375,
                401.5684356689453,
                524.9091949462891
            ],
            "Font": {
                "alt_family_name": "Titlingmes New Roman",
                "embedded": false,
                "encoding": "WinAnsiEncoding",
                "family_name": "Titlingmes New Roman",
                "font_type": "TrueType",
                "italic": false,
                "monospaced": false,
                "name": "TimesNewRoman",
                "subset": false,
                "weight": 400
            },
            "HasClip": false,
            "Lang": "en",
            "Page": 0,
            "Path": "//Document/Sect/P[8]",
            "Text": "THE REGISTRAR OF TRADE MARKS ",
            "TextSize": 13.220001220703125
        },
        {
            "Bounds": [
                280.0621032714844,
                492.00462341308594,
                332.3934631347656,
                509.7855224609375
            ],
            "Font": {
                "alt_family_name": "Titlingmes New Roman",
                "embedded": false,
                "encoding": "WinAnsiEncoding",
                "family_name": "Titlingmes New Roman",
                "font_type": "TrueType",
                "italic": false,
                "monospaced": false,
                "name": "TimesNewRoman",
                "subset": false,
                "weight": 400
            },
            "HasClip": false,
            "Lang": "en",
            "Page": 0,
            "Path": "//Document/Sect/P[9]",
            "Text": "Through: ",
            "TextSize": 13.220001220703125,
            "attributes": {
                "SpaceAfter": 18
            }
        },
        {
            "Bounds": [
                178.30775451660156,
                415.8706359863281,
                237.48699951171875,
                434.14068603515625
            ],
            "Font": {
                "alt_family_name": "Titlingmes New Roman",
                "embedded": false,
                "encoding": "WinAnsiEncoding",
                "family_name": "Titlingmes New Roman",
                "font_type": "TrueType",
                "italic": false,
                "monospaced": false,
                "name": "TimesNewRoman,Bold",
                "subset": false,
                "weight": 700
            },
            "HasClip": false,
            "Page": 0,
            "Path": "//Document/Sect/P[10]/Sub",
            "Text": "CORAM: ",
            "TextSize": 13.220001220703125,
            "attributes": {
                "Placement": "Block"
            }
        },
        {
            "Bounds": [
                178.30775451660156,
                400.74696350097656,
                375.2170104980469,
                419.0169982910156
            ],
            "Font": {
                "alt_family_name": "Titlingmes New Roman",
                "embedded": false,
                "encoding": "WinAnsiEncoding",
                "family_name": "Titlingmes New Roman",
                "font_type": "TrueType",
                "italic": false,
                "monospaced": false,
                "name": "TimesNewRoman,Bold",
                "subset": false,
                "weight": 700
            },
            "HasClip": false,
            "Page": 0,
            "Path": "//Document/Sect/P[10]/Sub[2]",
            "Text": "JUSTICE PRATHIBA M. SINGH ",
            "TextSize": 13.220001220703125,
            "attributes": {
                "Placement": "Block"
            }
        },
        {
            "Bounds": [
                347.85426330566406,
                431.3909149169922,
                553.9976806640625,
                524.9091949462891
            ],
            "Font": {
                "alt_family_name": "Titlingmes New Roman",
                "embedded": false,
                "encoding": "WinAnsiEncoding",
                "family_name": "Titlingmes New Roman",
                "font_type": "TrueType",
                "italic": false,
                "monospaced": false,
                "name": "TimesNewRoman",
                "subset": false,
                "weight": 400
            },
            "HasClip": false,
            "Lang": "en",
            "Page": 0,
            "Path": "//Document/Sect/P[11]",
            "Text": "..... Respondent Mr. Harish Vaidyanathan Shankar, CGSC with Mr. Srish Kumar Mishra, Mr. Sagar Mehlawat and Mr. Alexander Mathai Paikaday, Advocates. (M:9810788606) ",
            "TextSize": 13.220001220703125
        },
        {
            "Bounds": [
                144.4645538330078,
                370.380615234375,
                303.82098388671875,
                388.6506652832031
            ],
            "Font": {
                "alt_family_name": "Titlingmes New Roman",
                "embedded": false,
                "encoding": "WinAnsiEncoding",
                "family_name": "Titlingmes New Roman",
                "font_type": "TrueType",
                "italic": false,
                "monospaced": false,
                "name": "TimesNewRoman,Bold",
                "subset": false,
                "weight": 700
            },
            "HasClip": false,
            "Lang": "en",
            "Page": 0,
            "Path": "//Document/Sect/Title",
            "Text": "Prathiba M. Singh, J.(Oral) ",
            "TextSize": 13.220001220703125
        },
        {
            "Bounds": [
                144.47999572753906,
                340.4746856689453,
                157.6999969482422,
                358.2555847167969
            ],
            "Font": {
                "alt_family_name": "Titlingmes New Roman",
                "embedded": false,
                "encoding": "WinAnsiEncoding",
                "family_name": "Titlingmes New Roman",
                "font_type": "TrueType",
                "italic": false,
                "monospaced": false,
                "name": "TimesNewRoman",
                "subset": false,
                "weight": 400
            },
            "HasClip": false,
            "Page": 0,
            "Path": "//Document/Sect/L/LI/Lbl",
            "Text": "1. ",
            "TextSize": 13.220001220703125
        },
        {
            "Bounds": [
                144.47999572753906,
                181.2001190185547,
                553.9073638916016,
                358.2555847167969
            ],
            "Font": {
                "alt_family_name": "Titlingmes New Roman",
                "embedded": false,
                "encoding": "WinAnsiEncoding",
                "family_name": "Titlingmes New Roman",
                "font_type": "TrueType",
                "italic": false,
                "monospaced": false,
                "name": "TimesNewRoman",
                "subset": false,
                "weight": 400
            },
            "HasClip": false,
            "Page": 0,
            "Path": "//Document/Sect/L/LI/LBody",
            "Text": "The present appeal has been filed challenging the impugned order dated 30th March, 2021, by which the multi-class trademark application bearing no. 3639686 for the mark •TOTTO•, has been rejected by the Registrar of Trade Marks. The Appellant, Essential Export Sociedad Anonima, a Costa Rica based company, filed an application for registration of the mark •TOTTO• on 20th September, 2017. Ld. Counsel for the Appellant submits that the Appellant adopted the mark internationally in 1989, and in India since 2007. ",
            "TextSize": 13.220001220703125
        },
        {
            "Bounds": [
                144.47999572753906,
                158.5146026611328,
                157.6999969482422,
                176.29550170898438
            ],
            "Font": {
                "alt_family_name": "Titlingmes New Roman",
                "embedded": false,
                "encoding": "WinAnsiEncoding",
                "family_name": "Titlingmes New Roman",
                "font_type": "TrueType",
                "italic": false,
                "monospaced": false,
                "name": "TimesNewRoman",
                "subset": false,
                "weight": 400
            },
            "HasClip": false,
            "Page": 0,
            "Path": "//Document/Sect/L/LI[2]/Lbl",
            "Text": "2. ",
            "TextSize": 13.220001220703125
        },
        {
            "Bounds": [
                144.47999572753906,
                112.90559387207031,
                553.9270935058594,
                176.29550170898438
            ],
            "Font": {
                "alt_family_name": "Titlingmes New Roman",
                "embedded": false,
                "encoding": "WinAnsiEncoding",
                "family_name": "Titlingmes New Roman",
                "font_type": "TrueType",
                "italic": false,
                "monospaced": false,
                "name": "TimesNewRoman",
                "subset": false,
                "weight": 400
            },
            "HasClip": false,
            "Page": 0,
            "Path": "//Document/Sect/L/LI[2]/LBody/ParagraphSpan",
            "Text": "An examination report was issued on 26th October, 2017, citing various similar marks and raising an objection under Section 11 of the Trade Marks Act, 1999 (hereinafter •the Act•). There are six cited marks out of ",
            "TextSize": 13.220001220703125
        },
        {
            "Bounds": [
                144.47999572753906,
                628.4646606445312,
                553.8597717285156,
                691.7355804443359
            ],
            "Font": {
                "alt_family_name": "Titlingmes New Roman",
                "embedded": false,
                "encoding": "WinAnsiEncoding",
                "family_name": "Titlingmes New Roman",
                "font_type": "TrueType",
                "italic": false,
                "monospaced": false,
                "name": "TimesNewRoman",
                "subset": false,
                "weight": 400
            },
            "HasClip": false,
            "Page": 1,
            "Path": "//Document/Sect/L/LI[2]/LBody/ParagraphSpan[2]",
            "Text": "which five relate to the mark •TOTO• and one relates to the mark •TOTTO•. The details of the cited marks as given in the examination report are extracted hereinbelow: ",
            "TextSize": 13.220001220703125
        },
        {
            "Bounds": [
                180.0,
                208.0780029296875,
                548.8820037841797,
                622.0780029296875
            ],
            "Page": 1,
            "Path": "//Document/Sect/Figure",
            "attributes": {
                "BBox": [
                    179.99299999999494,
                    208.10399999999936,
                    548.8579999999783,
                    622.0869999999995
                ],
                "Placement": "Block"
            }
        },
        {
            "Bounds": [
                144.47999572753906,
                161.43467712402344,
                157.6999969482422,
                179.215576171875
            ],
            "Font": {
                "alt_family_name": "Titlingmes New Roman",
                "embedded": false,
                "encoding": "WinAnsiEncoding",
                "family_name": "Titlingmes New Roman",
                "font_type": "TrueType",
                "italic": false,
                "monospaced": false,
                "name": "TimesNewRoman",
                "subset": false,
                "weight": 400
            },
            "HasClip": false,
            "Page": 1,
            "Path": "//Document/Sect/L[2]/LI/Lbl",
            "Text": "3. ",
            "TextSize": 13.220001220703125
        },
        {
            "Bounds": [
                144.47999572753906,
                116.06364440917969,
                553.9179382324219,
                179.215576171875
            ],
            "Font": {
                "alt_family_name": "Titlingmes New Roman",
                "embedded": false,
                "encoding": "WinAnsiEncoding",
                "family_name": "Titlingmes New Roman",
                "font_type": "TrueType",
                "italic": false,
                "monospaced": false,
                "name": "TimesNewRoman",
                "subset": false,
                "weight": 400
            },
            "HasClip": false,
            "Page": 1,
            "Path": "//Document/Sect/L[2]/LI/LBody/ParagraphSpan",
            "Text": "In response to the examination report dated 18th December, 2017, the Counsel for the Appellant gave the status of the various cited marks in the examination report, and argued that the Applicant•s mark deserves to ",
            "TextSize": 13.220001220703125
        },
        {
            "Bounds": [
                144.47999572753906,
                560.2891235351562,
                553.9655303955078,
                691.7355804443359
            ],
            "Font": {
                "alt_family_name": "Titlingmes New Roman",
                "embedded": false,
                "encoding": "WinAnsiEncoding",
                "family_name": "Titlingmes New Roman",
                "font_type": "TrueType",
                "italic": false,
                "monospaced": false,
                "name": "TimesNewRoman",
                "subset": false,
                "weight": 400
            },
            "HasClip": false,
            "Page": 2,
            "Path": "//Document/Sect/L[2]/LI/LBody/ParagraphSpan[2]",
            "Text": "proceed for registration. As per the response to the examination report, application nos. 2647511 and 2809076 in class 18 have been opposed, application no. 1111587 in class 25 is deemed to have been removed from the register, application no. 1323215 in class 25 is in respect of different description of services, and application nos. 3016329 and 3079933 in class 25 are pending. ",
            "TextSize": 13.220001220703125
        },
        {
            "Bounds": [
                200.63999938964844,
                249.95700073242188,
                494.4010009765625,
                541.5579986572266
            ],
            "HasClip": false,
            "Image": {
                "bits_per_component": 8,
                "colorspace": {
                    "Base": "DeviceGray",
                    "Name": "Indexed"
                },
                "data_length": 171808,
                "height": 413,
                "resolution_horizontal": 101.96043395996094,
                "resolution_vertical": 101.9749526977539,
                "width": 416
            },
            "Page": 2,
            "Path": "//Document/Sect/Watermark[2]"
        },
        {
            "Bounds": [
                144.47999572753906,
                537.484619140625,
                157.6999969482422,
                555.2655181884766
            ],
            "Font": {
                "alt_family_name": "Titlingmes New Roman",
                "embedded": false,
                "encoding": "WinAnsiEncoding",
                "family_name": "Titlingmes New Roman",
                "font_type": "TrueType",
                "italic": false,
                "monospaced": false,
                "name": "TimesNewRoman",
                "subset": false,
                "weight": 400
            },
            "HasClip": false,
            "Page": 2,
            "Path": "//Document/Sect/L[3]/LI/Lbl",
            "Text": "4. ",
            "TextSize": 13.220001220703125
        },
        {
            "Bounds": [
                144.47999572753906,
                469.1900939941406,
                553.9589233398438,
                555.2655181884766
            ],
            "Font": {
                "alt_family_name": "Titlingmes New Roman",
                "embedded": false,
                "encoding": "WinAnsiEncoding",
                "family_name": "Titlingmes New Roman",
                "font_type": "TrueType",
                "italic": false,
                "monospaced": false,
                "name": "TimesNewRoman",
                "subset": false,
                "weight": 400
            },
            "HasClip": false,
            "Page": 2,
            "Path": "//Document/Sect/L[3]/LI/LBody",
            "Text": "However, vide the impugned order, the Examiner of Trademarks has rejected the application on the ground that two applications, nos. 2647511 and 2809076, are for similar marks for similar goods and services. Hence, the Section 11 of the Act objection has been upheld. ",
            "TextSize": 13.220001220703125
        },
        {
            "Bounds": [
                144.47999572753906,
                446.50457763671875,
                157.6999969482422,
                464.2854766845703
            ],
            "Font": {
                "alt_family_name": "Titlingmes New Roman",
                "embedded": false,
                "encoding": "WinAnsiEncoding",
                "family_name": "Titlingmes New Roman",
                "font_type": "TrueType",
                "italic": false,
                "monospaced": false,
                "name": "TimesNewRoman",
                "subset": false,
                "weight": 400
            },
            "HasClip": false,
            "Page": 2,
            "Path": "//Document/Sect/L[3]/LI[2]/Lbl",
            "Text": "5. ",
            "TextSize": 13.220001220703125
        },
        {
            "Bounds": [
                144.47999572753906,
                310.0345153808594,
                553.9681854248047,
                464.2854766845703
            ],
            "Font": {
                "alt_family_name": "Titlingmes New Roman",
                "embedded": false,
                "encoding": "WinAnsiEncoding",
                "family_name": "Titlingmes New Roman",
                "font_type": "TrueType",
                "italic": false,
                "monospaced": false,
                "name": "TimesNewRoman",
                "subset": false,
                "weight": 400
            },
            "HasClip": false,
            "Page": 2,
            "Path": "//Document/Sect/L[3]/LI[2]/LBody",
            "Text": "Ms. Kajal Arora, ld. Counsel for the Appellant submits that the Registrar of Trademarks has failed to consider the fact that the two marks bearing nos. 2647511 and 2809067, which are cited against the Appellant, have already been opposed by the Appellant. Further, as mentioned above, other marks have been either removed or are still pending registration. Thus, these facts deserve to be considered before the mark of the Appellant can be rejected. ",
            "TextSize": 13.220001220703125
        },
        {
            "Bounds": [
                144.47999572753906,
                287.2300262451172,
                157.6999969482422,
                305.01092529296875
            ],
            "Font": {
                "alt_family_name": "Titlingmes New Roman",
                "embedded": false,
                "encoding": "WinAnsiEncoding",
                "family_name": "Titlingmes New Roman",
                "font_type": "TrueType",
                "italic": false,
                "monospaced": false,
                "name": "TimesNewRoman",
                "subset": false,
                "weight": 400
            },
            "HasClip": false,
            "Page": 2,
            "Path": "//Document/Sect/L[3]/LI[3]/Lbl",
            "Text": "6. ",
            "TextSize": 13.220001220703125
        },
        {
            "Bounds": [
                144.47999572753906,
                264.54449462890625,
                553.7685546875,
                305.01092529296875
            ],
            "Font": {
                "alt_family_name": "Titlingmes New Roman",
                "embedded": false,
                "encoding": "WinAnsiEncoding",
                "family_name": "Titlingmes New Roman",
                "font_type": "TrueType",
                "italic": false,
                "monospaced": false,
                "name": "TimesNewRoman",
                "subset": false,
                "weight": 400
            },
            "HasClip": false,
            "Page": 2,
            "Path": "//Document/Sect/L[3]/LI[3]/LBody/ParagraphSpan",
            "Text": "Heard. The Court has perused the record and finds the status of all the cited marks is as under: ",
            "TextSize": 13.220001220703125
        },
        {
            "Bounds": [
                162.47999572753906,
                124.47468566894531,
                511.5025939941406,
                686.0955810546875
            ],
            "ClipBounds": [
                162.47999572753906,
                125.3800048828125,
                511.5025939941406,
                686.0955810546875
            ],
            "Page": 2,
            "Path": "//Document/Sect/L[3]/LI[3]/LBody/Table",
            "attributes": {
                "NumCol": 3,
                "NumRow": 7,
                "Placement": "Block",
                "SpaceAfter": 18
            }
        },
        {
            "Bounds": [
                162.4856414794922,
                213.42276000976562,
                196.0895538330078,
                231.2036590576172
            ],
            "Page": 2,
            "Path": "//Document/Sect/L[3]/LI[3]/LBody/Table/TR/TH",
            "attributes": {
                "BBox": [
                    155.87399999999616,
                    201.86399999999412,
                    287.02799999999115,
                    236.54299999999785
                ],
                "BlockAlign": "Middle",
                "BorderColor": [
                    0,
                    0,
                    0
                ],
                "BorderStyle": "Solid",
                "BorderThickness": [
                    1.125,
                    0.5,
                    1.125,
                    0.5
                ],
                "ColIndex": 0,
                "Height": 34.625,
                "InlineAlign": "Start",
                "RowIndex": 0,
                "Width": 131.125
            }
        },
        {
            "Bounds": [
                162.4856414794922,
                213.42276000976562,
                196.0895538330078,
                231.2036590576172
            ],
            "Font": {
                "alt_family_name": "Titlingmes New Roman",
                "embedded": false,
                "encoding": "WinAnsiEncoding",
                "family_name": "Titlingmes New Roman",
                "font_type": "TrueType",
                "italic": false,
                "monospaced": false,
                "name": "TimesNewRoman",
                "subset": false,
                "weight": 400
            },
            "HasClip": false,
            "Lang": "en",
            "Page": 2,
            "Path": "//Document/Sect/L[3]/LI[3]/LBody/Table/TR/TH/P",
            "Text": "S.No. ",
            "TextSize": 13.220001220703125,
            "attributes": {
                "LineHeight": 15.875
            }
        },
        {
            "Bounds": [
                291.36741638183594,
                213.42276000976562,
                328.36766052246094,
                231.2036590576172
            ],
            "Page": 2,
            "Path": "//Document/Sect/L[3]/LI[3]/LBody/Table/TR/TH[2]",
            "attributes": {
                "BBox": [
                    286.0679999999993,
                    201.86399999999412,
                    433.18199999998615,
                    236.54299999999785
                ],
                "BlockAlign": "Middle",
                "BorderColor": [
                    0,
                    0,
                    0
                ],
                "BorderStyle": "Solid",
                "BorderThickness": [
                    1.125,
                    0.5,
                    0.5,
                    0.5
                ],
                "ColIndex": 1,
                "Height": 34.625,
                "InlineAlign": "Start",
                "RowIndex": 0,
                "Width": 147.125
            }
        },
        {
            "Bounds": [
                291.36741638183594,
                213.42276000976562,
                328.36766052246094,
                231.2036590576172
            ],
            "Font": {
                "alt_family_name": "Titlingmes New Roman",
                "embedded": false,
                "encoding": "WinAnsiEncoding",
                "family_name": "Titlingmes New Roman",
                "font_type": "TrueType",
                "italic": false,
                "monospaced": false,
                "name": "TimesNewRoman",
                "subset": false,
                "weight": 400
            },
            "HasClip": false,
            "Lang": "en",
            "Page": 2,
            "Path": "//Document/Sect/L[3]/LI[3]/LBody/Table/TR/TH[2]/P",
            "Text": "Marks ",
            "TextSize": 13.220001220703125,
            "attributes": {
                "LineHeight": 15.875
            }
        },
        {
            "Bounds": [
                438.2416229248047,
                213.42276000976562,
                473.81541442871094,
                231.2036590576172
            ],
            "Page": 2,
            "Path": "//Document/Sect/L[3]/LI[3]/LBody/Table/TR/TH[3]",
            "attributes": {
                "BBox": [
                    432.2219999999943,
                    201.86399999999412,
                    520.1789999999746,
                    236.54299999999785
                ],
                "BlockAlign": "Middle",
                "BorderColor": [
                    0,
                    0,
                    0
                ],
                "BorderStyle": "Solid",
                "BorderThickness": [
                    1.125,
                    0.5,
                    0.5,
                    1.125
                ],
                "ColIndex": 2,
                "Height": 34.625,
                "InlineAlign": "Start",
                "RowIndex": 0,
                "Width": 88
            }
        },
        {
            "Bounds": [
                438.2416229248047,
                213.42276000976562,
                473.81541442871094,
                231.2036590576172
            ],
            "Font": {
                "alt_family_name": "Titlingmes New Roman",
                "embedded": false,
                "encoding": "WinAnsiEncoding",
                "family_name": "Titlingmes New Roman",
                "font_type": "TrueType",
                "italic": false,
                "monospaced": false,
                "name": "TimesNewRoman",
                "subset": false,
                "weight": 400
            },
            "HasClip": false,
            "Lang": "en",
            "Page": 2,
            "Path": "//Document/Sect/L[3]/LI[3]/LBody/Table/TR/TH[3]/P",
            "Text": "Status ",
            "TextSize": 13.220001220703125,
            "attributes": {
                "LineHeight": 15.875
            }
        },
        {
            "Bounds": [
                162.47999572753906,
                180.27467346191406,
                172.39500427246094,
                198.05557250976562
            ],
            "Page": 2,
            "Path": "//Document/Sect/L[3]/LI[3]/LBody/Table/TR[2]/TD",
            "attributes": {
                "BBox": [
                    155.87399999999616,
                    160.82599999999366,
                    287.02799999999115,
                    202.82399999999325
                ],
                "BlockAlign": "Before",
                "BorderColor": [
                    0,
                    0,
                    0
                ],
                "BorderStyle": "Solid",
                "BorderThickness": [
                    0.5,
                    0.5,
                    1.125,
                    0.5
                ],
                "ColIndex": 0,
                "Height": 42,
                "InlineAlign": "Start",
                "RowIndex": 1,
                "Width": 131.125
            }
        },
        {
            "Bounds": [
                162.47999572753906,
                180.27467346191406,
                172.39500427246094,
                198.05557250976562
            ],
            "Font": {
                "alt_family_name": "Titlingmes New Roman",
                "embedded": false,
                "encoding": "WinAnsiEncoding",
                "family_name": "Titlingmes New Roman",
                "font_type": "TrueType",
                "italic": false,
                "monospaced": false,
                "name": "TimesNewRoman",
                "subset": false,
                "weight": 400
            },
            "HasClip": false,
            "Lang": "en",
            "Page": 2,
            "Path": "//Document/Sect/L[3]/LI[3]/LBody/Table/TR[2]/TD/P",
            "Text": "1 ",
            "TextSize": 13.220001220703125,
            "attributes": {
                "LineHeight": 15.875
            }
        },
        {
            "Bounds": [
                291.3617858886719,
                180.27467346191406,
                340.8693542480469,
                198.05557250976562
            ],
            "Page": 2,
            "Path": "//Document/Sect/L[3]/LI[3]/LBody/Table/TR[2]/TD[2]",
            "attributes": {
                "BBox": [
                    286.0679999999993,
                    160.82599999999366,
                    433.18199999998615,
                    202.82399999999325
                ],
                "BlockAlign": "Before",
                "BorderColor": [
                    0,
                    0,
                    0
                ],
                "BorderStyle": "Solid",
                "BorderThickness": 0.5,
                "ColIndex": 1,
                "Height": 42,
                "InlineAlign": "Start",
                "RowIndex": 1,
                "Width": 147.125
            }
        },
        {
            "Bounds": [
                291.3617858886719,
                180.27467346191406,
                340.8693542480469,
                198.05557250976562
            ],
            "Font": {
                "alt_family_name": "Titlingmes New Roman",
                "embedded": false,
                "encoding": "WinAnsiEncoding",
                "family_name": "Titlingmes New Roman",
                "font_type": "TrueType",
                "italic": false,
                "monospaced": false,
                "name": "TimesNewRoman",
                "subset": false,
                "weight": 400
            },
            "HasClip": false,
            "Lang": "en",
            "Page": 2,
            "Path": "//Document/Sect/L[3]/LI[3]/LBody/Table/TR[2]/TD[2]/P",
            "Text": "2647511 ",
            "TextSize": 13.220001220703125,
            "attributes": {
                "LineHeight": 15.875
            }
        },
        {
            "Bounds": [
                438.24000549316406,
                165.15467834472656,
                505.0234680175781,
                198.05557250976562
            ],
            "ClipBounds": [
                438.24000549316406,
                166.05999755859375,
                505.0234680175781,
                198.05557250976562
            ],
            "Page": 2,
            "Path": "//Document/Sect/L[3]/LI[3]/LBody/Table/TR[2]/TD[3]",
            "attributes": {
                "BBox": [
                    432.2219999999943,
                    160.82599999999366,
                    520.1789999999746,
                    202.82399999999325
                ],
                "BlockAlign": "Middle",
                "BorderColor": [
                    0,
                    0,
                    0
                ],
                "BorderStyle": "Solid",
                "BorderThickness": [
                    0.5,
                    0.5,
                    0.5,
                    1.125
                ],
                "ColIndex": 2,
                "Height": 42,
                "InlineAlign": "Start",
                "RowIndex": 1,
                "Width": 88
            }
        },
        {
            "Bounds": [
                438.24000549316406,
                165.15467834472656,
                505.0234680175781,
                198.05557250976562
            ],
            "ClipBounds": [
                438.24000549316406,
                166.05999755859375,
                505.0234680175781,
                198.05557250976562
            ],
            "Font": {
                "alt_family_name": "Titlingmes New Roman",
                "embedded": false,
                "encoding": "WinAnsiEncoding",
                "family_name": "Titlingmes New Roman",
                "font_type": "TrueType",
                "italic": false,
                "monospaced": false,
                "name": "TimesNewRoman",
                "subset": false,
                "weight": 400
            },
            "HasClip": true,
            "Lang": "en",
            "Page": 2,
            "Path": "//Document/Sect/L[3]/LI[3]/LBody/Table/TR[2]/TD[3]/P",
            "Text": "Opposed by Appellant ",
            "TextSize": 13.220001220703125,
            "attributes": {
                "LineHeight": 15.125
            }
        },
        {
            "Bounds": [
                162.47999572753906,
                139.5946807861328,
                172.39500427246094,
                157.37557983398438
            ],
            "Page": 2,
            "Path": "//Document/Sect/L[3]/LI[3]/LBody/Table/TR[3]/TD",
            "attributes": {
                "BBox": [
                    155.87399999999616,
                    118.46699999999691,
                    287.02799999999115,
                    161.78599999999278
                ],
                "BlockAlign": "Before",
                "BorderColor": [
                    0,
                    0,
                    0
                ],
                "BorderStyle": "Solid",
                "BorderThickness": [
                    0.5,
                    1.125,
                    1.125,
                    0.5
                ],
                "ColIndex": 0,
                "Height": 43.375,
                "InlineAlign": "Start",
                "RowIndex": 2,
                "Width": 131.125
            }
        },
        {
            "Bounds": [
                162.47999572753906,
                139.5946807861328,
                172.39500427246094,
                157.37557983398438
            ],
            "Font": {
                "alt_family_name": "Titlingmes New Roman",
                "embedded": false,
                "encoding": "WinAnsiEncoding",
                "family_name": "Titlingmes New Roman",
                "font_type": "TrueType",
                "italic": false,
                "monospaced": false,
                "name": "TimesNewRoman",
                "subset": false,
                "weight": 400
            },
            "HasClip": false,
            "Lang": "en",
            "Page": 2,
            "Path": "//Document/Sect/L[3]/LI[3]/LBody/Table/TR[3]/TD/P",
            "Text": "2 ",
            "TextSize": 13.220001220703125,
            "attributes": {
                "LineHeight": 15.875
            }
        },
        {
            "Bounds": [
                291.3617858886719,
                139.5946807861328,
                340.8693542480469,
                157.37557983398438
            ],
            "Page": 2,
            "Path": "//Document/Sect/L[3]/LI[3]/LBody/Table/TR[3]/TD[2]",
            "attributes": {
                "BBox": [
                    286.0679999999993,
                    118.46699999999691,
                    433.18199999998615,
                    161.78599999999278
                ],
                "BlockAlign": "Before",
                "BorderColor": [
                    0,
                    0,
                    0
                ],
                "BorderStyle": "Solid",
                "BorderThickness": [
                    0.5,
                    1.125,
                    0.5,
                    0.5
                ],
                "ColIndex": 1,
                "Height": 43.375,
                "InlineAlign": "Start",
                "RowIndex": 2,
                "Width": 147.125
            }
        },
        {
            "Bounds": [
                291.3617858886719,
                139.5946807861328,
                340.8693542480469,
                157.37557983398438
            ],
            "Font": {
                "alt_family_name": "Titlingmes New Roman",
                "embedded": false,
                "encoding": "WinAnsiEncoding",
                "family_name": "Titlingmes New Roman",
                "font_type": "TrueType",
                "italic": false,
                "monospaced": false,
                "name": "TimesNewRoman",
                "subset": false,
                "weight": 400
            },
            "HasClip": false,
            "Lang": "en",
            "Page": 2,
            "Path": "//Document/Sect/L[3]/LI[3]/LBody/Table/TR[3]/TD[2]/P",
            "Text": "2809076 ",
            "TextSize": 13.220001220703125,
            "attributes": {
                "LineHeight": 15.875
            }
        },
        {
            "Bounds": [
                438.24000549316406,
                124.47468566894531,
                505.0234680175781,
                157.37557983398438
            ],
            "ClipBounds": [
                438.24000549316406,
                125.3800048828125,
                505.0234680175781,
                157.37557983398438
            ],
            "Page": 2,
            "Path": "//Document/Sect/L[3]/LI[3]/LBody/Table/TR[3]/TD[3]",
            "attributes": {
                "BBox": [
                    432.2219999999943,
                    118.46699999999691,
                    520.1789999999746,
                    161.78599999999278
                ],
                "BlockAlign": "Middle",
                "BorderColor": [
                    0,
                    0,
                    0
                ],
                "BorderStyle": "Solid",
                "BorderThickness": [
                    0.5,
                    1.125,
                    0.5,
                    1.125
                ],
                "ColIndex": 2,
                "Height": 43.375,
                "InlineAlign": "Start",
                "RowIndex": 2,
                "Width": 88
            }
        },
        {
            "Bounds": [
                438.24000549316406,
                124.47468566894531,
                505.0234680175781,
                157.37557983398438
            ],
            "ClipBounds": [
                438.24000549316406,
                125.3800048828125,
                505.0234680175781,
                157.37557983398438
            ],
            "Font": {
                "alt_family_name": "Titlingmes New Roman",
                "embedded": false,
                "encoding": "WinAnsiEncoding",
                "family_name": "Titlingmes New Roman",
                "font_type": "TrueType",
                "italic": false,
                "monospaced": false,
                "name": "TimesNewRoman",
                "subset": false,
                "weight": 400
            },
            "HasClip": true,
            "Lang": "en",
            "Page": 2,
            "Path": "//Document/Sect/L[3]/LI[3]/LBody/Table/TR[3]/TD[3]/P",
            "Text": "Opposed by Appellant ",
            "TextSize": 13.220001220703125,
            "attributes": {
                "LineHeight": 15.125
            }
        },
        {
            "Bounds": [
                162.47999572753906,
                668.3146820068359,
                172.39500427246094,
                686.0955810546875
            ],
            "Page": 3,
            "Path": "//Document/Sect/L[3]/LI[3]/LBody/Table/TR[4]/TD",
            "attributes": {
                "BBox": [
                    155.87399999999616,
                    656.8849999999802,
                    287.02799999999115,
                    691.5639999999839
                ],
                "BlockAlign": "Middle",
                "BorderColor": [
                    0,
                    0,
                    0
                ],
                "BorderStyle": "Solid",
                "BorderThickness": [
                    1.125,
                    0.5,
                    1.125,
                    0.5
                ],
                "ColIndex": 0,
                "Height": 34.625,
                "InlineAlign": "Start",
                "RowIndex": 3,
                "Width": 131.125
            }
        },
        {
            "Bounds": [
                162.47999572753906,
                668.3146820068359,
                172.39500427246094,
                686.0955810546875
            ],
            "Font": {
                "alt_family_name": "Titlingmes New Roman",
                "embedded": false,
                "encoding": "WinAnsiEncoding",
                "family_name": "Titlingmes New Roman",
                "font_type": "TrueType",
                "italic": false,
                "monospaced": false,
                "name": "TimesNewRoman",
                "subset": false,
                "weight": 400
            },
            "HasClip": false,
            "Lang": "en",
            "Page": 3,
            "Path": "//Document/Sect/L[3]/LI[3]/LBody/Table/TR[4]/TD/P",
            "Text": "3 ",
            "TextSize": 13.220001220703125,
            "attributes": {
                "LineHeight": 15.875
            }
        },
        {
            "Bounds": [
                291.3617858886719,
                668.3146820068359,
                340.8693542480469,
                686.0955810546875
            ],
            "Page": 3,
            "Path": "//Document/Sect/L[3]/LI[3]/LBody/Table/TR[4]/TD[2]",
            "attributes": {
                "BBox": [
                    286.0679999999993,
                    656.8849999999802,
                    433.18199999998615,
                    691.5639999999839
                ],
                "BlockAlign": "Middle",
                "BorderColor": [
                    0,
                    0,
                    0
                ],
                "BorderStyle": "Solid",
                "BorderThickness": [
                    1.125,
                    0.5,
                    0.5,
                    0.5
                ],
                "ColIndex": 1,
                "Height": 34.625,
                "InlineAlign": "Start",
                "RowIndex": 3,
                "Width": 147.125
            }
        },
        {
            "Bounds": [
                291.3617858886719,
                668.3146820068359,
                340.8693542480469,
                686.0955810546875
            ],
            "Font": {
                "alt_family_name": "Titlingmes New Roman",
                "embedded": false,
                "encoding": "WinAnsiEncoding",
                "family_name": "Titlingmes New Roman",
                "font_type": "TrueType",
                "italic": false,
                "monospaced": false,
                "name": "TimesNewRoman",
                "subset": false,
                "weight": 400
            },
            "HasClip": false,
            "Lang": "en",
            "Page": 3,
            "Path": "//Document/Sect/L[3]/LI[3]/LBody/Table/TR[4]/TD[2]/P",
            "Text": "1111587 ",
            "TextSize": 13.220001220703125,
            "attributes": {
                "LineHeight": 15.875
            }
        },
        {
            "Bounds": [
                438.23597717285156,
                668.3146820068359,
                492.0625305175781,
                686.0955810546875
            ],
            "Page": 3,
            "Path": "//Document/Sect/L[3]/LI[3]/LBody/Table/TR[4]/TD[3]",
            "attributes": {
                "BBox": [
                    432.2219999999943,
                    656.8849999999802,
                    520.1789999999746,
                    691.5639999999839
                ],
                "BlockAlign": "Middle",
                "BorderColor": [
                    0,
                    0,
                    0
                ],
                "BorderStyle": "Solid",
                "BorderThickness": [
                    1.125,
                    0.5,
                    0.5,
                    1.125
                ],
                "ColIndex": 2,
                "Height": 34.625,
                "InlineAlign": "Start",
                "RowIndex": 3,
                "Width": 88
            }
        },
        {
            "Bounds": [
                438.23597717285156,
                668.3146820068359,
                492.0625305175781,
                686.0955810546875
            ],
            "Font": {
                "alt_family_name": "Titlingmes New Roman",
                "embedded": false,
                "encoding": "WinAnsiEncoding",
                "family_name": "Titlingmes New Roman",
                "font_type": "TrueType",
                "italic": false,
                "monospaced": false,
                "name": "TimesNewRoman",
                "subset": false,
                "weight": 400
            },
            "HasClip": false,
            "Lang": "en",
            "Page": 3,
            "Path": "//Document/Sect/L[3]/LI[3]/LBody/Table/TR[4]/TD[3]/P",
            "Text": "Removed ",
            "TextSize": 13.220001220703125,
            "attributes": {
                "LineHeight": 15.875
            }
        },
        {
            "Bounds": [
                162.47999572753906,
                635.0746765136719,
                172.39500427246094,
                652.8555755615234
            ],
            "Page": 3,
            "Path": "//Document/Sect/L[3]/LI[3]/LBody/Table/TR[5]/TD",
            "attributes": {
                "BBox": [
                    155.87399999999616,
                    623.7669999999925,
                    287.02799999999115,
                    657.9649999999965
                ],
                "BlockAlign": "Middle",
                "BorderColor": [
                    0,
                    0,
                    0
                ],
                "BorderStyle": "Solid",
                "BorderThickness": [
                    0.5,
                    0.5,
                    1.125,
                    0.5
                ],
                "ColIndex": 0,
                "Height": 34.25,
                "InlineAlign": "Start",
                "RowIndex": 4,
                "Width": 131.125
            }
        },
        {
            "Bounds": [
                162.47999572753906,
                635.0746765136719,
                172.39500427246094,
                652.8555755615234
            ],
            "Font": {
                "alt_family_name": "Titlingmes New Roman",
                "embedded": false,
                "encoding": "WinAnsiEncoding",
                "family_name": "Titlingmes New Roman",
                "font_type": "TrueType",
                "italic": false,
                "monospaced": false,
                "name": "TimesNewRoman",
                "subset": false,
                "weight": 400
            },
            "HasClip": false,
            "Lang": "en",
            "Page": 3,
            "Path": "//Document/Sect/L[3]/LI[3]/LBody/Table/TR[5]/TD/P",
            "Text": "4 ",
            "TextSize": 13.220001220703125,
            "attributes": {
                "LineHeight": 15.875
            }
        },
        {
            "Bounds": [
                291.3617858886719,
                635.0746765136719,
                340.8693542480469,
                652.8555755615234
            ],
            "Page": 3,
            "Path": "//Document/Sect/L[3]/LI[3]/LBody/Table/TR[5]/TD[2]",
            "attributes": {
                "BBox": [
                    286.0679999999993,
                    623.7669999999925,
                    433.18199999998615,
                    657.9649999999965
                ],
                "BlockAlign": "Middle",
                "BorderColor": [
                    0,
                    0,
                    0
                ],
                "BorderStyle": "Solid",
                "BorderThickness": 0.5,
                "ColIndex": 1,
                "Height": 34.25,
                "InlineAlign": "Start",
                "RowIndex": 4,
                "Width": 147.125
            }
        },
        {
            "Bounds": [
                291.3617858886719,
                635.0746765136719,
                340.8693542480469,
                652.8555755615234
            ],
            "Font": {
                "alt_family_name": "Titlingmes New Roman",
                "embedded": false,
                "encoding": "WinAnsiEncoding",
                "family_name": "Titlingmes New Roman",
                "font_type": "TrueType",
                "italic": false,
                "monospaced": false,
                "name": "TimesNewRoman",
                "subset": false,
                "weight": 400
            },
            "HasClip": false,
            "Lang": "en",
            "Page": 3,
            "Path": "//Document/Sect/L[3]/LI[3]/LBody/Table/TR[5]/TD[2]/P",
            "Text": "3016329 ",
            "TextSize": 13.220001220703125,
            "attributes": {
                "LineHeight": 15.875
            }
        },
        {
            "Bounds": [
                438.23597717285156,
                635.0746765136719,
                502.3807373046875,
                652.8555755615234
            ],
            "Page": 3,
            "Path": "//Document/Sect/L[3]/LI[3]/LBody/Table/TR[5]/TD[3]",
            "attributes": {
                "BBox": [
                    432.2219999999943,
                    623.7669999999925,
                    520.1789999999746,
                    657.9649999999965
                ],
                "BlockAlign": "Middle",
                "BorderColor": [
                    0,
                    0,
                    0
                ],
                "BorderStyle": "Solid",
                "BorderThickness": [
                    0.5,
                    0.5,
                    0.5,
                    1.125
                ],
                "ColIndex": 2,
                "Height": 34.25,
                "InlineAlign": "Start",
                "RowIndex": 4,
                "Width": 88
            }
        },
        {
            "Bounds": [
                438.23597717285156,
                635.0746765136719,
                502.3807373046875,
                652.8555755615234
            ],
            "Font": {
                "alt_family_name": "Titlingmes New Roman",
                "embedded": false,
                "encoding": "WinAnsiEncoding",
                "family_name": "Titlingmes New Roman",
                "font_type": "TrueType",
                "italic": false,
                "monospaced": false,
                "name": "TimesNewRoman",
                "subset": false,
                "weight": 400
            },
            "HasClip": false,
            "Lang": "en",
            "Page": 3,
            "Path": "//Document/Sect/L[3]/LI[3]/LBody/Table/TR[5]/TD[3]/P",
            "Text": "Abandoned ",
            "TextSize": 13.220001220703125,
            "attributes": {
                "LineHeight": 15.875
            }
        },
        {
            "Bounds": [
                162.47999572753906,
                601.8346862792969,
                172.39500427246094,
                619.6155853271484
            ],
            "Page": 3,
            "Path": "//Document/Sect/L[3]/LI[3]/LBody/Table/TR[6]/TD",
            "attributes": {
                "BBox": [
                    155.87399999999616,
                    589.9279999999853,
                    287.02799999999115,
                    624.8469999999797
                ],
                "BlockAlign": "Middle",
                "BorderColor": [
                    0,
                    0,
                    0
                ],
                "BorderStyle": "Solid",
                "BorderThickness": [
                    0.5,
                    0.5,
                    1.125,
                    0.5
                ],
                "ColIndex": 0,
                "Height": 34.875,
                "InlineAlign": "Start",
                "RowIndex": 5,
                "Width": 131.125
            }
        },
        {
            "Bounds": [
                162.47999572753906,
                601.8346862792969,
                172.39500427246094,
                619.6155853271484
            ],
            "Font": {
                "alt_family_name": "Titlingmes New Roman",
                "embedded": false,
                "encoding": "WinAnsiEncoding",
                "family_name": "Titlingmes New Roman",
                "font_type": "TrueType",
                "italic": false,
                "monospaced": false,
                "name": "TimesNewRoman",
                "subset": false,
                "weight": 400
            },
            "HasClip": false,
            "Lang": "en",
            "Page": 3,
            "Path": "//Document/Sect/L[3]/LI[3]/LBody/Table/TR[6]/TD/P",
            "Text": "5 ",
            "TextSize": 13.220001220703125,
            "attributes": {
                "LineHeight": 15.875
            }
        },
        {
            "Bounds": [
                291.3617858886719,
                601.8346862792969,
                340.8693542480469,
                619.6155853271484
            ],
            "Page": 3,
            "Path": "//Document/Sect/L[3]/LI[3]/LBody/Table/TR[6]/TD[2]",
            "attributes": {
                "BBox": [
                    286.0679999999993,
                    589.9279999999853,
                    433.18199999998615,
                    624.8469999999797
                ],
                "BlockAlign": "Middle",
                "BorderColor": [
                    0,
                    0,
                    0
                ],
                "BorderStyle": "Solid",
                "BorderThickness": 0.5,
                "ColIndex": 1,
                "Height": 34.875,
                "InlineAlign": "Start",
                "RowIndex": 5,
                "Width": 147.125
            }
        },
        {
            "Bounds": [
                291.3617858886719,
                601.8346862792969,
                340.8693542480469,
                619.6155853271484
            ],
            "Font": {
                "alt_family_name": "Titlingmes New Roman",
                "embedded": false,
                "encoding": "WinAnsiEncoding",
                "family_name": "Titlingmes New Roman",
                "font_type": "TrueType",
                "italic": false,
                "monospaced": false,
                "name": "TimesNewRoman",
                "subset": false,
                "weight": 400
            },
            "HasClip": false,
            "Lang": "en",
            "Page": 3,
            "Path": "//Document/Sect/L[3]/LI[3]/LBody/Table/TR[6]/TD[2]/P",
            "Text": "3079933 ",
            "TextSize": 13.220001220703125,
            "attributes": {
                "LineHeight": 15.875
            }
        },
        {
            "Bounds": [
                438.23597717285156,
                601.8346862792969,
                502.3807373046875,
                619.6155853271484
            ],
            "Page": 3,
            "Path": "//Document/Sect/L[3]/LI[3]/LBody/Table/TR[6]/TD[3]",
            "attributes": {
                "BBox": [
                    432.2219999999943,
                    589.9279999999853,
                    520.1789999999746,
                    624.8469999999797
                ],
                "BlockAlign": "Middle",
                "BorderColor": [
                    0,
                    0,
                    0
                ],
                "BorderStyle": "Solid",
                "BorderThickness": [
                    0.5,
                    0.5,
                    0.5,
                    1.125
                ],
                "ColIndex": 2,
                "Height": 34.875,
                "InlineAlign": "Start",
                "RowIndex": 5,
                "Width": 88
            }
        },
        {
            "Bounds": [
                438.23597717285156,
                601.8346862792969,
                502.3807373046875,
                619.6155853271484
            ],
            "Font": {
                "alt_family_name": "Titlingmes New Roman",
                "embedded": false,
                "encoding": "WinAnsiEncoding",
                "family_name": "Titlingmes New Roman",
                "font_type": "TrueType",
                "italic": false,
                "monospaced": false,
                "name": "TimesNewRoman",
                "subset": false,
                "weight": 400
            },
            "HasClip": false,
            "Lang": "en",
            "Page": 3,
            "Path": "//Document/Sect/L[3]/LI[3]/LBody/Table/TR[6]/TD[3]/P",
            "Text": "Abandoned ",
            "TextSize": 13.220001220703125,
            "attributes": {
                "LineHeight": 15.875
            }
        },
        {
            "Bounds": [
                162.47999572753906,
                568.4746856689453,
                172.39500427246094,
                586.2555847167969
            ],
            "Page": 3,
            "Path": "//Document/Sect/L[3]/LI[3]/LBody/Table/TR[7]/TD",
            "attributes": {
                "BBox": [
                    155.87399999999616,
                    547.4499999999825,
                    287.02799999999115,
                    591.0079999999725
                ],
                "BlockAlign": "Before",
                "BorderColor": [
                    0,
                    0,
                    0
                ],
                "BorderStyle": "Solid",
                "BorderThickness": [
                    0.5,
                    1.25,
                    1.125,
                    0.5
                ],
                "ColIndex": 0,
                "Height": 43.5,
                "InlineAlign": "Start",
                "RowIndex": 6,
                "Width": 131.125
            }
        },
        {
            "Bounds": [
                162.47999572753906,
                568.4746856689453,
                172.39500427246094,
                586.2555847167969
            ],
            "Font": {
                "alt_family_name": "Titlingmes New Roman",
                "embedded": false,
                "encoding": "WinAnsiEncoding",
                "family_name": "Titlingmes New Roman",
                "font_type": "TrueType",
                "italic": false,
                "monospaced": false,
                "name": "TimesNewRoman",
                "subset": false,
                "weight": 400
            },
            "HasClip": false,
            "Lang": "en",
            "Page": 3,
            "Path": "//Document/Sect/L[3]/LI[3]/LBody/Table/TR[7]/TD/P",
            "Text": "6 ",
            "TextSize": 13.220001220703125,
            "attributes": {
                "LineHeight": 15.875
            }
        },
        {
            "Bounds": [
                291.3617858886719,
                568.4746856689453,
                340.8693542480469,
                586.2555847167969
            ],
            "Page": 3,
            "Path": "//Document/Sect/L[3]/LI[3]/LBody/Table/TR[7]/TD[2]",
            "attributes": {
                "BBox": [
                    286.0679999999993,
                    547.4499999999825,
                    433.18199999998615,
                    591.0079999999725
                ],
                "BlockAlign": "Before",
                "BorderColor": [
                    0,
                    0,
                    0
                ],
                "BorderStyle": "Solid",
                "BorderThickness": [
                    0.5,
                    1.25,
                    0.5,
                    0.5
                ],
                "ColIndex": 1,
                "Height": 43.5,
                "InlineAlign": "Start",
                "RowIndex": 6,
                "Width": 147.125
            }
        },
        {
            "Bounds": [
                291.3617858886719,
                568.4746856689453,
                340.8693542480469,
                586.2555847167969
            ],
            "Font": {
                "alt_family_name": "Titlingmes New Roman",
                "embedded": false,
                "encoding": "WinAnsiEncoding",
                "family_name": "Titlingmes New Roman",
                "font_type": "TrueType",
                "italic": false,
                "monospaced": false,
                "name": "TimesNewRoman",
                "subset": false,
                "weight": 400
            },
            "HasClip": false,
            "Lang": "en",
            "Page": 3,
            "Path": "//Document/Sect/L[3]/LI[3]/LBody/Table/TR[7]/TD[2]/P",
            "Text": "1323215 ",
            "TextSize": 13.220001220703125,
            "attributes": {
                "LineHeight": 15.875
            }
        },
        {
            "Bounds": [
                438.24000549316406,
                553.3546752929688,
                511.5025939941406,
                586.2555847167969
            ],
            "ClipBounds": [
                438.24000549316406,
                554.3800048828125,
                511.5025939941406,
                586.2555847167969
            ],
            "Page": 3,
            "Path": "//Document/Sect/L[3]/LI[3]/LBody/Table/TR[7]/TD[3]",
            "attributes": {
                "BBox": [
                    432.2219999999943,
                    547.4499999999825,
                    520.1789999999746,
                    591.0079999999725
                ],
                "BlockAlign": "Middle",
                "BorderColor": [
                    0,
                    0,
                    0
                ],
                "BorderStyle": "Solid",
                "BorderThickness": [
                    0.5,
                    1.25,
                    0.5,
                    1.125
                ],
                "ColIndex": 2,
                "Height": 43.5,
                "InlineAlign": "Start",
                "RowIndex": 6,
                "Width": 88
            }
        },
        {
            "Bounds": [
                438.24000549316406,
                553.3546752929688,
                511.5025939941406,
                586.2555847167969
            ],
            "ClipBounds": [
                438.24000549316406,
                554.3800048828125,
                511.5025939941406,
                586.2555847167969
            ],
            "Font": {
                "alt_family_name": "Titlingmes New Roman",
                "embedded": false,
                "encoding": "WinAnsiEncoding",
                "family_name": "Titlingmes New Roman",
                "font_type": "TrueType",
                "italic": false,
                "monospaced": false,
                "name": "TimesNewRoman",
                "subset": false,
                "weight": 400
            },
            "HasClip": true,
            "Lang": "en",
            "Page": 3,
            "Path": "//Document/Sect/L[3]/LI[3]/LBody/Table/TR[7]/TD[3]/P",
            "Text": "Registered in Class 7 ",
            "TextSize": 13.220001220703125,
            "attributes": {
                "LineHeight": 15.125
            }
        },
        {
            "Bounds": [
                144.47999572753906,
                509.9146728515625,
                157.6999969482422,
                527.6955871582031
            ],
            "Font": {
                "alt_family_name": "Titlingmes New Roman",
                "embedded": false,
                "encoding": "WinAnsiEncoding",
                "family_name": "Titlingmes New Roman",
                "font_type": "TrueType",
                "italic": false,
                "monospaced": false,
                "name": "TimesNewRoman",
                "subset": false,
                "weight": 400
            },
            "HasClip": false,
            "Page": 3,
            "Path": "//Document/Sect/L[3]/LI[4]/Lbl",
            "Text": "7. ",
            "TextSize": 13.220001220703125
        },
        {
            "Bounds": [
                144.47999572753906,
                464.30567932128906,
                553.9020843505859,
                527.6955871582031
            ],
            "Font": {
                "alt_family_name": "Titlingmes New Roman",
                "embedded": false,
                "encoding": "WinAnsiEncoding",
                "family_name": "Titlingmes New Roman",
                "font_type": "TrueType",
                "italic": false,
                "monospaced": false,
                "name": "TimesNewRoman",
                "subset": false,
                "weight": 400
            },
            "HasClip": false,
            "Page": 3,
            "Path": "//Document/Sect/L[3]/LI[4]/LBody",
            "Text": "Insofar as the last mark, no. 1323215 is concerned, the said mark is registered but the services for which the mark is in use are different from the goods and services in respect of which the Appellant seeks registration. ",
            "TextSize": 13.220001220703125
        },
        {
            "Bounds": [
                144.47999572753906,
                441.6201629638672,
                157.6999969482422,
                459.40106201171875
            ],
            "Font": {
                "alt_family_name": "Titlingmes New Roman",
                "embedded": false,
                "encoding": "WinAnsiEncoding",
                "family_name": "Titlingmes New Roman",
                "font_type": "TrueType",
                "italic": false,
                "monospaced": false,
                "name": "TimesNewRoman",
                "subset": false,
                "weight": 400
            },
            "HasClip": false,
            "Page": 3,
            "Path": "//Document/Sect/L[3]/LI[5]/Lbl",
            "Text": "8. ",
            "TextSize": 13.220001220703125
        },
        {
            "Bounds": [
                144.47999572753906,
                396.13014221191406,
                553.8967895507812,
                459.40106201171875
            ],
            "Font": {
                "alt_family_name": "Titlingmes New Roman",
                "embedded": false,
                "encoding": "WinAnsiEncoding",
                "family_name": "Titlingmes New Roman",
                "font_type": "TrueType",
                "italic": false,
                "monospaced": false,
                "name": "TimesNewRoman",
                "subset": false,
                "weight": 400
            },
            "HasClip": false,
            "Page": 3,
            "Path": "//Document/Sect/L[3]/LI[5]/LBody",
            "Text": "In the overall facts, this Court is of the opinion that the Examiner ought to consider the above facts and status of the cited marks, and then take a fresh look at the trademark application of the Appellant. ",
            "TextSize": 13.220001220703125
        },
        {
            "Bounds": [
                144.47999572753906,
                373.4446258544922,
                157.6999969482422,
                391.22552490234375
            ],
            "Font": {
                "alt_family_name": "Titlingmes New Roman",
                "embedded": false,
                "encoding": "WinAnsiEncoding",
                "family_name": "Titlingmes New Roman",
                "font_type": "TrueType",
                "italic": false,
                "monospaced": false,
                "name": "TimesNewRoman",
                "subset": false,
                "weight": 400
            },
            "HasClip": false,
            "Page": 3,
            "Path": "//Document/Sect/L[3]/LI[6]/Lbl",
            "Text": "9. ",
            "TextSize": 13.220001220703125
        },
        {
            "Bounds": [
                178.3099822998047,
                373.4446258544922,
                550.8884735107422,
                391.2555847167969
            ],
            "Font": {
                "alt_family_name": "Titlingmes New Roman",
                "embedded": false,
                "encoding": "WinAnsiEncoding",
                "family_name": "Titlingmes New Roman",
                "font_type": "TrueType",
                "italic": false,
                "monospaced": false,
                "name": "TimesNewRoman",
                "subset": false,
                "weight": 400
            },
            "HasClip": false,
            "Page": 3,
            "Path": "//Document/Sect/L[3]/LI[6]/LBody",
            "Text": "The impugned order dated 30th March, 2021 is, accordingly, set aside. ",
            "TextSize": 13.220001220703125
        },
        {
            "Bounds": [
                144.47393798828125,
                350.67018127441406,
                164.40045166015625,
                368.4510803222656
            ],
            "Font": {
                "alt_family_name": "Titlingmes New Roman",
                "embedded": false,
                "encoding": "WinAnsiEncoding",
                "family_name": "Titlingmes New Roman",
                "font_type": "TrueType",
                "italic": false,
                "monospaced": false,
                "name": "TimesNewRoman",
                "subset": false,
                "weight": 400
            },
            "HasClip": false,
            "Page": 3,
            "Path": "//Document/Sect/L[3]/LI[7]/Lbl",
            "Text": "10. ",
            "TextSize": 13.220001220703125
        },
        {
            "Bounds": [
                144.47393798828125,
                305.18016052246094,
                553.8641967773438,
                368.4510803222656
            ],
            "Font": {
                "alt_family_name": "Titlingmes New Roman",
                "embedded": false,
                "encoding": "WinAnsiEncoding",
                "family_name": "Titlingmes New Roman",
                "font_type": "TrueType",
                "italic": false,
                "monospaced": false,
                "name": "TimesNewRoman",
                "subset": false,
                "weight": 400
            },
            "HasClip": false,
            "Page": 3,
            "Path": "//Document/Sect/L[3]/LI[7]/LBody",
            "Text": "The application is remanded for re-examining by the Examiner of Trademarks, and the examination shall be conducted in accordance with law within 6 months. ",
            "TextSize": 13.220001220703125
        },
        {
            "Bounds": [
                144.47393798828125,
                282.49464416503906,
                164.40045166015625,
                300.2755432128906
            ],
            "Font": {
                "alt_family_name": "Titlingmes New Roman",
                "embedded": false,
                "encoding": "WinAnsiEncoding",
                "family_name": "Titlingmes New Roman",
                "font_type": "TrueType",
                "italic": false,
                "monospaced": false,
                "name": "TimesNewRoman",
                "subset": false,
                "weight": 400
            },
            "HasClip": false,
            "Page": 3,
            "Path": "//Document/Sect/L[3]/LI[8]/Lbl",
            "Text": "11. ",
            "TextSize": 13.220001220703125
        },
        {
            "Bounds": [
                178.30392456054688,
                282.49464416503906,
                400.74627685546875,
                300.2755432128906
            ],
            "Font": {
                "alt_family_name": "Titlingmes New Roman",
                "embedded": false,
                "encoding": "WinAnsiEncoding",
                "family_name": "Titlingmes New Roman",
                "font_type": "TrueType",
                "italic": false,
                "monospaced": false,
                "name": "TimesNewRoman",
                "subset": false,
                "weight": 400
            },
            "HasClip": false,
            "Page": 3,
            "Path": "//Document/Sect/L[3]/LI[8]/LBody",
            "Text": "The appeal is allowed in the above terms. ",
            "TextSize": 13.220001220703125
        },
        {
            "Bounds": [
                144.47393798828125,
                259.6901397705078,
                164.40045166015625,
                277.4710388183594
            ],
            "Font": {
                "alt_family_name": "Titlingmes New Roman",
                "embedded": false,
                "encoding": "WinAnsiEncoding",
                "family_name": "Titlingmes New Roman",
                "font_type": "TrueType",
                "italic": false,
                "monospaced": false,
                "name": "TimesNewRoman",
                "subset": false,
                "weight": 400
            },
            "HasClip": false,
            "Page": 3,
            "Path": "//Document/Sect/L[3]/LI[9]/Lbl",
            "Text": "12. ",
            "TextSize": 13.220001220703125
        },
        {
            "Bounds": [
                144.47393798828125,
                236.88563537597656,
                553.88818359375,
                277.4710388183594
            ],
            "Font": {
                "alt_family_name": "Titlingmes New Roman",
                "embedded": false,
                "encoding": "WinAnsiEncoding",
                "family_name": "Titlingmes New Roman",
                "font_type": "TrueType",
                "italic": false,
                "monospaced": false,
                "name": "TimesNewRoman",
                "subset": false,
                "weight": 400
            },
            "HasClip": false,
            "Page": 3,
            "Path": "//Document/Sect/L[3]/LI[9]/LBody",
            "Text": "Let the present order be intimated to the Registrar of Trade Marks through ld. CGSC, Mr. Harish V. Shankar, for necessary action. ",
            "TextSize": 13.220001220703125
        },
        {
            "Bounds": [
                200.63999938964844,
                249.95700073242188,
                494.4010009765625,
                541.5579986572266
            ],
            "HasClip": false,
            "Image": {
                "bits_per_component": 8,
                "colorspace": {
                    "Base": "DeviceGray",
                    "Name": "Indexed"
                },
                "data_length": 171808,
                "height": 413,
                "resolution_horizontal": 101.96043395996094,
                "resolution_vertical": 101.9749526977539,
                "width": 416
            },
            "Page": 3,
            "Path": "//Document/Sect/Watermark[3]"
        },
        {
            "Bounds": [
                416.1581573486328,
                191.2501983642578,
                553.8047943115234,
                209.52023315429688
            ],
            "Font": {
                "alt_family_name": "Titlingmes New Roman",
                "embedded": false,
                "encoding": "WinAnsiEncoding",
                "family_name": "Titlingmes New Roman",
                "font_type": "TrueType",
                "italic": false,
                "monospaced": false,
                "name": "TimesNewRoman,Bold",
                "subset": false,
                "weight": 700
            },
            "HasClip": false,
            "Lang": "en",
            "Page": 3,
            "Path": "//Document/Sect/P[12]",
            "Text": "PRATHIBA M. SINGH ",
            "TextSize": 13.220001220703125,
            "attributes": {
                "LineHeight": 15.875,
                "TextAlign": "End"
            }
        },
        {
            "Bounds": [
                483.4743957519531,
                176.12652587890625,
                531.4710235595703,
                194.3965606689453
            ],
            "Font": {
                "alt_family_name": "Titlingmes New Roman",
                "embedded": false,
                "encoding": "WinAnsiEncoding",
                "family_name": "Titlingmes New Roman",
                "font_type": "TrueType",
                "italic": false,
                "monospaced": false,
                "name": "TimesNewRoman,Bold",
                "subset": false,
                "weight": 700
            },
            "HasClip": false,
            "Lang": "en",
            "Page": 3,
            "Path": "//Document/Sect/P[13]",
            "Text": "JUDGE ",
            "TextSize": 13.220001220703125
        },
        {
            "Bounds": [
                144.47393798828125,
                160.8838653564453,
                261.75262451171875,
                179.15390014648438
            ],
            "Font": {
                "alt_family_name": "Titlingmes New Roman",
                "embedded": false,
                "encoding": "WinAnsiEncoding",
                "family_name": "Titlingmes New Roman",
                "font_type": "TrueType",
                "italic": false,
                "monospaced": false,
                "name": "TimesNewRoman,Bold",
                "subset": false,
                "weight": 700
            },
            "HasClip": false,
            "Lang": "da",
            "Page": 3,
            "Path": "//Document/Sect/P[14]",
            "Text": "JULY 20, 2022/dk/ss ",
            "TextSize": 13.220001220703125,
            "attributes": {
                "SpaceAfter": 18
            }
        }
    ],
    "pages": [
        {
            "boxes": {
                "CropBox": [
                    0.0,
                    0.0,
                    612.0,
                    792.0
                ],
                "MediaBox": [
                    0.0,
                    0.0,
                    612.0,
                    792.0
                ]
            },
            "height": 792.0,
            "is_scanned": false,
            "page_number": 0,
            "rotation": 0,
            "width": 612.0
        },
        {
            "boxes": {
                "CropBox": [
                    0.0,
                    0.0,
                    612.0,
                    792.0
                ],
                "MediaBox": [
                    0.0,
                    0.0,
                    612.0,
                    792.0
                ]
            },
            "height": 792.0,
            "is_scanned": false,
            "page_number": 1,
            "rotation": 0,
            "width": 612.0
        },
        {
            "boxes": {
                "CropBox": [
                    0.0,
                    0.0,
                    612.0,
                    792.0
                ],
                "MediaBox": [
                    0.0,
                    0.0,
                    612.0,
                    792.0
                ]
            },
            "height": 792.0,
            "is_scanned": false,
            "page_number": 2,
            "rotation": 0,
            "width": 612.0
        },
        {
            "boxes": {
                "CropBox": [
                    0.0,
                    0.0,
                    612.0,
                    792.0
                ],
                "MediaBox": [
                    0.0,
                    0.0,
                    612.0,
                    792.0
                ]
            },
            "height": 792.0,
            "is_scanned": false,
            "page_number": 3,
            "rotation": 0,
            "width": 612.0
        }
    ]
}