{
    "version": {
        "json_export": "184",
        "page_segmentation": "5",
        "schema": "1.1.0",
        "structure": "1.1006.0",
        "table_structure": "5"
    },
    "extended_metadata": {
        "ID_instance": "37 32 20 32 39 20 42 42 20 42 43 20 39 39 20 30 44 20 43 34 20 46 41 20 36 33 20 44 37 20 35 39 20 34 39 20 44 41 20 30 46 20 37 31 20 39 41 20 ",
        "ID_permanent": "31 39 20 30 34 20 34 41 20 30 42 20 38 43 20 42 35 20 42 32 20 31 31 20 30 41 20 30 30 20 36 37 20 34 35 20 38 42 20 36 42 20 43 36 20 32 33 20 ",
        "pdf_version": "1.6",
        "pdfa_compliance_level": "",
        "is_encrypted": false,
        "has_acroform": true,
        "is_digitally_signed": true,
        "pdfua_compliance_level": "",
        "page_count": 4,
        "has_embedded_files": false,
        "is_certified": false,
        "is_XFA": false,
        "language": "en-IN"
    },
    "elements": [
        {
            "Bounds": [
                185.64999389648438,
                265.97999572753906,
                497.6499938964844,
                575.7299957275391
            ],
            "ClipBounds": [
                185.64999389648438,
                265.97999572753906,
                497.6499938964844,
                575.7299957275391
            ],
            "HasClip": true,
            "Image": {
                "bits_per_component": 8,
                "colorspace": {
                    "Name": "DeviceRGB"
                },
                "data_length": 2061696,
                "height": 826,
                "resolution_horizontal": 192.0,
                "resolution_vertical": 192.0,
                "width": 832
            },
            "Page": 0,
            "Path": "//Document/Sect/Watermark"
        },
        {
            "Bounds": [
                126.02000427246094,
                443.79736328125,
                560.9577026367188,
                730.3097229003906
            ],
            "ClipBounds": [
                126.02000427246094,
                443.79736328125,
                560.9577026367188,
                730.3097229003906
            ],
            "Page": 0,
            "Path": "//Document/Sect/Table",
            "attributes": {
                "BBox": [
                    125.99499999999898,
                    443.89599999999336,
                    557.3769999999786,
                    728.164999999979
                ],
                "NumCol": 3,
                "NumRow": 3,
                "Placement": "Block",
                "SpaceAfter": 11.25
            }
        },
        {
            "Bounds": [
                126.02000427246094,
                685.3873596191406,
                560.9186859130859,
                730.3097229003906
            ],
            "ClipBounds": [
                126.02000427246094,
                685.3873596191406,
                560.9186859130859,
                730.3097229003906
            ],
            "Page": 0,
            "Path": "//Document/Sect/Table/TR/TD",
            "attributes": {
                "BBox": [
                    125.99499999999898,
                    683.2859999999928,
                    557.3769999999786,
                    728.164999999979
                ],
                "BlockAlign": "Before",
                "ColIndex": 0,
                "ColSpan": 3,
                "Height": 44.875,
                "InlineAlign": "Start",
                "RowIndex": 0,
                "Width": 431.375
            }
        },
        {
            "Bounds": [
                126.02000427246094,
                717.54736328125,
                158.0287628173828,
                730.3097229003906
            ],
            "ClipBounds": [
                126.02000427246094,
                717.54736328125,
                158.0287628173828,
                730.3097229003906
            ],
            "Font": {
                "alt_family_name": "Titlingmes New Roman PSMT",
                "embedded": false,
                "encoding": "WinAnsiEncoding",
                "family_name": "Titlingmes New Roman PSMT",
                "font_type": "TrueType",
                "italic": false,
                "monospaced": false,
                "name": "TimesNewRomanPSMT",
                "subset": false,
                "weight": 400
            },
            "HasClip": true,
            "Lang": "en",
            "Page": 0,
            "Path": "//Document/Sect/Table/TR/TD/P",
            "Text": "$~19 ",
            "TextSize": 14.039993286132812,
            "attributes": {
                "LineHeight": 16.875
            }
        },
        {
            "Bounds": [
                126.02000427246094,
                701.4673614501953,
                136.5500030517578,
                714.2297210693359
            ],
            "ClipBounds": [
                126.02000427246094,
                701.4673614501953,
                136.5500030517578,
                714.2297210693359
            ],
            "Font": {
                "alt_family_name": "Titlingmes New Roman PSMT",
                "embedded": false,
                "encoding": "WinAnsiEncoding",
                "family_name": "Titlingmes New Roman PSMT",
                "font_type": "TrueType",
                "italic": false,
                "monospaced": false,
                "name": "TimesNewRomanPSMT",
                "subset": false,
                "weight": 400
            },
            "HasClip": true,
            "Page": 0,
            "Path": "//Document/Sect/Table/TR/TD/L/LI/Lbl",
            "Text": "* ",
            "TextSize": 14.039993286132812
        },
        {
            "Bounds": [
                162.02000427246094,
                701.4673614501953,
                517.8919830322266,
                714.0050811767578
            ],
            "ClipBounds": [
                162.02000427246094,
                701.4673614501953,
                517.8919830322266,
                714.0050811767578
            ],
            "Font": {
                "alt_family_name": "Titlingmes New Roman PS",
                "embedded": false,
                "encoding": "WinAnsiEncoding",
                "family_name": "Titlingmes New Roman PS",
                "font_type": "TrueType",
                "italic": false,
                "monospaced": false,
                "name": "TimesNewRomanPS-BoldMT",
                "subset": false,
                "weight": 700
            },
            "HasClip": true,
            "Page": 0,
            "Path": "//Document/Sect/Table/TR/TD/L/LI/LBody",
            "Text": "IN THE  HIGH  COURT  OF DELHI  AT  NEW  DELHI ",
            "TextSize": 14.039993286132812
        },
        {
            "Bounds": [
                374.8300018310547,
                685.3873596191406,
                560.9186859130859,
                699.5529937744141
            ],
            "ClipBounds": [
                374.8300018310547,
                685.3873596191406,
                560.9186859130859,
                699.5529937744141
            ],
            "Font": {
                "alt_family_name": "Titlingmes New Roman PS",
                "embedded": false,
                "encoding": "WinAnsiEncoding",
                "family_name": "Titlingmes New Roman PS",
                "font_type": "TrueType",
                "italic": true,
                "monospaced": false,
                "name": "TimesNewRomanPS-BoldItalicMT",
                "subset": false,
                "weight": 700
            },
            "HasClip": true,
            "Lang": "en",
            "Page": 0,
            "Path": "//Document/Sect/Table/TR/TD/P[2]",
            "Text": "Date of Decision: 5th July, 2022 ",
            "TextSize": 14.039993286132812,
            "attributes": {
                "LineHeight": 16.875
            }
        },
        {
            "Bounds": [
                126.02000427246094,
                653.1073608398438,
                261.38587951660156,
                682.0697174072266
            ],
            "ClipBounds": [
                126.02000427246094,
                653.1073608398438,
                261.38587951660156,
                682.0697174072266
            ],
            "Page": 0,
            "Path": "//Document/Sect/Table/TR[2]/TD",
            "attributes": {
                "BBox": [
                    125.99499999999898,
                    602.6499999999942,
                    263.5089999999909,
                    683.2859999999928
                ],
                "BlockAlign": "Before",
                "ColIndex": 0,
                "Height": 80.625,
                "InlineAlign": "Start",
                "RowIndex": 1,
                "Width": 137.5
            }
        },
        {
            "Bounds": [
                234.0500030517578,
                669.3073577880859,
                261.38587951660156,
                681.8450775146484
            ],
            "ClipBounds": [
                234.0500030517578,
                669.3073577880859,
                261.38587951660156,
                681.8450775146484
            ],
            "Font": {
                "alt_family_name": "Titlingmes New Roman PS",
                "embedded": false,
                "encoding": "WinAnsiEncoding",
                "family_name": "Titlingmes New Roman PS",
                "font_type": "TrueType",
                "italic": false,
                "monospaced": false,
                "name": "TimesNewRomanPS-BoldMT",
                "subset": false,
                "weight": 700
            },
            "HasClip": true,
            "Page": 0,
            "Path": "//Document/Sect/Table/TR[2]/TD/L/LI/Lbl/StyleSpan",
            "Text": "C.A.",
            "TextSize": 14.039993286132812,
            "attributes": {
                "BaselineShift": -169.375
            }
        },
        {
            "Bounds": [
                126.02000427246094,
                669.3073577880859,
                137.44850158691406,
                682.0697174072266
            ],
            "ClipBounds": [
                126.02000427246094,
                669.3073577880859,
                137.44850158691406,
                682.0697174072266
            ],
            "Font": {
                "alt_family_name": "Titlingmes New Roman PSMT",
                "embedded": false,
                "encoding": "WinAnsiEncoding",
                "family_name": "Titlingmes New Roman PSMT",
                "font_type": "TrueType",
                "italic": false,
                "monospaced": false,
                "name": "TimesNewRomanPSMT",
                "subset": false,
                "weight": 400
            },
            "HasClip": true,
            "Page": 0,
            "Path": "//Document/Sect/Table/TR[2]/TD/L[2]/LI/Lbl",
            "Text": "+ ",
            "TextSize": 14.039993286132812
        },
        {
            "Bounds": [
                162.02000427246094,
                653.1073608398438,
                256.98655700683594,
                665.8697204589844
            ],
            "ClipBounds": [
                162.02000427246094,
                653.1073608398438,
                256.98655700683594,
                665.8697204589844
            ],
            "Font": {
                "alt_family_name": "Titlingmes New Roman PSMT",
                "embedded": false,
                "encoding": "WinAnsiEncoding",
                "family_name": "Titlingmes New Roman PSMT",
                "font_type": "TrueType",
                "italic": false,
                "monospaced": false,
                "name": "TimesNewRomanPSMT",
                "subset": false,
                "weight": 400
            },
            "HasClip": true,
            "Lang": "en",
            "Page": 0,
            "Path": "//Document/Sect/Table/TR[2]/TD/P",
            "Text": "ROGER YANG ",
            "TextSize": 14.039993286132812,
            "attributes": {
                "LineHeight": 16.875
            }
        },
        {
            "Bounds": [
                264.88999938964844,
                637.0273590087891,
                347.9927673339844,
                681.8450775146484
            ],
            "ClipBounds": [
                264.88999938964844,
                637.0273590087891,
                347.9927673339844,
                681.8450775146484
            ],
            "Page": 0,
            "Path": "//Document/Sect/Table/TR[2]/TD[2]",
            "attributes": {
                "BBox": [
                    263.5089999999909,
                    602.6499999999942,
                    344.50599999999395,
                    683.2859999999928
                ],
                "BlockAlign": "Before",
                "ColIndex": 1,
                "Height": 80.625,
                "InlineAlign": "Start",
                "RowIndex": 1,
                "Width": 81
            }
        },
        {
            "Bounds": [
                264.88999938964844,
                669.3073577880859,
                347.9927673339844,
                681.8450775146484
            ],
            "ClipBounds": [
                264.88999938964844,
                669.3073577880859,
                347.9927673339844,
                681.8450775146484
            ],
            "Font": {
                "alt_family_name": "Titlingmes New Roman PS",
                "embedded": false,
                "encoding": "WinAnsiEncoding",
                "family_name": "Titlingmes New Roman PS",
                "font_type": "TrueType",
                "italic": false,
                "monospaced": false,
                "name": "TimesNewRomanPS-BoldMT",
                "subset": false,
                "weight": 700
            },
            "HasClip": true,
            "Lang": "en",
            "Page": 0,
            "Path": "//Document/Sect/Table/TR[2]/TD[2]/P",
            "Text": "(COMM.IPD ",
            "TextSize": 14.039993286132812,
            "attributes": {
                "LineHeight": 16.875
            }
        },
        {
            "Bounds": [
                270.0500030517578,
                637.0273590087891,
                325.6764831542969,
                649.7897186279297
            ],
            "ClipBounds": [
                270.0500030517578,
                637.0273590087891,
                325.6764831542969,
                649.7897186279297
            ],
            "Font": {
                "alt_family_name": "Titlingmes New Roman PSMT",
                "embedded": false,
                "encoding": "WinAnsiEncoding",
                "family_name": "Titlingmes New Roman PSMT",
                "font_type": "TrueType",
                "italic": false,
                "monospaced": false,
                "name": "TimesNewRomanPSMT",
                "subset": false,
                "weight": 400
            },
            "HasClip": true,
            "Lang": "en",
            "Page": 0,
            "Path": "//Document/Sect/Table/TR[2]/TD[2]/P[2]",
            "Text": "Through: ",
            "TextSize": 14.039993286132812,
            "attributes": {
                "LineHeight": 16.875
            }
        },
        {
            "Bounds": [
                342.07000732421875,
                604.8673553466797,
                560.8412780761719,
                681.8450775146484
            ],
            "ClipBounds": [
                342.07000732421875,
                604.8673553466797,
                560.8412780761719,
                681.8450775146484
            ],
            "Page": 0,
            "Path": "//Document/Sect/Table/TR[2]/TD[3]",
            "attributes": {
                "BBox": [
                    331.9059999999881,
                    602.6499999999942,
                    557.3769999999786,
                    683.2859999999928
                ],
                "BlockAlign": "Before",
                "ColIndex": 2,
                "Height": 80.625,
                "InlineAlign": "Start",
                "RowIndex": 1,
                "Width": 225.5
            }
        },
        {
            "Bounds": [
                344.5899963378906,
                669.3073577880859,
                436.33839416503906,
                681.8450775146484
            ],
            "ClipBounds": [
                344.5899963378906,
                669.3073577880859,
                436.33839416503906,
                681.8450775146484
            ],
            "Font": {
                "alt_family_name": "Titlingmes New Roman PS",
                "embedded": false,
                "encoding": "WinAnsiEncoding",
                "family_name": "Titlingmes New Roman PS",
                "font_type": "TrueType",
                "italic": false,
                "monospaced": false,
                "name": "TimesNewRomanPS-BoldMT",
                "subset": false,
                "weight": 700
            },
            "HasClip": true,
            "Lang": "en",
            "Page": 0,
            "Path": "//Document/Sect/Table/TR[2]/TD[3]/P",
            "Text": "-TM) 109/2022 ",
            "TextSize": 14.039993286132812,
            "attributes": {
                "LineHeight": 16.875
            }
        },
        {
            "Bounds": [
                342.07000732421875,
                604.8673553466797,
                560.8412780761719,
                665.8697204589844
            ],
            "ClipBounds": [
                342.07000732421875,
                604.8673553466797,
                560.8412780761719,
                665.8697204589844
            ],
            "Font": {
                "alt_family_name": "Titlingmes New Roman PSMT",
                "embedded": false,
                "encoding": "WinAnsiEncoding",
                "family_name": "Titlingmes New Roman PSMT",
                "font_type": "TrueType",
                "italic": false,
                "monospaced": false,
                "name": "TimesNewRomanPSMT",
                "subset": false,
                "weight": 400
            },
            "HasClip": true,
            "Lang": "en",
            "Page": 0,
            "Path": "//Document/Sect/Table/TR[2]/TD[3]/P[2]",
            "Text": "Appellant Mr. Abhishek Saket, Ms. Shahana Frah and Ms. Sanna Harta, Advocates. (M:9810134597) ",
            "TextSize": 14.039993286132812,
            "attributes": {
                "LineHeight": 16.125
            }
        },
        {
            "Bounds": [
                126.02000427246094,
                443.79736328125,
                302.06910705566406,
                585.4697265625
            ],
            "ClipBounds": [
                126.02000427246094,
                443.79736328125,
                302.06910705566406,
                585.4697265625
            ],
            "Page": 0,
            "Path": "//Document/Sect/Table/TR[3]/TD",
            "attributes": {
                "BBox": [
                    125.99499999999898,
                    443.89599999999336,
                    298.5479999999952,
                    602.6499999999942
                ],
                "BlockAlign": "After",
                "ColIndex": 0,
                "Height": 158.75,
                "InlineAlign": "Start",
                "RowIndex": 2,
                "Width": 172.375
            }
        },
        {
            "Bounds": [
                162.02000427246094,
                572.7073669433594,
                264.80694580078125,
                585.4697265625
            ],
            "ClipBounds": [
                162.02000427246094,
                572.7073669433594,
                264.80694580078125,
                585.4697265625
            ],
            "Font": {
                "alt_family_name": "Titlingmes New Roman PSMT",
                "embedded": false,
                "encoding": "WinAnsiEncoding",
                "family_name": "Titlingmes New Roman PSMT",
                "font_type": "TrueType",
                "italic": false,
                "monospaced": false,
                "name": "TimesNewRomanPSMT",
                "subset": false,
                "weight": 400
            },
            "HasClip": true,
            "Lang": "en",
            "Page": 0,
            "Path": "//Document/Sect/Table/TR[3]/TD/P",
            "Text": "REGISTRAR OF ",
            "TextSize": 14.039993286132812,
            "attributes": {
                "LineHeight": 16.875
            }
        },
        {
            "Bounds": [
                162.02000427246094,
                476.0773620605469,
                224.736572265625,
                488.6150817871094
            ],
            "ClipBounds": [
                162.02000427246094,
                476.0773620605469,
                224.736572265625,
                488.6150817871094
            ],
            "Font": {
                "alt_family_name": "Titlingmes New Roman PS",
                "embedded": false,
                "encoding": "WinAnsiEncoding",
                "family_name": "Titlingmes New Roman PS",
                "font_type": "TrueType",
                "italic": false,
                "monospaced": false,
                "name": "TimesNewRomanPS-BoldMT",
                "subset": false,
                "weight": 700
            },
            "HasClip": true,
            "Page": 0,
            "Path": "//Document/Sect/Table/TR[3]/TD/P[2]/Sub",
            "Text": "CORAM: ",
            "TextSize": 14.039993286132812,
            "attributes": {
                "Placement": "Block"
            }
        },
        {
            "Bounds": [
                162.02000427246094,
                459.9973602294922,
                302.06910705566406,
                472.5350799560547
            ],
            "ClipBounds": [
                162.02000427246094,
                459.9973602294922,
                302.06910705566406,
                472.5350799560547
            ],
            "Font": {
                "alt_family_name": "Titlingmes New Roman PS",
                "embedded": false,
                "encoding": "WinAnsiEncoding",
                "family_name": "Titlingmes New Roman PS",
                "font_type": "TrueType",
                "italic": false,
                "monospaced": false,
                "name": "TimesNewRomanPS-BoldMT",
                "subset": false,
                "weight": 700
            },
            "HasClip": true,
            "Page": 0,
            "Path": "//Document/Sect/Table/TR[3]/TD/P[2]/Sub[2]",
            "Text": "JUSTICE PRATHIBA ",
            "TextSize": 14.039993286132812,
            "attributes": {
                "Placement": "Block"
            }
        },
        {
            "Bounds": [
                126.02000427246094,
                443.79736328125,
                266.11521911621094,
                456.3350830078125
            ],
            "ClipBounds": [
                126.02000427246094,
                443.79736328125,
                266.11521911621094,
                456.3350830078125
            ],
            "Font": {
                "alt_family_name": "Titlingmes New Roman PS",
                "embedded": false,
                "encoding": "WinAnsiEncoding",
                "family_name": "Titlingmes New Roman PS",
                "font_type": "TrueType",
                "italic": false,
                "monospaced": false,
                "name": "TimesNewRomanPS-BoldMT",
                "subset": false,
                "weight": 700
            },
            "HasClip": true,
            "Lang": "en",
            "Page": 0,
            "Path": "//Document/Sect/Table/TR[3]/TD/P[3]",
            "Text": "Prathiba M. Singh, J. ( ",
            "TextSize": 14.039993286132812,
            "attributes": {
                "LineHeight": 16.875
            }
        },
        {
            "Bounds": [
                262.61000061035156,
                443.79736328125,
                325.6764831542969,
                601.5497131347656
            ],
            "ClipBounds": [
                262.61000061035156,
                443.79736328125,
                325.6764831542969,
                601.5497131347656
            ],
            "Page": 0,
            "Path": "//Document/Sect/Table/TR[3]/TD[2]",
            "attributes": {
                "BBox": [
                    263.5089999999909,
                    443.89599999999336,
                    331.9059999999881,
                    602.6499999999942
                ],
                "BlockAlign": "Before",
                "ColIndex": 1,
                "Height": 158.75,
                "InlineAlign": "Start",
                "RowIndex": 2,
                "Width": 68.375
            }
        },
        {
            "Bounds": [
                264.68040466308594,
                459.9973602294922,
                322.3006134033203,
                585.4697265625
            ],
            "ClipBounds": [
                264.68040466308594,
                459.9973602294922,
                322.3006134033203,
                585.4697265625
            ],
            "Font": {
                "alt_family_name": "Titlingmes New Roman PS",
                "embedded": false,
                "encoding": "WinAnsiEncoding",
                "family_name": "Titlingmes New Roman PS",
                "font_type": "TrueType",
                "italic": false,
                "monospaced": false,
                "name": "TimesNewRomanPS-BoldMT",
                "subset": false,
                "weight": 700
            },
            "HasClip": true,
            "Lang": "en",
            "Page": 0,
            "Path": "//Document/Sect/Table/TR[3]/TD[2]/P",
            "Text": "TRADE M. ",
            "TextSize": 14.039993286132812,
            "attributes": {
                "LineHeight": 16.875
            }
        },
        {
            "Bounds": [
                262.61000061035156,
                443.79736328125,
                298.8752136230469,
                456.3350830078125
            ],
            "ClipBounds": [
                262.61000061035156,
                443.79736328125,
                298.8752136230469,
                456.3350830078125
            ],
            "Font": {
                "alt_family_name": "Titlingmes New Roman PS",
                "embedded": false,
                "encoding": "WinAnsiEncoding",
                "family_name": "Titlingmes New Roman PS",
                "font_type": "TrueType",
                "italic": false,
                "monospaced": false,
                "name": "TimesNewRomanPS-BoldMT",
                "subset": false,
                "weight": 700
            },
            "HasClip": true,
            "Lang": "en",
            "Page": 0,
            "Path": "//Document/Sect/Table/TR[3]/TD[2]/P[2]",
            "Text": "Oral) ",
            "TextSize": 14.039993286132812,
            "attributes": {
                "LineHeight": 16.875
            }
        },
        {
            "Bounds": [
                270.0500030517578,
                588.787353515625,
                309.3816680908203,
                601.5497131347656
            ],
            "ClipBounds": [
                270.0500030517578,
                588.787353515625,
                309.3816680908203,
                601.5497131347656
            ],
            "Font": {
                "alt_family_name": "Titlingmes New Roman PSMT",
                "embedded": false,
                "encoding": "WinAnsiEncoding",
                "family_name": "Titlingmes New Roman PSMT",
                "font_type": "TrueType",
                "italic": false,
                "monospaced": false,
                "name": "TimesNewRomanPSMT",
                "subset": false,
                "weight": 400
            },
            "HasClip": true,
            "Lang": "en",
            "Page": 0,
            "Path": "//Document/Sect/Table/TR[3]/TD[2]/P[3]",
            "Text": "versus ",
            "TextSize": 14.039993286132812,
            "attributes": {
                "LineHeight": 16.875
            }
        },
        {
            "Bounds": [
                270.0500030517578,
                556.4773559570312,
                325.6764831542969,
                569.2397155761719
            ],
            "ClipBounds": [
                270.0500030517578,
                556.4773559570312,
                325.6764831542969,
                569.2397155761719
            ],
            "Font": {
                "alt_family_name": "Titlingmes New Roman PSMT",
                "embedded": false,
                "encoding": "WinAnsiEncoding",
                "family_name": "Titlingmes New Roman PSMT",
                "font_type": "TrueType",
                "italic": false,
                "monospaced": false,
                "name": "TimesNewRomanPSMT",
                "subset": false,
                "weight": 400
            },
            "HasClip": true,
            "Lang": "en",
            "Page": 0,
            "Path": "//Document/Sect/Table/TR[3]/TD[2]/P[4]",
            "Text": "Through: ",
            "TextSize": 14.039993286132812,
            "attributes": {
                "LineHeight": 16.875
            }
        },
        {
            "Bounds": [
                311.4196014404297,
                459.9973602294922,
                560.9577026367188,
                585.4697265625
            ],
            "ClipBounds": [
                311.4196014404297,
                459.9973602294922,
                560.9577026367188,
                585.4697265625
            ],
            "Page": 0,
            "Path": "//Document/Sect/Table/TR[3]/TD[3]",
            "attributes": {
                "BBox": [
                    314.86699999999837,
                    443.89599999999336,
                    557.3769999999786,
                    602.6499999999942
                ],
                "BlockAlign": "Before",
                "ColIndex": 2,
                "Height": 158.75,
                "InlineAlign": "Start",
                "RowIndex": 2,
                "Width": 242.5
            }
        },
        {
            "Bounds": [
                311.4196014404297,
                572.7073669433594,
                368.1692810058594,
                585.4697265625
            ],
            "ClipBounds": [
                311.4196014404297,
                572.7073669433594,
                368.1692810058594,
                585.4697265625
            ],
            "Font": {
                "alt_family_name": "Titlingmes New Roman PSMT",
                "embedded": false,
                "encoding": "WinAnsiEncoding",
                "family_name": "Titlingmes New Roman PSMT",
                "font_type": "TrueType",
                "italic": false,
                "monospaced": false,
                "name": "TimesNewRomanPSMT",
                "subset": false,
                "weight": 400
            },
            "HasClip": true,
            "Lang": "en",
            "Page": 0,
            "Path": "//Document/Sect/Table/TR[3]/TD[3]/P",
            "Text": " MARKS ",
            "TextSize": 14.039993286132812,
            "attributes": {
                "LineHeight": 16.875
            }
        },
        {
            "Bounds": [
                322.24440002441406,
                459.9973602294922,
                370.97723388671875,
                472.5350799560547
            ],
            "ClipBounds": [
                322.24440002441406,
                459.9973602294922,
                370.97723388671875,
                472.5350799560547
            ],
            "Font": {
                "alt_family_name": "Titlingmes New Roman PS",
                "embedded": false,
                "encoding": "WinAnsiEncoding",
                "family_name": "Titlingmes New Roman PS",
                "font_type": "TrueType",
                "italic": false,
                "monospaced": false,
                "name": "TimesNewRomanPS-BoldMT",
                "subset": false,
                "weight": 700
            },
            "HasClip": true,
            "Lang": "en",
            "Page": 0,
            "Path": "//Document/Sect/Table/TR[3]/TD[3]/P[2]",
            "Text": "SINGH ",
            "TextSize": 14.039993286132812,
            "attributes": {
                "LineHeight": 16.875
            }
        },
        {
            "Bounds": [
                342.07000732421875,
                492.15736389160156,
                560.9577026367188,
                585.4697265625
            ],
            "ClipBounds": [
                342.07000732421875,
                492.15736389160156,
                560.9577026367188,
                585.4697265625
            ],
            "Font": {
                "alt_family_name": "Titlingmes New Roman PSMT",
                "embedded": false,
                "encoding": "WinAnsiEncoding",
                "family_name": "Titlingmes New Roman PSMT",
                "font_type": "TrueType",
                "italic": false,
                "monospaced": false,
                "name": "TimesNewRomanPSMT",
                "subset": false,
                "weight": 400
            },
            "HasClip": true,
            "Lang": "en",
            "Page": 0,
            "Path": "//Document/Sect/Table/TR[3]/TD[3]/P[3]",
            "Text": "Respondent Mr. Harish Vaidyanathan Shankar, CGSC with Mr. Srish Kumar Mishra, Mr. Sagar Mehlawat and Mr. Alexander Mathai Paikaday, Advocates. (M:7204711976) ",
            "TextSize": 14.039993286132812,
            "attributes": {
                "LineHeight": 16.125
            }
        },
        {
            "Bounds": [
                126.02000427246094,
                419.67735290527344,
                143.6300048828125,
                432.43971252441406
            ],
            "ClipBounds": [
                126.02000427246094,
                419.67735290527344,
                143.6300048828125,
                432.43971252441406
            ],
            "Font": {
                "alt_family_name": "Titlingmes New Roman PSMT",
                "embedded": false,
                "encoding": "WinAnsiEncoding",
                "family_name": "Titlingmes New Roman PSMT",
                "font_type": "TrueType",
                "italic": false,
                "monospaced": false,
                "name": "TimesNewRomanPSMT",
                "subset": false,
                "weight": 400
            },
            "HasClip": true,
            "Page": 0,
            "Path": "//Document/Sect/L/LI/Lbl",
            "Text": "1.  ",
            "TextSize": 14.039993286132812
        },
        {
            "Bounds": [
                126.02000427246094,
                371.4173583984375,
                560.7299194335938,
                432.43971252441406
            ],
            "ClipBounds": [
                126.02000427246094,
                371.4173583984375,
                560.7299194335938,
                432.43971252441406
            ],
            "Font": {
                "alt_family_name": "Titlingmes New Roman PSMT",
                "embedded": false,
                "encoding": "WinAnsiEncoding",
                "family_name": "Titlingmes New Roman PSMT",
                "font_type": "TrueType",
                "italic": false,
                "monospaced": false,
                "name": "TimesNewRomanPSMT",
                "subset": false,
                "weight": 400
            },
            "HasClip": true,
            "Page": 0,
            "Path": "//Document/Sect/L/LI/LBody",
            "Text": "The present appeal was originally filed before the IPAB and due to the enactment of Tribunals Reforms Act, 2021, the matter has been placed before this Court. ",
            "TextSize": 14.039993286132812
        },
        {
            "Bounds": [
                126.02000427246094,
                347.17735290527344,
                140.24124145507812,
                359.93971252441406
            ],
            "ClipBounds": [
                126.02000427246094,
                347.17735290527344,
                140.24124145507812,
                359.93971252441406
            ],
            "Font": {
                "alt_family_name": "Titlingmes New Roman PSMT",
                "embedded": false,
                "encoding": "WinAnsiEncoding",
                "family_name": "Titlingmes New Roman PSMT",
                "font_type": "TrueType",
                "italic": false,
                "monospaced": false,
                "name": "TimesNewRomanPSMT",
                "subset": false,
                "weight": 400
            },
            "HasClip": true,
            "Page": 0,
            "Path": "//Document/Sect/L/LI[2]/Lbl",
            "Text": "2. ",
            "TextSize": 14.039993286132812
        },
        {
            "Bounds": [
                126.02000427246094,
                250.57736206054688,
                561.0205535888672,
                361.48699951171875
            ],
            "ClipBounds": [
                126.02000427246094,
                250.57736206054688,
                561.0205535888672,
                361.48699951171875
            ],
            "Font": {
                "alt_family_name": "Titlingmes New Roman PSMT",
                "embedded": false,
                "encoding": "WinAnsiEncoding",
                "family_name": "Titlingmes New Roman PSMT",
                "font_type": "TrueType",
                "italic": false,
                "monospaced": false,
                "name": "TimesNewRomanPSMT",
                "subset": false,
                "weight": 400
            },
            "HasClip": true,
            "Page": 0,
            "Path": "//Document/Sect/L/LI[2]/LBody",
            "Text": "The present appeal challenges the impugned order dated 15th March, 2019 passed by the Registrar of Trademarks by which the application of Appellant for the mark ‘TRAVELER’S CHOICE’ bearing no. 3008920 in class 18 for luggage, sports bags, carrying bags, backpacks, book bags etc. has been rejected. ",
            "TextSize": 14.039993286132812
        },
        {
            "Bounds": [
                126.02000427246094,
                226.45736694335938,
                140.1199951171875,
                239.2197265625
            ],
            "ClipBounds": [
                126.02000427246094,
                226.45736694335938,
                140.1199951171875,
                239.2197265625
            ],
            "Font": {
                "alt_family_name": "Titlingmes New Roman PSMT",
                "embedded": false,
                "encoding": "WinAnsiEncoding",
                "family_name": "Titlingmes New Roman PSMT",
                "font_type": "TrueType",
                "italic": false,
                "monospaced": false,
                "name": "TimesNewRomanPSMT",
                "subset": false,
                "weight": 400
            },
            "HasClip": true,
            "Page": 0,
            "Path": "//Document/Sect/L/LI[3]/Lbl",
            "Text": "3. ",
            "TextSize": 14.039993286132812
        },
        {
            "Bounds": [
                126.02000427246094,
                178.18736267089844,
                560.9499969482422,
                240.76699829101562
            ],
            "ClipBounds": [
                126.02000427246094,
                178.18736267089844,
                560.9499969482422,
                240.76699829101562
            ],
            "Font": {
                "alt_family_name": "Titlingmes New Roman PSMT",
                "embedded": false,
                "encoding": "WinAnsiEncoding",
                "family_name": "Titlingmes New Roman PSMT",
                "font_type": "TrueType",
                "italic": false,
                "monospaced": false,
                "name": "TimesNewRomanPSMT",
                "subset": false,
                "weight": 400
            },
            "HasClip": true,
            "Page": 0,
            "Path": "//Document/Sect/L/LI[3]/LBody",
            "Text": "The application was filed on 15th July, 2015 and the examination report was issued on 8th July, 2016. The said examination report cited the following three trademarks. ",
            "TextSize": 14.039993286132812
        },
        {
            "Bounds": [
                185.64999389648438,
                265.97999572753906,
                497.6499938964844,
                575.7299957275391
            ],
            "ClipBounds": [
                185.64999389648438,
                265.97999572753906,
                497.6499938964844,
                575.7299957275391
            ],
            "HasClip": true,
            "Image": {
                "bits_per_component": 8,
                "colorspace": {
                    "Name": "DeviceRGB"
                },
                "data_length": 2061696,
                "height": 826,
                "resolution_horizontal": 192.0,
                "resolution_vertical": 192.0,
                "width": 832
            },
            "Page": 1,
            "Path": "//Document/Sect/Watermark[2]"
        },
        {
            "Bounds": [
                126.02000427246094,
                717.519287109375,
                135.76376342773438,
                733.1879272460938
            ],
            "ClipBounds": [
                126.02000427246094,
                717.519287109375,
                135.76376342773438,
                733.1879272460938
            ],
            "Font": {
                "alt_family_name": "Titlingmes New Roman PSMT",
                "embedded": true,
                "encoding": "Identity-H",
                "family_name": "Titlingmes New Roman PSMT",
                "font_type": "CIDFontType2",
                "italic": false,
                "monospaced": false,
                "name": "TimesNewRomanPSMT",
                "subset": false,
                "weight": 400
            },
            "HasClip": true,
            "Lang": "en",
            "Page": 1,
            "Path": "//Document/Sect/P",
            "Text": "“ ",
            "TextSize": 14.039993286132812,
            "attributes": {
                "LineHeight": 16.875
            }
        },
        {
            "Bounds": [
                126.0,
                325.92999267578125,
                576.8500061035156,
                709.5800018310547
            ],
            "ClipBounds": [
                126.0,
                325.92999267578125,
                576.8500061035156,
                709.5800018310547
            ],
            "Page": 1,
            "Path": "//Document/Sect/Figure",
            "attributes": {
                "BBox": [
                    125.99499999999898,
                    325.9409999999916,
                    576.8169999999809,
                    709.5649999999732
                ],
                "Placement": "Block"
            }
        },
        {
            "Bounds": [
                126.02000427246094,
                306.2573547363281,
                140.1199951171875,
                319.01971435546875
            ],
            "ClipBounds": [
                126.02000427246094,
                306.2573547363281,
                140.1199951171875,
                319.01971435546875
            ],
            "Font": {
                "alt_family_name": "Titlingmes New Roman PSMT",
                "embedded": false,
                "encoding": "WinAnsiEncoding",
                "family_name": "Titlingmes New Roman PSMT",
                "font_type": "TrueType",
                "italic": false,
                "monospaced": false,
                "name": "TimesNewRomanPSMT",
                "subset": false,
                "weight": 400
            },
            "HasClip": true,
            "Page": 1,
            "Path": "//Document/Sect/L[2]/LI/Lbl",
            "Text": "4. ",
            "TextSize": 14.039993286132812
        },
        {
            "Bounds": [
                126.02000427246094,
                282.0173645019531,
                560.86083984375,
                319.01971435546875
            ],
            "ClipBounds": [
                126.02000427246094,
                282.0173645019531,
                560.86083984375,
                319.01971435546875
            ],
            "Font": {
                "alt_family_name": "Titlingmes New Roman PSMT",
                "embedded": false,
                "encoding": "WinAnsiEncoding",
                "family_name": "Titlingmes New Roman PSMT",
                "font_type": "TrueType",
                "italic": false,
                "monospaced": false,
                "name": "TimesNewRomanPSMT",
                "subset": false,
                "weight": 400
            },
            "HasClip": true,
            "Page": 1,
            "Path": "//Document/Sect/L[2]/LI/LBody",
            "Text": "The mark was, however, rejected under Sections 9 and 11 of the Trade Marks Act, 1999, without giving any further reasons. ",
            "TextSize": 14.039993286132812
        },
        {
            "Bounds": [
                126.02000427246094,
                257.89735412597656,
                140.1199951171875,
                270.6597137451172
            ],
            "ClipBounds": [
                126.02000427246094,
                257.89735412597656,
                140.1199951171875,
                270.6597137451172
            ],
            "Font": {
                "alt_family_name": "Titlingmes New Roman PSMT",
                "embedded": false,
                "encoding": "WinAnsiEncoding",
                "family_name": "Titlingmes New Roman PSMT",
                "font_type": "TrueType",
                "italic": false,
                "monospaced": false,
                "name": "TimesNewRomanPSMT",
                "subset": false,
                "weight": 400
            },
            "HasClip": true,
            "Page": 1,
            "Path": "//Document/Sect/L[2]/LI[2]/Lbl",
            "Text": "5. ",
            "TextSize": 14.039993286132812
        },
        {
            "Bounds": [
                126.02000427246094,
                185.38735961914062,
                560.9711303710938,
                270.6597137451172
            ],
            "ClipBounds": [
                126.02000427246094,
                185.38735961914062,
                560.9711303710938,
                270.6597137451172
            ],
            "Font": {
                "alt_family_name": "Titlingmes New Roman PSMT",
                "embedded": false,
                "encoding": "WinAnsiEncoding",
                "family_name": "Titlingmes New Roman PSMT",
                "font_type": "TrueType",
                "italic": false,
                "monospaced": false,
                "name": "TimesNewRomanPSMT",
                "subset": false,
                "weight": 400
            },
            "HasClip": true,
            "Page": 1,
            "Path": "//Document/Sect/L[2]/LI[2]/LBody/ParagraphSpan",
            "Text": "Mr. Abhishek Saket, ld. Counsel appearing for the Appellant submits that insofar as the word ‘CHOICE’ is concerned, both the marks are registered, however, there is a disclaimer qua the word ‘CHOICE’ in the applications.  The said disclaimer is set out hereinbelow: ",
            "TextSize": 14.039993286132812
        },
        {
            "Bounds": [
                126.0,
                515.3800048828125,
                500.1499938964844,
                733.6799926757812
            ],
            "ClipBounds": [
                126.0,
                515.3800048828125,
                500.1499938964844,
                733.6799926757812
            ],
            "Page": 2,
            "Path": "//Document/Sect/L[2]/LI[2]/LBody/Figure",
            "attributes": {
                "BBox": [
                    125.99499999999898,
                    515.4129999999714,
                    500.1399999999994,
                    733.6839999999793
                ],
                "Placement": "Block"
            }
        },
        {
            "Bounds": [
                126.02000427246094,
                481.9573669433594,
                140.1199951171875,
                494.7197265625
            ],
            "ClipBounds": [
                126.02000427246094,
                481.9573669433594,
                140.1199951171875,
                494.7197265625
            ],
            "Font": {
                "alt_family_name": "Titlingmes New Roman PSMT",
                "embedded": false,
                "encoding": "WinAnsiEncoding",
                "family_name": "Titlingmes New Roman PSMT",
                "font_type": "TrueType",
                "italic": false,
                "monospaced": false,
                "name": "TimesNewRomanPSMT",
                "subset": false,
                "weight": 400
            },
            "HasClip": true,
            "Page": 2,
            "Path": "//Document/Sect/L[2]/LI[3]/Lbl",
            "Text": "6. ",
            "TextSize": 14.039993286132812
        },
        {
            "Bounds": [
                126.02000427246094,
                361.2173614501953,
                560.9615173339844,
                494.7197265625
            ],
            "ClipBounds": [
                126.02000427246094,
                361.2173614501953,
                560.9615173339844,
                494.7197265625
            ],
            "Font": {
                "alt_family_name": "Titlingmes New Roman PSMT",
                "embedded": false,
                "encoding": "WinAnsiEncoding",
                "family_name": "Titlingmes New Roman PSMT",
                "font_type": "TrueType",
                "italic": false,
                "monospaced": false,
                "name": "TimesNewRomanPSMT",
                "subset": false,
                "weight": 400
            },
            "HasClip": true,
            "Page": 2,
            "Path": "//Document/Sect/L[2]/LI[3]/LBody",
            "Text": "He also submits that insofar as the third mark is concerned i.e. bearing no. 2960180 in class 18, the said application has been rejected. He relies upon the printout of the trademark Registry, which reflects the status as refused. He, thus, submits that all three marks, which have been cited against the Petitioner’s mark, cannot result in rejection of the Petitioner’s trademark application. ",
            "TextSize": 14.039993286132812
        },
        {
            "Bounds": [
                126.02000427246094,
                337.0973663330078,
                140.1199951171875,
                349.85972595214844
            ],
            "ClipBounds": [
                126.02000427246094,
                337.0973663330078,
                140.1199951171875,
                349.85972595214844
            ],
            "Font": {
                "alt_family_name": "Titlingmes New Roman PSMT",
                "embedded": false,
                "encoding": "WinAnsiEncoding",
                "family_name": "Titlingmes New Roman PSMT",
                "font_type": "TrueType",
                "italic": false,
                "monospaced": false,
                "name": "TimesNewRomanPSMT",
                "subset": false,
                "weight": 400
            },
            "HasClip": true,
            "Page": 2,
            "Path": "//Document/Sect/L[2]/LI[4]/Lbl",
            "Text": "7. ",
            "TextSize": 14.039993286132812
        },
        {
            "Bounds": [
                126.02000427246094,
                240.4973602294922,
                560.8837585449219,
                349.85972595214844
            ],
            "ClipBounds": [
                126.02000427246094,
                240.4973602294922,
                560.8837585449219,
                349.85972595214844
            ],
            "Font": {
                "alt_family_name": "Titlingmes New Roman PSMT",
                "embedded": false,
                "encoding": "WinAnsiEncoding",
                "family_name": "Titlingmes New Roman PSMT",
                "font_type": "TrueType",
                "italic": false,
                "monospaced": false,
                "name": "TimesNewRomanPSMT",
                "subset": false,
                "weight": 400
            },
            "HasClip": true,
            "Page": 2,
            "Path": "//Document/Sect/L[2]/LI[4]/LBody",
            "Text": "Ld. Counsel further submits that the said mark is also adopted by the Petitioner globally in the 1960s and has also been registered in various other countries including US, Mexico, Canada, European Union, China, Korea, Qatar etc. Therefore, he submits that the marks ought to be permitted to proceed for registration. ",
            "TextSize": 14.039993286132812
        },
        {
            "Bounds": [
                126.02000427246094,
                216.25735473632812,
                140.1199951171875,
                229.01971435546875
            ],
            "ClipBounds": [
                126.02000427246094,
                216.25735473632812,
                140.1199951171875,
                229.01971435546875
            ],
            "Font": {
                "alt_family_name": "Titlingmes New Roman PSMT",
                "embedded": false,
                "encoding": "WinAnsiEncoding",
                "family_name": "Titlingmes New Roman PSMT",
                "font_type": "TrueType",
                "italic": false,
                "monospaced": false,
                "name": "TimesNewRomanPSMT",
                "subset": false,
                "weight": 400
            },
            "HasClip": true,
            "Page": 2,
            "Path": "//Document/Sect/L[2]/LI[5]/Lbl",
            "Text": "8. ",
            "TextSize": 14.039993286132812
        },
        {
            "Bounds": [
                126.02000427246094,
                143.8673553466797,
                560.8981628417969,
                229.01971435546875
            ],
            "ClipBounds": [
                126.02000427246094,
                143.8673553466797,
                560.8981628417969,
                229.01971435546875
            ],
            "Font": {
                "alt_family_name": "Titlingmes New Roman PSMT",
                "embedded": false,
                "encoding": "WinAnsiEncoding",
                "family_name": "Titlingmes New Roman PSMT",
                "font_type": "TrueType",
                "italic": false,
                "monospaced": false,
                "name": "TimesNewRomanPSMT",
                "subset": false,
                "weight": 400
            },
            "HasClip": true,
            "Page": 2,
            "Path": "//Document/Sect/L[2]/LI[5]/LBody",
            "Text": "On the other hand, on behalf of the Respondent, Mr. Harish Vaidyanathan, ld. CGSC submits that the Petitioner has filed two applications and both have been refused. He further, however, submits that the mark may be advertised with some conditions, if deemed appropriate. ",
            "TextSize": 14.039993286132812
        },
        {
            "Bounds": [
                126.02000427246094,
                119.62736511230469,
                140.1199951171875,
                132.3897247314453
            ],
            "ClipBounds": [
                126.02000427246094,
                119.62736511230469,
                140.1199951171875,
                132.3897247314453
            ],
            "Font": {
                "alt_family_name": "Titlingmes New Roman PSMT",
                "embedded": false,
                "encoding": "WinAnsiEncoding",
                "family_name": "Titlingmes New Roman PSMT",
                "font_type": "TrueType",
                "italic": false,
                "monospaced": false,
                "name": "TimesNewRomanPSMT",
                "subset": false,
                "weight": 400
            },
            "HasClip": true,
            "Page": 2,
            "Path": "//Document/Sect/L[2]/LI[6]/Lbl",
            "Text": "9. ",
            "TextSize": 14.039993286132812
        },
        {
            "Bounds": [
                162.02000427246094,
                119.62736511230469,
                560.9858856201172,
                132.3897247314453
            ],
            "ClipBounds": [
                162.02000427246094,
                119.62736511230469,
                560.9858856201172,
                132.3897247314453
            ],
            "Font": {
                "alt_family_name": "Titlingmes New Roman PSMT",
                "embedded": false,
                "encoding": "WinAnsiEncoding",
                "family_name": "Titlingmes New Roman PSMT",
                "font_type": "TrueType",
                "italic": false,
                "monospaced": false,
                "name": "TimesNewRomanPSMT",
                "subset": false,
                "weight": 400
            },
            "HasClip": true,
            "Page": 2,
            "Path": "//Document/Sect/L[2]/LI[6]/LBody",
            "Text": "Heard the ld. Counsels of both parties and perused the record. The ",
            "TextSize": 14.039993286132812
        },
        {
            "Bounds": [
                185.64999389648438,
                265.97999572753906,
                497.6499938964844,
                575.7299957275391
            ],
            "ClipBounds": [
                185.64999389648438,
                265.97999572753906,
                497.6499938964844,
                575.7299957275391
            ],
            "HasClip": true,
            "Image": {
                "bits_per_component": 8,
                "colorspace": {
                    "Name": "DeviceRGB"
                },
                "data_length": 2061696,
                "height": 826,
                "resolution_horizontal": 192.0,
                "resolution_vertical": 192.0,
                "width": 832
            },
            "Page": 2,
            "Path": "//Document/Sect/Watermark[3]"
        },
        {
            "Bounds": [
                185.64999389648438,
                265.97999572753906,
                497.6499938964844,
                575.7299957275391
            ],
            "ClipBounds": [
                185.64999389648438,
                265.97999572753906,
                497.6499938964844,
                575.7299957275391
            ],
            "HasClip": true,
            "Image": {
                "bits_per_component": 8,
                "colorspace": {
                    "Name": "DeviceRGB"
                },
                "data_length": 2061696,
                "height": 826,
                "resolution_horizontal": 192.0,
                "resolution_vertical": 192.0,
                "width": 832
            },
            "Page": 3,
            "Path": "//Document/Sect/Watermark[4]"
        },
        {
            "Bounds": [
                126.02000427246094,
                669.3073577880859,
                560.8890228271484,
                733.1879272460938
            ],
            "ClipBounds": [
                126.02000427246094,
                669.3073577880859,
                560.8890228271484,
                733.1879272460938
            ],
            "Font": {
                "alt_family_name": "Titlingmes New Roman PSMT",
                "embedded": false,
                "encoding": "WinAnsiEncoding",
                "family_name": "Titlingmes New Roman PSMT",
                "font_type": "TrueType",
                "italic": false,
                "monospaced": false,
                "name": "TimesNewRomanPSMT",
                "subset": false,
                "weight": 400
            },
            "HasClip": true,
            "Lang": "en",
            "Page": 3,
            "Path": "//Document/Sect/P[2]",
            "Text": "Petitioner’s mark is ‘TRAVELER’S CHOICE’, which is a composite mark. It is a device mark in class 18 for various luggages, bags etc. The mark is depicted below: ",
            "TextSize": 14.039993286132812
        },
        {
            "Bounds": [
                251.64999389648438,
                609.4799957275391,
                422.6499938964844,
                661.1799926757812
            ],
            "ClipBounds": [
                251.64999389648438,
                609.4799957275391,
                422.6499938964844,
                661.1799926757812
            ],
            "Page": 3,
            "Path": "//Document/Sect/Figure[2]",
            "attributes": {
                "BBox": [
                    251.62999999999738,
                    609.4889999999723,
                    422.6229999999923,
                    661.2069999999949
                ],
                "Placement": "Block"
            }
        },
        {
            "Bounds": [
                126.02000427246094,
                583.6273651123047,
                147.1999969482422,
                596.3897247314453
            ],
            "ClipBounds": [
                126.02000427246094,
                583.6273651123047,
                147.1999969482422,
                596.3897247314453
            ],
            "Font": {
                "alt_family_name": "Titlingmes New Roman PSMT",
                "embedded": false,
                "encoding": "WinAnsiEncoding",
                "family_name": "Titlingmes New Roman PSMT",
                "font_type": "TrueType",
                "italic": false,
                "monospaced": false,
                "name": "TimesNewRomanPSMT",
                "subset": false,
                "weight": 400
            },
            "HasClip": true,
            "Page": 3,
            "Path": "//Document/Sect/L[3]/LI/Lbl",
            "Text": "10. ",
            "TextSize": 14.039993286132812
        },
        {
            "Bounds": [
                126.02000427246094,
                535.2373657226562,
                560.9212036132812,
                596.3897247314453
            ],
            "ClipBounds": [
                126.02000427246094,
                535.2373657226562,
                560.9212036132812,
                596.3897247314453
            ],
            "Font": {
                "alt_family_name": "Titlingmes New Roman PSMT",
                "embedded": false,
                "encoding": "WinAnsiEncoding",
                "family_name": "Titlingmes New Roman PSMT",
                "font_type": "TrueType",
                "italic": false,
                "monospaced": false,
                "name": "TimesNewRomanPSMT",
                "subset": false,
                "weight": 400
            },
            "HasClip": true,
            "Page": 3,
            "Path": "//Document/Sect/L[3]/LI/LBody/ParagraphSpan",
            "Text": "Considering the mark applied for and the status of the cited marks, this Court is of the opinion that at this stage, the mark is directed to be advertised, subject to the following conditions: ",
            "TextSize": 14.039993286132812
        },
        {
            "Bounds": [
                162.02000427246094,
                511.1173553466797,
                181.9652099609375,
                523.8797149658203
            ],
            "ClipBounds": [
                162.02000427246094,
                511.1173553466797,
                181.9652099609375,
                523.8797149658203
            ],
            "Font": {
                "alt_family_name": "Titlingmes New Roman PSMT",
                "embedded": false,
                "encoding": "WinAnsiEncoding",
                "family_name": "Titlingmes New Roman PSMT",
                "font_type": "TrueType",
                "italic": false,
                "monospaced": false,
                "name": "TimesNewRomanPSMT",
                "subset": false,
                "weight": 400
            },
            "HasClip": true,
            "Page": 3,
            "Path": "//Document/Sect/L[3]/LI/LBody/L/LI/Lbl",
            "Text": "(1) ",
            "TextSize": 14.039993286132812
        },
        {
            "Bounds": [
                198.0500030517578,
                414.48927307128906,
                560.8330230712891,
                523.8797149658203
            ],
            "ClipBounds": [
                198.0500030517578,
                414.48927307128906,
                560.8330230712891,
                523.8797149658203
            ],
            "Font": {
                "alt_family_name": "Titlingmes New Roman PSMT",
                "embedded": true,
                "encoding": "Identity-H",
                "family_name": "Titlingmes New Roman PSMT",
                "font_type": "CIDFontType2",
                "italic": false,
                "monospaced": false,
                "name": "TimesNewRomanPSMT",
                "subset": false,
                "weight": 400
            },
            "HasClip": true,
            "Page": 3,
            "Path": "//Document/Sect/L[3]/LI/LBody/L/LI/LBody",
            "Text": "The mark shall be considered as a whole and no exclusivity shall extend on the word TRAVELER, TRAVELER’S or CHOICE, separately. The monopoly, if any, shall extend to the logo only in the combination of the two words ‘TRAVELER’S CHOICE’. ",
            "TextSize": 14.039993286132812
        },
        {
            "Bounds": [
                162.02000427246094,
                390.39735412597656,
                181.9652099609375,
                403.1597137451172
            ],
            "ClipBounds": [
                162.02000427246094,
                390.39735412597656,
                181.9652099609375,
                403.1597137451172
            ],
            "Font": {
                "alt_family_name": "Titlingmes New Roman PSMT",
                "embedded": false,
                "encoding": "WinAnsiEncoding",
                "family_name": "Titlingmes New Roman PSMT",
                "font_type": "TrueType",
                "italic": false,
                "monospaced": false,
                "name": "TimesNewRomanPSMT",
                "subset": false,
                "weight": 400
            },
            "HasClip": true,
            "Page": 3,
            "Path": "//Document/Sect/L[3]/LI/LBody/L/LI[2]/Lbl",
            "Text": "(2) ",
            "TextSize": 14.039993286132812
        },
        {
            "Bounds": [
                198.0500030517578,
                366.2573547363281,
                560.5206909179688,
                403.1597137451172
            ],
            "ClipBounds": [
                198.0500030517578,
                366.2573547363281,
                560.5206909179688,
                403.1597137451172
            ],
            "Font": {
                "alt_family_name": "Titlingmes New Roman PSMT",
                "embedded": false,
                "encoding": "WinAnsiEncoding",
                "family_name": "Titlingmes New Roman PSMT",
                "font_type": "TrueType",
                "italic": false,
                "monospaced": false,
                "name": "TimesNewRomanPSMT",
                "subset": false,
                "weight": 400
            },
            "HasClip": true,
            "Page": 3,
            "Path": "//Document/Sect/L[3]/LI/LBody/L/LI[2]/LBody",
            "Text": "The above shall be subject to any opposition, which may be filed by any third party. ",
            "TextSize": 14.039993286132812
        },
        {
            "Bounds": [
                126.02000427246094,
                342.0173645019531,
                147.1999969482422,
                354.77972412109375
            ],
            "ClipBounds": [
                126.02000427246094,
                342.0173645019531,
                147.1999969482422,
                354.77972412109375
            ],
            "Font": {
                "alt_family_name": "Titlingmes New Roman PSMT",
                "embedded": false,
                "encoding": "WinAnsiEncoding",
                "family_name": "Titlingmes New Roman PSMT",
                "font_type": "TrueType",
                "italic": false,
                "monospaced": false,
                "name": "TimesNewRomanPSMT",
                "subset": false,
                "weight": 400
            },
            "HasClip": true,
            "Page": 3,
            "Path": "//Document/Sect/L[3]/LI[2]/Lbl",
            "Text": "11. ",
            "TextSize": 14.039993286132812
        },
        {
            "Bounds": [
                126.02000427246094,
                269.65736389160156,
                561.0228424072266,
                354.77972412109375
            ],
            "ClipBounds": [
                126.02000427246094,
                269.65736389160156,
                561.0228424072266,
                354.77972412109375
            ],
            "Font": {
                "alt_family_name": "Titlingmes New Roman PSMT",
                "embedded": false,
                "encoding": "WinAnsiEncoding",
                "family_name": "Titlingmes New Roman PSMT",
                "font_type": "TrueType",
                "italic": false,
                "monospaced": false,
                "name": "TimesNewRomanPSMT",
                "subset": false,
                "weight": 400
            },
            "HasClip": true,
            "Page": 3,
            "Path": "//Document/Sect/L[3]/LI[2]/LBody",
            "Text": "Subject to the above conditions being imposed on the subject application and the same being incorporated in the trademark journal, the Registrar of Trademarks shall direct advertisement of the mark bearing No. 3008920 in class 18. ",
            "TextSize": 14.039993286132812
        },
        {
            "Bounds": [
                126.02000427246094,
                245.4173583984375,
                147.1999969482422,
                258.1797180175781
            ],
            "ClipBounds": [
                126.02000427246094,
                245.4173583984375,
                147.1999969482422,
                258.1797180175781
            ],
            "Font": {
                "alt_family_name": "Titlingmes New Roman PSMT",
                "embedded": false,
                "encoding": "WinAnsiEncoding",
                "family_name": "Titlingmes New Roman PSMT",
                "font_type": "TrueType",
                "italic": false,
                "monospaced": false,
                "name": "TimesNewRomanPSMT",
                "subset": false,
                "weight": 400
            },
            "HasClip": true,
            "Page": 3,
            "Path": "//Document/Sect/L[3]/LI[3]/Lbl",
            "Text": "12. ",
            "TextSize": 14.039993286132812
        },
        {
            "Bounds": [
                126.02000427246094,
                221.269287109375,
                560.9499969482422,
                258.1797180175781
            ],
            "ClipBounds": [
                126.02000427246094,
                221.269287109375,
                560.9499969482422,
                258.1797180175781
            ],
            "Font": {
                "alt_family_name": "Titlingmes New Roman PSMT",
                "embedded": true,
                "encoding": "Identity-H",
                "family_name": "Titlingmes New Roman PSMT",
                "font_type": "CIDFontType2",
                "italic": false,
                "monospaced": false,
                "name": "TimesNewRomanPSMT",
                "subset": false,
                "weight": 400
            },
            "HasClip": true,
            "Page": 3,
            "Path": "//Document/Sect/L[3]/LI[3]/LBody",
            "Text": "The above observations by this Court in this order shall not bind opposition/s, if any, filed by any third party against the Petitioner’s mark. ",
            "TextSize": 14.039993286132812
        },
        {
            "Bounds": [
                126.02000427246094,
                197.14735412597656,
                147.1999969482422,
                209.9097137451172
            ],
            "ClipBounds": [
                126.02000427246094,
                197.14735412597656,
                147.1999969482422,
                209.9097137451172
            ],
            "Font": {
                "alt_family_name": "Titlingmes New Roman PSMT",
                "embedded": false,
                "encoding": "WinAnsiEncoding",
                "family_name": "Titlingmes New Roman PSMT",
                "font_type": "TrueType",
                "italic": false,
                "monospaced": false,
                "name": "TimesNewRomanPSMT",
                "subset": false,
                "weight": 400
            },
            "HasClip": true,
            "Page": 3,
            "Path": "//Document/Sect/L[3]/LI[4]/Lbl",
            "Text": "13. ",
            "TextSize": 14.039993286132812
        },
        {
            "Bounds": [
                162.02000427246094,
                197.14735412597656,
                467.99156188964844,
                209.9097137451172
            ],
            "ClipBounds": [
                162.02000427246094,
                197.14735412597656,
                467.99156188964844,
                209.9097137451172
            ],
            "Font": {
                "alt_family_name": "Titlingmes New Roman PSMT",
                "embedded": false,
                "encoding": "WinAnsiEncoding",
                "family_name": "Titlingmes New Roman PSMT",
                "font_type": "TrueType",
                "italic": false,
                "monospaced": false,
                "name": "TimesNewRomanPSMT",
                "subset": false,
                "weight": 400
            },
            "HasClip": true,
            "Page": 3,
            "Path": "//Document/Sect/L[3]/LI[4]/LBody",
            "Text": "The present petition is disposed of in the above terms. ",
            "TextSize": 14.039993286132812
        },
        {
            "Bounds": [
                126.02000427246094,
                187.97264099121094,
                127.38034057617188,
                188.84527587890625
            ],
            "ClipBounds": [
                126.02000427246094,
                187.97264099121094,
                127.38034057617188,
                188.84527587890625
            ],
            "Font": {
                "alt_family_name": "Titlingmes New Roman PSMT",
                "embedded": false,
                "encoding": "WinAnsiEncoding",
                "family_name": "Titlingmes New Roman PSMT",
                "font_type": "TrueType",
                "italic": false,
                "monospaced": false,
                "name": "TimesNewRomanPSMT",
                "subset": false,
                "weight": 400
            },
            "HasClip": true,
            "Page": 3,
            "Path": "//Document/Sect/L[3]/LI[5]/LBody",
            "Text": "[[[ ",
            "TextSize": 0.9600067138671875
        },
        {
            "Bounds": [
                414.5500030517578,
                161.50735473632812,
                560.7906341552734,
                174.04507446289062
            ],
            "ClipBounds": [
                414.5500030517578,
                161.50735473632812,
                560.7906341552734,
                174.04507446289062
            ],
            "Font": {
                "alt_family_name": "Titlingmes New Roman PS",
                "embedded": false,
                "encoding": "WinAnsiEncoding",
                "family_name": "Titlingmes New Roman PS",
                "font_type": "TrueType",
                "italic": false,
                "monospaced": false,
                "name": "TimesNewRomanPS-BoldMT",
                "subset": false,
                "weight": 700
            },
            "HasClip": true,
            "Page": 3,
            "Path": "//Document/Sect/P[3]/Sub",
            "Text": "PRATHIBA M. SINGH ",
            "TextSize": 14.039993286132812,
            "attributes": {
                "Placement": "Block"
            }
        },
        {
            "Bounds": [
                461.97999572753906,
                145.42735290527344,
                512.973388671875,
                157.96507263183594
            ],
            "ClipBounds": [
                461.97999572753906,
                145.42735290527344,
                512.973388671875,
                157.96507263183594
            ],
            "Font": {
                "alt_family_name": "Titlingmes New Roman PS",
                "embedded": false,
                "encoding": "WinAnsiEncoding",
                "family_name": "Titlingmes New Roman PS",
                "font_type": "TrueType",
                "italic": false,
                "monospaced": false,
                "name": "TimesNewRomanPS-BoldMT",
                "subset": false,
                "weight": 700
            },
            "HasClip": true,
            "Page": 3,
            "Path": "//Document/Sect/P[3]/Sub[2]",
            "Text": "JUDGE ",
            "TextSize": 14.039993286132812,
            "attributes": {
                "Placement": "Block"
            }
        },
        {
            "Bounds": [
                126.02000427246094,
                129.3473663330078,
                243.62167358398438,
                142.12376403808594
            ],
            "ClipBounds": [
                126.02000427246094,
                129.3473663330078,
                243.62167358398438,
                142.12376403808594
            ],
            "Font": {
                "alt_family_name": "Titlingmes New Roman PS",
                "embedded": false,
                "encoding": "WinAnsiEncoding",
                "family_name": "Titlingmes New Roman PS",
                "font_type": "TrueType",
                "italic": true,
                "monospaced": false,
                "name": "TimesNewRomanPS-ItalicMT",
                "subset": false,
                "weight": 400
            },
            "HasClip": true,
            "Lang": "da",
            "Page": 3,
            "Path": "//Document/Sect/P[4]",
            "Text": "JULY 5, 2022/dk/ss ",
            "TextSize": 14.039993286132812,
            "attributes": {
                "LineHeight": 16.875,
                "SpaceAfter": 18
            }
        }
    ],
    "pages": [
        {
            "boxes": {
                "CropBox": [
                    0.0,
                    0.0,
                    595.4400024414062,
                    841.6799926757812
                ],
                "MediaBox": [
                    0.0,
                    0.0,
                    595.4400024414062,
                    841.6799926757812
                ]
            },
            "height": 841.6799926757812,
            "is_scanned": false,
            "page_number": 0,
            "rotation": 0,
            "width": 595.4400024414062
        },
        {
            "boxes": {
                "CropBox": [
                    0.0,
                    0.0,
                    595.4400024414062,
                    841.6799926757812
                ],
                "MediaBox": [
                    0.0,
                    0.0,
                    595.4400024414062,
                    841.6799926757812
                ]
            },
            "height": 841.6799926757812,
            "is_scanned": false,
            "page_number": 1,
            "rotation": 0,
            "width": 595.4400024414062
        },
        {
            "boxes": {
                "CropBox": [
                    0.0,
                    0.0,
                    595.4400024414062,
                    841.6799926757812
                ],
                "MediaBox": [
                    0.0,
                    0.0,
                    595.4400024414062,
                    841.6799926757812
                ]
            },
            "height": 841.6799926757812,
            "is_scanned": false,
            "page_number": 2,
            "rotation": 0,
            "width": 595.4400024414062
        },
        {
            "boxes": {
                "CropBox": [
                    0.0,
                    0.0,
                    595.4400024414062,
                    841.6799926757812
                ],
                "MediaBox": [
                    0.0,
                    0.0,
                    595.4400024414062,
                    841.6799926757812
                ]
            },
            "height": 841.6799926757812,
            "is_scanned": false,
            "page_number": 3,
            "rotation": 0,
            "width": 595.4400024414062
        }
    ]
}