{
    "version": {
        "json_export": "184",
        "page_segmentation": "5",
        "schema": "1.1.0",
        "structure": "1.1006.0",
        "table_structure": "5"
    },
    "extended_metadata": {
        "ID_instance": "37 43 20 44 36 20 33 46 20 33 43 20 31 39 20 41 39 20 38 31 20 32 46 20 34 36 20 43 38 20 42 39 20 44 43 20 30 39 20 31 38 20 42 44 20 43 44 20 ",
        "ID_permanent": "32 31 20 44 44 20 46 45 20 36 43 20 38 43 20 42 35 20 42 32 20 31 31 20 30 41 20 30 30 20 36 37 20 34 35 20 38 42 20 36 42 20 43 36 20 32 33 20 ",
        "pdf_version": "1.6",
        "pdfa_compliance_level": "",
        "is_encrypted": false,
        "has_acroform": true,
        "is_digitally_signed": true,
        "pdfua_compliance_level": "",
        "page_count": 3,
        "has_embedded_files": false,
        "is_certified": false,
        "is_XFA": false,
        "language": "en-IN"
    },
    "elements": [
        {
            "Bounds": [
                185.64999389648438,
                265.97999572753906,
                497.6499938964844,
                575.7299957275391
            ],
            "ClipBounds": [
                185.64999389648438,
                265.97999572753906,
                497.6499938964844,
                575.7299957275391
            ],
            "HasClip": true,
            "Image": {
                "bits_per_component": 8,
                "colorspace": {
                    "Name": "DeviceRGB"
                },
                "data_length": 2061696,
                "height": 826,
                "resolution_horizontal": 192.0,
                "resolution_vertical": 192.0,
                "width": 832
            },
            "Page": 0,
            "Path": "//Document/Sect/Watermark"
        },
        {
            "Bounds": [
                126.02000427246094,
                717.54736328125,
                151.207763671875,
                730.3097229003906
            ],
            "ClipBounds": [
                126.02000427246094,
                717.54736328125,
                151.207763671875,
                730.3097229003906
            ],
            "Font": {
                "alt_family_name": "Titlingmes New Roman PSMT",
                "embedded": false,
                "encoding": "WinAnsiEncoding",
                "family_name": "Titlingmes New Roman PSMT",
                "font_type": "TrueType",
                "italic": false,
                "monospaced": false,
                "name": "TimesNewRomanPSMT",
                "subset": false,
                "weight": 400
            },
            "HasClip": true,
            "Lang": "en",
            "Page": 0,
            "Path": "//Document/Sect/P",
            "Text": "$~5 ",
            "TextSize": 14.039993286132812,
            "attributes": {
                "LineHeight": 16.875
            }
        },
        {
            "Bounds": [
                126.02000427246094,
                661.1473541259766,
                137.44850158691406,
                673.9097137451172
            ],
            "ClipBounds": [
                126.02000427246094,
                661.1473541259766,
                137.44850158691406,
                673.9097137451172
            ],
            "Font": {
                "alt_family_name": "Titlingmes New Roman PSMT",
                "embedded": false,
                "encoding": "WinAnsiEncoding",
                "family_name": "Titlingmes New Roman PSMT",
                "font_type": "TrueType",
                "italic": false,
                "monospaced": false,
                "name": "TimesNewRomanPSMT",
                "subset": false,
                "weight": 400
            },
            "HasClip": true,
            "Lang": "en",
            "Page": 0,
            "Path": "//Document/Sect/P[2]",
            "Text": "+ ",
            "TextSize": 14.039993286132812,
            "attributes": {
                "LineHeight": 16.875
            }
        },
        {
            "Bounds": [
                126.02000427246094,
                661.1473541259766,
                560.9287567138672,
                706.1897125244141
            ],
            "ClipBounds": [
                126.02000427246094,
                661.1473541259766,
                560.9287567138672,
                706.1897125244141
            ],
            "Font": {
                "alt_family_name": "Titlingmes New Roman PS",
                "embedded": false,
                "encoding": "WinAnsiEncoding",
                "family_name": "Titlingmes New Roman PS",
                "font_type": "TrueType",
                "italic": false,
                "monospaced": false,
                "name": "TimesNewRomanPS-BoldMT",
                "subset": false,
                "weight": 700
            },
            "HasClip": true,
            "Lang": "en",
            "Page": 0,
            "Path": "//Document/Sect/P[3]",
            "Text": "* IN THE  HIGH  COURT  OF DELHI  AT  NEW  DELHI Date of decision: 19th May, 2022 C.A. (COMM.IPD-TM) 1/2021 ",
            "TextSize": 14.039993286132812,
            "attributes": {
                "LineHeight": 16.125
            }
        },
        {
            "Bounds": [
                162.02000427246094,
                484.1173553466797,
                560.8272399902344,
                657.8297271728516
            ],
            "ClipBounds": [
                162.02000427246094,
                484.1173553466797,
                560.8272399902344,
                657.8297271728516
            ],
            "Page": 0,
            "Path": "//Document/Sect/Table",
            "attributes": {
                "BBox": [
                    161.99299999999494,
                    487.21399999999267,
                    557.2569999999832,
                    655.9279999999853
                ],
                "NumCol": 3,
                "NumRow": 4,
                "Placement": "Block",
                "SpaceAfter": 12.75
            }
        },
        {
            "Bounds": [
                162.02000427246094,
                580.7473602294922,
                560.8272399902344,
                657.8297271728516
            ],
            "ClipBounds": [
                162.02000427246094,
                580.7473602294922,
                560.8272399902344,
                657.8297271728516
            ],
            "Page": 0,
            "Path": "//Document/Sect/Table/TR/TD",
            "attributes": {
                "BBox": [
                    161.99299999999494,
                    580.3309999999765,
                    557.2569999999832,
                    655.9279999999853
                ],
                "BlockAlign": "Before",
                "ColIndex": 0,
                "ColSpan": 3,
                "Height": 75.625,
                "InlineAlign": "Start",
                "RowIndex": 0,
                "Width": 395.25
            }
        },
        {
            "Bounds": [
                162.02000427246094,
                645.0673675537109,
                554.7706146240234,
                657.8297271728516
            ],
            "ClipBounds": [
                162.02000427246094,
                645.0673675537109,
                554.7706146240234,
                657.8297271728516
            ],
            "Font": {
                "alt_family_name": "Titlingmes New Roman PSMT",
                "embedded": false,
                "encoding": "WinAnsiEncoding",
                "family_name": "Titlingmes New Roman PSMT",
                "font_type": "TrueType",
                "italic": false,
                "monospaced": false,
                "name": "TimesNewRomanPSMT",
                "subset": false,
                "weight": 400
            },
            "HasClip": true,
            "Lang": "en",
            "Page": 0,
            "Path": "//Document/Sect/Table/TR/TD/P",
            "Text": "M/S SUBROS EDUCATIONAL SOCIETY APPELLANT ",
            "TextSize": 14.039993286132812,
            "attributes": {
                "LineHeight": 16.875
            }
        },
        {
            "Bounds": [
                270.0500030517578,
                596.8273620605469,
                560.8272399902344,
                641.7497253417969
            ],
            "ClipBounds": [
                270.0500030517578,
                596.8273620605469,
                560.8272399902344,
                641.7497253417969
            ],
            "Font": {
                "alt_family_name": "Titlingmes New Roman PSMT",
                "embedded": false,
                "encoding": "WinAnsiEncoding",
                "family_name": "Titlingmes New Roman PSMT",
                "font_type": "TrueType",
                "italic": false,
                "monospaced": false,
                "name": "TimesNewRomanPSMT",
                "subset": false,
                "weight": 400
            },
            "HasClip": true,
            "Lang": "en",
            "Page": 0,
            "Path": "//Document/Sect/Table/TR/TD/P[2]",
            "Text": "Through: Dr. Lalit Bhasin, Ms. Ananya Marwah and Mr. Ajay Pratap Singh, Advocates. (M:9810520379) ",
            "TextSize": 14.039993286132812,
            "attributes": {
                "LineHeight": 16.125
            }
        },
        {
            "Bounds": [
                270.0500030517578,
                580.7473602294922,
                309.3480682373047,
                593.5097198486328
            ],
            "ClipBounds": [
                270.0500030517578,
                580.7473602294922,
                309.3480682373047,
                593.5097198486328
            ],
            "Font": {
                "alt_family_name": "Titlingmes New Roman PSMT",
                "embedded": false,
                "encoding": "WinAnsiEncoding",
                "family_name": "Titlingmes New Roman PSMT",
                "font_type": "TrueType",
                "italic": false,
                "monospaced": false,
                "name": "TimesNewRomanPSMT",
                "subset": false,
                "weight": 400
            },
            "HasClip": true,
            "Lang": "en",
            "Page": 0,
            "Path": "//Document/Sect/Table/TR/TD/P[3]",
            "Text": "versus ",
            "TextSize": 14.039993286132812,
            "attributes": {
                "LineHeight": 16.875
            }
        },
        {
            "Bounds": [
                162.02000427246094,
                564.6373596191406,
                275.2578887939453,
                577.3997192382812
            ],
            "ClipBounds": [
                162.02000427246094,
                564.6373596191406,
                275.2578887939453,
                577.3997192382812
            ],
            "Page": 0,
            "Path": "//Document/Sect/Table/TR[2]/TD",
            "attributes": {
                "BBox": [
                    161.99299999999494,
                    563.7709999999788,
                    331.1869999999908,
                    580.3309999999765
                ],
                "BlockAlign": "Middle",
                "ColIndex": 0,
                "ColSpan": 2,
                "Height": 16.5,
                "InlineAlign": "Start",
                "RowIndex": 1,
                "Width": 169.25
            }
        },
        {
            "Bounds": [
                162.02000427246094,
                564.6373596191406,
                275.2578887939453,
                577.3997192382812
            ],
            "ClipBounds": [
                162.02000427246094,
                564.6373596191406,
                275.2578887939453,
                577.3997192382812
            ],
            "Font": {
                "alt_family_name": "Titlingmes New Roman PSMT",
                "embedded": false,
                "encoding": "WinAnsiEncoding",
                "family_name": "Titlingmes New Roman PSMT",
                "font_type": "TrueType",
                "italic": false,
                "monospaced": false,
                "name": "TimesNewRomanPSMT",
                "subset": false,
                "weight": 400
            },
            "HasClip": true,
            "Lang": "en",
            "Page": 0,
            "Path": "//Document/Sect/Table/TR[2]/TD/P",
            "Text": "UNION OF INDIA ",
            "TextSize": 14.039993286132812,
            "attributes": {
                "LineHeight": 16.875
            }
        },
        {
            "Bounds": [
                441.94000244140625,
                564.6373596191406,
                536.6677703857422,
                577.3997192382812
            ],
            "ClipBounds": [
                441.94000244140625,
                564.6373596191406,
                536.6677703857422,
                577.3997192382812
            ],
            "Page": 0,
            "Path": "//Document/Sect/Table/TR[2]/TD[2]",
            "attributes": {
                "BBox": [
                    331.1869999999908,
                    563.7709999999788,
                    557.2569999999832,
                    580.3309999999765
                ],
                "BlockAlign": "Middle",
                "ColIndex": 2,
                "Height": 16.5,
                "InlineAlign": "Start",
                "RowIndex": 1,
                "Width": 226.125
            }
        },
        {
            "Bounds": [
                441.94000244140625,
                564.6373596191406,
                536.6677703857422,
                577.3997192382812
            ],
            "ClipBounds": [
                441.94000244140625,
                564.6373596191406,
                536.6677703857422,
                577.3997192382812
            ],
            "Font": {
                "alt_family_name": "Titlingmes New Roman PSMT",
                "embedded": false,
                "encoding": "WinAnsiEncoding",
                "family_name": "Titlingmes New Roman PSMT",
                "font_type": "TrueType",
                "italic": false,
                "monospaced": false,
                "name": "TimesNewRomanPSMT",
                "subset": false,
                "weight": 400
            },
            "HasClip": true,
            "Lang": "en",
            "Page": 0,
            "Path": "//Document/Sect/Table/TR[2]/TD[2]/P",
            "Text": "RESPONDENT ",
            "TextSize": 14.039993286132812,
            "attributes": {
                "LineHeight": 16.875
            }
        },
        {
            "Path": "//Document/Sect/Table/TR[3]/TD",
            "attributes": {
                "BBox": [
                    161.99299999999494,
                    514.8129999999946,
                    244.7899999999936,
                    563.7709999999788
                ],
                "BlockAlign": "Before",
                "ColIndex": 0,
                "Height": 49,
                "InlineAlign": "Start",
                "RowIndex": 2,
                "Width": 82.75
            }
        },
        {
            "Bounds": [
                270.0500030517578,
                548.4373626708984,
                325.6764831542969,
                561.1997222900391
            ],
            "ClipBounds": [
                270.0500030517578,
                548.4373626708984,
                325.6764831542969,
                561.1997222900391
            ],
            "Page": 0,
            "Path": "//Document/Sect/Table/TR[3]/TD[2]",
            "attributes": {
                "BBox": [
                    244.7899999999936,
                    514.8129999999946,
                    331.1869999999908,
                    563.7709999999788
                ],
                "BlockAlign": "Before",
                "ColIndex": 1,
                "Height": 49,
                "InlineAlign": "End",
                "RowIndex": 2,
                "Width": 86.375
            }
        },
        {
            "Bounds": [
                270.0500030517578,
                548.4373626708984,
                325.6764831542969,
                561.1997222900391
            ],
            "ClipBounds": [
                270.0500030517578,
                548.4373626708984,
                325.6764831542969,
                561.1997222900391
            ],
            "Font": {
                "alt_family_name": "Titlingmes New Roman PSMT",
                "embedded": false,
                "encoding": "WinAnsiEncoding",
                "family_name": "Titlingmes New Roman PSMT",
                "font_type": "TrueType",
                "italic": false,
                "monospaced": false,
                "name": "TimesNewRomanPSMT",
                "subset": false,
                "weight": 400
            },
            "HasClip": true,
            "Lang": "en",
            "Page": 0,
            "Path": "//Document/Sect/Table/TR[3]/TD[2]/P",
            "Text": "Through: ",
            "TextSize": 14.039993286132812,
            "attributes": {
                "LineHeight": 16.875
            }
        },
        {
            "Bounds": [
                342.07000732421875,
                516.2773590087891,
                560.7709808349609,
                561.1997222900391
            ],
            "ClipBounds": [
                342.07000732421875,
                516.2773590087891,
                560.7709808349609,
                561.1997222900391
            ],
            "Page": 0,
            "Path": "//Document/Sect/Table/TR[3]/TD[3]",
            "attributes": {
                "BBox": [
                    331.1869999999908,
                    514.8129999999946,
                    557.2569999999832,
                    563.7709999999788
                ],
                "BlockAlign": "Before",
                "ColIndex": 2,
                "Height": 49,
                "InlineAlign": "Start",
                "RowIndex": 2,
                "Width": 226.125
            }
        },
        {
            "Bounds": [
                342.07000732421875,
                516.2773590087891,
                560.7709808349609,
                561.1997222900391
            ],
            "ClipBounds": [
                342.07000732421875,
                516.2773590087891,
                560.7709808349609,
                561.1997222900391
            ],
            "Font": {
                "alt_family_name": "Titlingmes New Roman PSMT",
                "embedded": false,
                "encoding": "WinAnsiEncoding",
                "family_name": "Titlingmes New Roman PSMT",
                "font_type": "TrueType",
                "italic": false,
                "monospaced": false,
                "name": "TimesNewRomanPSMT",
                "subset": false,
                "weight": 400
            },
            "HasClip": true,
            "Lang": "en",
            "Page": 0,
            "Path": "//Document/Sect/Table/TR[3]/TD[3]/P",
            "Text": "Mr. Harish Vaidyanathan Shankar, CGSC with Ms. Bushra S. Kazim and Mr. Srish Kumar Mishra, Advocates. ",
            "TextSize": 14.039993286132812,
            "attributes": {
                "LineHeight": 16.125,
                "TextAlign": "Justify"
            }
        },
        {
            "Bounds": [
                162.02000427246094,
                484.1173553466797,
                371.1266784667969,
                512.7350769042969
            ],
            "ClipBounds": [
                162.02000427246094,
                484.1173553466797,
                371.1266784667969,
                512.7350769042969
            ],
            "Page": 0,
            "Path": "//Document/Sect/Table/TR[4]/TD",
            "attributes": {
                "BBox": [
                    161.99299999999494,
                    487.21399999999267,
                    557.2569999999832,
                    514.8129999999946
                ],
                "BlockAlign": "After",
                "ColIndex": 0,
                "ColSpan": 3,
                "Height": 27.625,
                "InlineAlign": "Start",
                "RowIndex": 3,
                "Width": 395.25
            }
        },
        {
            "Bounds": [
                162.02000427246094,
                500.1973571777344,
                224.736572265625,
                512.7350769042969
            ],
            "ClipBounds": [
                162.02000427246094,
                500.1973571777344,
                224.736572265625,
                512.7350769042969
            ],
            "Font": {
                "alt_family_name": "Titlingmes New Roman PS",
                "embedded": false,
                "encoding": "WinAnsiEncoding",
                "family_name": "Titlingmes New Roman PS",
                "font_type": "TrueType",
                "italic": false,
                "monospaced": false,
                "name": "TimesNewRomanPS-BoldMT",
                "subset": false,
                "weight": 700
            },
            "HasClip": true,
            "Page": 0,
            "Path": "//Document/Sect/Table/TR[4]/TD/P/Sub",
            "Text": "CORAM: ",
            "TextSize": 14.039993286132812,
            "attributes": {
                "Placement": "Block"
            }
        },
        {
            "Bounds": [
                162.02000427246094,
                484.1173553466797,
                371.1266784667969,
                496.6550750732422
            ],
            "ClipBounds": [
                162.02000427246094,
                484.1173553466797,
                371.1266784667969,
                496.6550750732422
            ],
            "Font": {
                "alt_family_name": "Titlingmes New Roman PS",
                "embedded": false,
                "encoding": "WinAnsiEncoding",
                "family_name": "Titlingmes New Roman PS",
                "font_type": "TrueType",
                "italic": false,
                "monospaced": false,
                "name": "TimesNewRomanPS-BoldMT",
                "subset": false,
                "weight": 700
            },
            "HasClip": true,
            "Page": 0,
            "Path": "//Document/Sect/Table/TR[4]/TD/P/Sub[2]",
            "Text": "JUSTICE PRATHIBA M. SINGH ",
            "TextSize": 14.039993286132812,
            "attributes": {
                "Placement": "Block"
            }
        },
        {
            "Bounds": [
                126.02000427246094,
                457.5973663330078,
                295.3952178955078,
                470.1350860595703
            ],
            "ClipBounds": [
                126.02000427246094,
                457.5973663330078,
                295.3952178955078,
                470.1350860595703
            ],
            "Font": {
                "alt_family_name": "Titlingmes New Roman PS",
                "embedded": false,
                "encoding": "WinAnsiEncoding",
                "family_name": "Titlingmes New Roman PS",
                "font_type": "TrueType",
                "italic": false,
                "monospaced": false,
                "name": "TimesNewRomanPS-BoldMT",
                "subset": false,
                "weight": 700
            },
            "HasClip": true,
            "Lang": "en",
            "Page": 0,
            "Path": "//Document/Sect/Title",
            "Text": "Prathiba M. Singh, J.(Oral) ",
            "TextSize": 14.039993286132812,
            "attributes": {
                "LineHeight": 16.875
            }
        },
        {
            "Bounds": [
                126.02000427246094,
                425.43736267089844,
                140.1199951171875,
                438.19972229003906
            ],
            "ClipBounds": [
                126.02000427246094,
                425.43736267089844,
                140.1199951171875,
                438.19972229003906
            ],
            "Font": {
                "alt_family_name": "Titlingmes New Roman PSMT",
                "embedded": false,
                "encoding": "WinAnsiEncoding",
                "family_name": "Titlingmes New Roman PSMT",
                "font_type": "TrueType",
                "italic": false,
                "monospaced": false,
                "name": "TimesNewRomanPSMT",
                "subset": false,
                "weight": 400
            },
            "HasClip": true,
            "Page": 0,
            "Path": "//Document/Sect/L/LI/Lbl",
            "Text": "1. ",
            "TextSize": 14.039993286132812
        },
        {
            "Bounds": [
                162.02000427246094,
                425.43736267089844,
                444.0315246582031,
                438.19972229003906
            ],
            "ClipBounds": [
                162.02000427246094,
                425.43736267089844,
                444.0315246582031,
                438.19972229003906
            ],
            "Font": {
                "alt_family_name": "Titlingmes New Roman PSMT",
                "embedded": false,
                "encoding": "WinAnsiEncoding",
                "family_name": "Titlingmes New Roman PSMT",
                "font_type": "TrueType",
                "italic": false,
                "monospaced": false,
                "name": "TimesNewRomanPSMT",
                "subset": false,
                "weight": 400
            },
            "HasClip": true,
            "Page": 0,
            "Path": "//Document/Sect/L/LI/LBody",
            "Text": "This hearing has been done through hybrid mode. ",
            "TextSize": 14.039993286132812
        },
        {
            "Bounds": [
                126.02000427246094,
                401.31736755371094,
                140.1021270751953,
                414.07972717285156
            ],
            "ClipBounds": [
                126.02000427246094,
                401.31736755371094,
                140.1021270751953,
                414.07972717285156
            ],
            "Font": {
                "alt_family_name": "Titlingmes New Roman PSMT",
                "embedded": false,
                "encoding": "WinAnsiEncoding",
                "family_name": "Titlingmes New Roman PSMT",
                "font_type": "TrueType",
                "italic": false,
                "monospaced": false,
                "name": "TimesNewRomanPSMT",
                "subset": false,
                "weight": 400
            },
            "HasClip": true,
            "Page": 0,
            "Path": "//Document/Sect/L/LI[2]/Lbl",
            "Text": "2. ",
            "TextSize": 14.039993286132812
        },
        {
            "Bounds": [
                126.02000427246094,
                232.2173614501953,
                561.0599975585938,
                414.07972717285156
            ],
            "ClipBounds": [
                126.02000427246094,
                232.2173614501953,
                561.0599975585938,
                414.07972717285156
            ],
            "Font": {
                "alt_family_name": "Titlingmes New Roman PSMT",
                "embedded": false,
                "encoding": "WinAnsiEncoding",
                "family_name": "Titlingmes New Roman PSMT",
                "font_type": "TrueType",
                "italic": false,
                "monospaced": false,
                "name": "TimesNewRomanPSMT",
                "subset": false,
                "weight": 400
            },
            "HasClip": true,
            "Page": 0,
            "Path": "//Document/Sect/L/LI[2]/LBody/ParagraphSpan",
            "Text": "The Appellant -M/S. SUBROS EDUCATIONAL SOCIETY, has filed the present appeal challenging the impugned order dated 15th February, 2019 passed by the Senior Examiner, Registrar of Trademarks, New Delhi. By the said order, the mark ‘Step By Step High School’, applied for by the Appellant, vide Trademark Application bearing No.2891488 in Class 41, has been refused registration, under Sections 9 & 11 of the Trade Marks Act, 1999. The operative portion of the order dated 15th February, 2019 is set out below: ",
            "TextSize": 14.039993286132812
        },
        {
            "Bounds": [
                198.0500030517578,
                127.54736328125,
                489.6704864501953,
                220.87376403808594
            ],
            "ClipBounds": [
                198.0500030517578,
                127.54736328125,
                489.6704864501953,
                220.87376403808594
            ],
            "Font": {
                "alt_family_name": "Titlingmes New Roman PS",
                "embedded": false,
                "encoding": "WinAnsiEncoding",
                "family_name": "Titlingmes New Roman PS",
                "font_type": "TrueType",
                "italic": true,
                "monospaced": false,
                "name": "TimesNewRomanPS-ItalicMT",
                "subset": false,
                "weight": 400
            },
            "HasClip": true,
            "Lang": "en",
            "Page": 0,
            "Path": "//Document/Sect/L/LI[2]/LBody/P",
            "Text": "“With reference to the above and request on Form TM-M dated 09/02/2019. It has been decided by the Registrar of Trademarks to inform you that hearing in respect of above application was held on 26/12/2018 and the said application is refused on the following Grounds: ",
            "TextSize": 14.039993286132812
        },
        {
            "Bounds": [
                198.0500030517578,
                653.0792846679688,
                489.7153625488281,
                730.3237609863281
            ],
            "ClipBounds": [
                198.0500030517578,
                653.0792846679688,
                489.7153625488281,
                730.3237609863281
            ],
            "Font": {
                "alt_family_name": "Titlingmes New Roman PS",
                "embedded": true,
                "encoding": "Identity-H",
                "family_name": "Titlingmes New Roman PS",
                "font_type": "CIDFontType2",
                "italic": true,
                "monospaced": false,
                "name": "TimesNewRomanPS-ItalicMT",
                "subset": false,
                "weight": 400
            },
            "HasClip": true,
            "Lang": "en",
            "Page": 1,
            "Path": "//Document/Sect/L/LI[2]/LBody/P[2]",
            "Text": "have heard the argument and also perused the documents available on record. The same and similar mark is already on record, hence, objection under Section 9 and 11 is sustained, application is refused for registration.” ",
            "TextSize": 14.039993286132812
        },
        {
            "Bounds": [
                126.02000427246094,
                626.7073669433594,
                140.24124145507812,
                639.4697265625
            ],
            "ClipBounds": [
                126.02000427246094,
                626.7073669433594,
                140.24124145507812,
                639.4697265625
            ],
            "Font": {
                "alt_family_name": "Titlingmes New Roman PSMT",
                "embedded": false,
                "encoding": "WinAnsiEncoding",
                "family_name": "Titlingmes New Roman PSMT",
                "font_type": "TrueType",
                "italic": false,
                "monospaced": false,
                "name": "TimesNewRomanPSMT",
                "subset": false,
                "weight": 400
            },
            "HasClip": true,
            "Page": 1,
            "Path": "//Document/Sect/L/LI[3]/Lbl",
            "Text": "3. ",
            "TextSize": 14.039993286132812
        },
        {
            "Bounds": [
                126.02000427246094,
                602.5592803955078,
                560.9081115722656,
                639.4697265625
            ],
            "ClipBounds": [
                126.02000427246094,
                602.5592803955078,
                560.9081115722656,
                639.4697265625
            ],
            "Font": {
                "alt_family_name": "Titlingmes New Roman PSMT",
                "embedded": false,
                "encoding": "WinAnsiEncoding",
                "family_name": "Titlingmes New Roman PSMT",
                "font_type": "TrueType",
                "italic": false,
                "monospaced": false,
                "name": "TimesNewRomanPSMT",
                "subset": false,
                "weight": 400
            },
            "HasClip": true,
            "Page": 1,
            "Path": "//Document/Sect/L/LI[3]/LBody/ParagraphSpan",
            "Text": "The details of the trademark Application bearing No.2891488 in Class 41 relating to the mark ‘Step By Step High School’ is set out below: ",
            "TextSize": 14.039993286132812
        },
        {
            "Bounds": [
                159.35000610351562,
                205.3300018310547,
                523.8999938964844,
                594.5800018310547
            ],
            "ClipBounds": [
                159.35000610351562,
                205.3300018310547,
                523.8999938964844,
                594.5800018310547
            ],
            "Page": 1,
            "Path": "//Document/Sect/L/LI[3]/LBody/Figure",
            "attributes": {
                "BBox": [
                    159.35399999999936,
                    205.34599999999773,
                    523.8989999999758,
                    594.609999999986
                ],
                "Placement": "Block"
            }
        },
        {
            "Bounds": [
                126.02000427246094,
                181.06736755371094,
                140.24124145507812,
                193.82972717285156
            ],
            "ClipBounds": [
                126.02000427246094,
                181.06736755371094,
                140.24124145507812,
                193.82972717285156
            ],
            "Font": {
                "alt_family_name": "Titlingmes New Roman PSMT",
                "embedded": false,
                "encoding": "WinAnsiEncoding",
                "family_name": "Titlingmes New Roman PSMT",
                "font_type": "TrueType",
                "italic": false,
                "monospaced": false,
                "name": "TimesNewRomanPSMT",
                "subset": false,
                "weight": 400
            },
            "HasClip": true,
            "Page": 1,
            "Path": "//Document/Sect/L/LI[4]/Lbl",
            "Text": "4. ",
            "TextSize": 14.039993286132812
        },
        {
            "Bounds": [
                126.02000427246094,
                108.55928039550781,
                561.0599975585938,
                193.82972717285156
            ],
            "ClipBounds": [
                126.02000427246094,
                108.55928039550781,
                561.0599975585938,
                193.82972717285156
            ],
            "Font": {
                "alt_family_name": "Titlingmes New Roman PSMT",
                "embedded": false,
                "encoding": "WinAnsiEncoding",
                "family_name": "Titlingmes New Roman PSMT",
                "font_type": "TrueType",
                "italic": false,
                "monospaced": false,
                "name": "TimesNewRomanPSMT",
                "subset": false,
                "weight": 400
            },
            "HasClip": true,
            "Page": 1,
            "Path": "//Document/Sect/L/LI[4]/LBody",
            "Text": "A perusal of the above order shows that the same is for ‘Step By Step High School’, which is a variant of the Appellant’s registered trademark. The Appellant has several similar registrations, such as “Step By Step” bearing No.1301297, as well as “Step By Step School” bearing No. ",
            "TextSize": 14.039993286132812
        },
        {
            "Bounds": [
                126.02000427246094,
                717.54736328125,
                182.1199951171875,
                730.3097229003906
            ],
            "ClipBounds": [
                126.02000427246094,
                717.54736328125,
                182.1199951171875,
                730.3097229003906
            ],
            "Font": {
                "alt_family_name": "Titlingmes New Roman PSMT",
                "embedded": false,
                "encoding": "WinAnsiEncoding",
                "family_name": "Titlingmes New Roman PSMT",
                "font_type": "TrueType",
                "italic": false,
                "monospaced": false,
                "name": "TimesNewRomanPSMT",
                "subset": false,
                "weight": 400
            },
            "HasClip": true,
            "Page": 2,
            "Path": "//Document/Sect/L/LI[5]/Lbl",
            "Text": "1549619. ",
            "TextSize": 14.039993286132812
        },
        {
            "Bounds": [
                126.02000427246094,
                693.4273529052734,
                140.1199951171875,
                706.1897125244141
            ],
            "ClipBounds": [
                126.02000427246094,
                693.4273529052734,
                140.1199951171875,
                706.1897125244141
            ],
            "Font": {
                "alt_family_name": "Titlingmes New Roman PSMT",
                "embedded": false,
                "encoding": "WinAnsiEncoding",
                "family_name": "Titlingmes New Roman PSMT",
                "font_type": "TrueType",
                "italic": false,
                "monospaced": false,
                "name": "TimesNewRomanPSMT",
                "subset": false,
                "weight": 400
            },
            "HasClip": true,
            "Page": 2,
            "Path": "//Document/Sect/L/LI[6]/Lbl",
            "Text": "5. ",
            "TextSize": 14.039993286132812
        },
        {
            "Bounds": [
                126.02000427246094,
                572.6792755126953,
                561.0237579345703,
                709.0679168701172
            ],
            "ClipBounds": [
                126.02000427246094,
                572.6792755126953,
                561.0237579345703,
                709.0679168701172
            ],
            "Font": {
                "alt_family_name": "Titlingmes New Roman PSMT",
                "embedded": true,
                "encoding": "Identity-H",
                "family_name": "Titlingmes New Roman PSMT",
                "font_type": "CIDFontType2",
                "italic": false,
                "monospaced": false,
                "name": "TimesNewRomanPSMT",
                "subset": false,
                "weight": 400
            },
            "HasClip": true,
            "Page": 2,
            "Path": "//Document/Sect/L/LI[6]/LBody",
            "Text": "The mark ‘Step By Step’ has been used by the Appellant in respect of educational services since the year 1990. The said mark has been used as a name of the play school as also higher levels of schooling and has acquired goodwill and reputation. It is submitted by Mr. Bhasin, ld. Counsel for the Appellant that in view of the expansion of its branches in other fields of educational services, the mark “Step By Step High School” was applied for. ",
            "TextSize": 14.039993286132812
        },
        {
            "Bounds": [
                126.02000427246094,
                548.4373626708984,
                140.1199951171875,
                561.1997222900391
            ],
            "ClipBounds": [
                126.02000427246094,
                548.4373626708984,
                140.1199951171875,
                561.1997222900391
            ],
            "Font": {
                "alt_family_name": "Titlingmes New Roman PSMT",
                "embedded": false,
                "encoding": "WinAnsiEncoding",
                "family_name": "Titlingmes New Roman PSMT",
                "font_type": "TrueType",
                "italic": false,
                "monospaced": false,
                "name": "TimesNewRomanPSMT",
                "subset": false,
                "weight": 400
            },
            "HasClip": true,
            "Page": 2,
            "Path": "//Document/Sect/L/LI[7]/Lbl",
            "Text": "6. ",
            "TextSize": 14.039993286132812
        },
        {
            "Bounds": [
                126.02000427246094,
                476.0773620605469,
                560.9880523681641,
                561.1997222900391
            ],
            "ClipBounds": [
                126.02000427246094,
                476.0773620605469,
                560.9880523681641,
                561.1997222900391
            ],
            "Font": {
                "alt_family_name": "Titlingmes New Roman PSMT",
                "embedded": false,
                "encoding": "WinAnsiEncoding",
                "family_name": "Titlingmes New Roman PSMT",
                "font_type": "TrueType",
                "italic": false,
                "monospaced": false,
                "name": "TimesNewRomanPSMT",
                "subset": false,
                "weight": 400
            },
            "HasClip": true,
            "Page": 2,
            "Path": "//Document/Sect/L/LI[7]/LBody",
            "Text": "Accordingly, the rejection of the said mark, in the face of the earlier registrations in the name of the Appellant for the mark ‘Step by Step’, as also the long user, is unsustainable. The impugned order dated 15th February, 2019 is, accordingly, set aside. ",
            "TextSize": 14.039993286132812
        },
        {
            "Bounds": [
                126.02000427246094,
                451.8373565673828,
                140.1199951171875,
                464.59971618652344
            ],
            "ClipBounds": [
                126.02000427246094,
                451.8373565673828,
                140.1199951171875,
                464.59971618652344
            ],
            "Font": {
                "alt_family_name": "Titlingmes New Roman PSMT",
                "embedded": false,
                "encoding": "WinAnsiEncoding",
                "family_name": "Titlingmes New Roman PSMT",
                "font_type": "TrueType",
                "italic": false,
                "monospaced": false,
                "name": "TimesNewRomanPSMT",
                "subset": false,
                "weight": 400
            },
            "HasClip": true,
            "Page": 2,
            "Path": "//Document/Sect/L/LI[8]/Lbl",
            "Text": "7. ",
            "TextSize": 14.039993286132812
        },
        {
            "Bounds": [
                126.02000427246094,
                331.0973663330078,
                560.9315185546875,
                464.59971618652344
            ],
            "ClipBounds": [
                126.02000427246094,
                331.0973663330078,
                560.9315185546875,
                464.59971618652344
            ],
            "Font": {
                "alt_family_name": "Titlingmes New Roman PSMT",
                "embedded": false,
                "encoding": "WinAnsiEncoding",
                "family_name": "Titlingmes New Roman PSMT",
                "font_type": "TrueType",
                "italic": false,
                "monospaced": false,
                "name": "TimesNewRomanPSMT",
                "subset": false,
                "weight": 400
            },
            "HasClip": true,
            "Page": 2,
            "Path": "//Document/Sect/L/LI[8]/LBody",
            "Text": "The application bearing No.2891488 for the registration of the mark ‘Step By Step High School’ shall proceed for advertisement in the trademark journal. The said mark shall be advertised within a period of four months. If there is any opposition to the said trademark application, the opposition shall be decided in accordance with law, without being effected by any of the observations made in the present order. ",
            "TextSize": 14.039993286132812
        },
        {
            "Bounds": [
                126.02000427246094,
                306.97735595703125,
                140.1199951171875,
                319.7397155761719
            ],
            "ClipBounds": [
                126.02000427246094,
                306.97735595703125,
                140.1199951171875,
                319.7397155761719
            ],
            "Font": {
                "alt_family_name": "Titlingmes New Roman PSMT",
                "embedded": false,
                "encoding": "WinAnsiEncoding",
                "family_name": "Titlingmes New Roman PSMT",
                "font_type": "TrueType",
                "italic": false,
                "monospaced": false,
                "name": "TimesNewRomanPSMT",
                "subset": false,
                "weight": 400
            },
            "HasClip": true,
            "Page": 2,
            "Path": "//Document/Sect/L/LI[9]/Lbl",
            "Text": "8. ",
            "TextSize": 14.039993286132812
        },
        {
            "Bounds": [
                126.02000427246094,
                258.73736572265625,
                560.8822021484375,
                322.617919921875
            ],
            "ClipBounds": [
                126.02000427246094,
                258.73736572265625,
                560.8822021484375,
                322.617919921875
            ],
            "Font": {
                "alt_family_name": "Titlingmes New Roman PSMT",
                "embedded": false,
                "encoding": "WinAnsiEncoding",
                "family_name": "Titlingmes New Roman PSMT",
                "font_type": "TrueType",
                "italic": false,
                "monospaced": false,
                "name": "TimesNewRomanPSMT",
                "subset": false,
                "weight": 400
            },
            "HasClip": true,
            "Page": 2,
            "Path": "//Document/Sect/L/LI[9]/LBody",
            "Text": "Let the present order be served upon the Respondent – Registrar of Trademarks, New Delhi, through Mr, Harish Vaidyanathan Shankar, ld. CGSC. ",
            "TextSize": 14.039993286132812
        },
        {
            "Bounds": [
                126.02000427246094,
                234.4973602294922,
                140.1199951171875,
                247.2597198486328
            ],
            "ClipBounds": [
                126.02000427246094,
                234.4973602294922,
                140.1199951171875,
                247.2597198486328
            ],
            "Font": {
                "alt_family_name": "Titlingmes New Roman PSMT",
                "embedded": false,
                "encoding": "WinAnsiEncoding",
                "family_name": "Titlingmes New Roman PSMT",
                "font_type": "TrueType",
                "italic": false,
                "monospaced": false,
                "name": "TimesNewRomanPSMT",
                "subset": false,
                "weight": 400
            },
            "HasClip": true,
            "Page": 2,
            "Path": "//Document/Sect/L/LI[10]/Lbl",
            "Text": "9. ",
            "TextSize": 14.039993286132812
        },
        {
            "Bounds": [
                126.02000427246094,
                210.3773651123047,
                560.8607940673828,
                247.2597198486328
            ],
            "ClipBounds": [
                126.02000427246094,
                210.3773651123047,
                560.8607940673828,
                247.2597198486328
            ],
            "Font": {
                "alt_family_name": "Titlingmes New Roman PSMT",
                "embedded": false,
                "encoding": "WinAnsiEncoding",
                "family_name": "Titlingmes New Roman PSMT",
                "font_type": "TrueType",
                "italic": false,
                "monospaced": false,
                "name": "TimesNewRomanPSMT",
                "subset": false,
                "weight": 400
            },
            "HasClip": true,
            "Page": 2,
            "Path": "//Document/Sect/L/LI[10]/LBody",
            "Text": "The present appeal is allowed and disposed of, in the above terms. All pending applications are also disposed of. ",
            "TextSize": 14.039993286132812
        },
        {
            "Bounds": [
                198.0500030517578,
                111.46736145019531,
                489.60520935058594,
                124.24375915527344
            ],
            "ClipBounds": [
                198.0500030517578,
                111.46736145019531,
                489.60520935058594,
                124.24375915527344
            ],
            "Font": {
                "alt_family_name": "Titlingmes New Roman PS",
                "embedded": false,
                "encoding": "WinAnsiEncoding",
                "family_name": "Titlingmes New Roman PS",
                "font_type": "TrueType",
                "italic": true,
                "monospaced": false,
                "name": "TimesNewRomanPS-ItalicMT",
                "subset": false,
                "weight": 400
            },
            "HasClip": true,
            "Lang": "en",
            "Page": 0,
            "Path": "//Document/Sect/Footnote",
            "Text": "* The applicant advocate Ranjan Jha appeared. I ",
            "TextSize": 14.039993286132812,
            "attributes": {
                "LineHeight": 16.875,
                "SpaceAfter": 18
            }
        },
        {
            "Bounds": [
                185.64999389648438,
                265.97999572753906,
                497.6499938964844,
                575.7299957275391
            ],
            "ClipBounds": [
                185.64999389648438,
                265.97999572753906,
                497.6499938964844,
                575.7299957275391
            ],
            "HasClip": true,
            "Image": {
                "bits_per_component": 8,
                "colorspace": {
                    "Name": "DeviceRGB"
                },
                "data_length": 2061696,
                "height": 826,
                "resolution_horizontal": 192.0,
                "resolution_vertical": 192.0,
                "width": 832
            },
            "Page": 2,
            "Path": "//Document/Sect/Watermark[2]"
        },
        {
            "Bounds": [
                414.5800018310547,
                145.90736389160156,
                560.8206329345703,
                158.44508361816406
            ],
            "ClipBounds": [
                414.5800018310547,
                145.90736389160156,
                560.8206329345703,
                158.44508361816406
            ],
            "Font": {
                "alt_family_name": "Titlingmes New Roman PS",
                "embedded": false,
                "encoding": "WinAnsiEncoding",
                "family_name": "Titlingmes New Roman PS",
                "font_type": "TrueType",
                "italic": false,
                "monospaced": false,
                "name": "TimesNewRomanPS-BoldMT",
                "subset": false,
                "weight": 700
            },
            "HasClip": true,
            "Page": 2,
            "Path": "//Document/Sect/P[4]/Sub",
            "Text": "PRATHIBA M. SINGH ",
            "TextSize": 14.039993286132812,
            "attributes": {
                "Placement": "Block"
            }
        },
        {
            "Bounds": [
                461.97999572753906,
                129.82736206054688,
                512.973388671875,
                142.36508178710938
            ],
            "ClipBounds": [
                461.97999572753906,
                129.82736206054688,
                512.973388671875,
                142.36508178710938
            ],
            "Font": {
                "alt_family_name": "Titlingmes New Roman PS",
                "embedded": false,
                "encoding": "WinAnsiEncoding",
                "family_name": "Titlingmes New Roman PS",
                "font_type": "TrueType",
                "italic": false,
                "monospaced": false,
                "name": "TimesNewRomanPS-BoldMT",
                "subset": false,
                "weight": 700
            },
            "HasClip": true,
            "Page": 2,
            "Path": "//Document/Sect/P[4]/Sub[2]",
            "Text": "JUDGE ",
            "TextSize": 14.039993286132812,
            "attributes": {
                "Placement": "Block"
            }
        },
        {
            "Bounds": [
                126.02000427246094,
                113.74736022949219,
                247.4358673095703,
                126.52375793457031
            ],
            "ClipBounds": [
                126.02000427246094,
                113.74736022949219,
                247.4358673095703,
                126.52375793457031
            ],
            "Font": {
                "alt_family_name": "Titlingmes New Roman PS",
                "embedded": false,
                "encoding": "WinAnsiEncoding",
                "family_name": "Titlingmes New Roman PS",
                "font_type": "TrueType",
                "italic": true,
                "monospaced": false,
                "name": "TimesNewRomanPS-ItalicMT",
                "subset": false,
                "weight": 400
            },
            "HasClip": true,
            "Lang": "da",
            "Page": 2,
            "Path": "//Document/Sect[2]/H1",
            "Text": "MAY 19, 2022/dk/ss ",
            "TextSize": 14.039993286132812,
            "attributes": {
                "LineHeight": 16.875,
                "SpaceAfter": 18
            }
        }
    ],
    "pages": [
        {
            "boxes": {
                "CropBox": [
                    0.0,
                    0.0,
                    595.4400024414062,
                    841.6799926757812
                ],
                "MediaBox": [
                    0.0,
                    0.0,
                    595.4400024414062,
                    841.6799926757812
                ]
            },
            "height": 841.6799926757812,
            "is_scanned": false,
            "page_number": 0,
            "rotation": 0,
            "width": 595.4400024414062
        },
        {
            "boxes": {
                "CropBox": [
                    0.0,
                    0.0,
                    595.4400024414062,
                    841.6799926757812
                ],
                "MediaBox": [
                    0.0,
                    0.0,
                    595.4400024414062,
                    841.6799926757812
                ]
            },
            "height": 841.6799926757812,
            "is_scanned": false,
            "page_number": 1,
            "rotation": 0,
            "width": 595.4400024414062
        },
        {
            "boxes": {
                "CropBox": [
                    0.0,
                    0.0,
                    595.4400024414062,
                    841.6799926757812
                ],
                "MediaBox": [
                    0.0,
                    0.0,
                    595.4400024414062,
                    841.6799926757812
                ]
            },
            "height": 841.6799926757812,
            "is_scanned": false,
            "page_number": 2,
            "rotation": 0,
            "width": 595.4400024414062
        }
    ]
}