{
    "version": {
        "json_export": "184",
        "page_segmentation": "5",
        "schema": "1.1.0",
        "structure": "1.1006.0",
        "table_structure": "5"
    },
    "extended_metadata": {
        "ID_instance": "41 39 20 44 36 20 32 38 20 46 45 20 38 30 20 46 34 20 44 44 20 38 46 20 39 46 20 45 41 20 35 46 20 30 30 20 46 37 20 38 43 20 45 37 20 31 46 20 ",
        "ID_permanent": "38 38 20 34 36 20 33 32 20 41 37 20 38 38 20 42 35 20 42 32 20 31 31 20 30 41 20 30 30 20 36 37 20 34 35 20 38 42 20 36 42 20 43 36 20 32 33 20 ",
        "pdf_version": "1.6",
        "pdfa_compliance_level": "",
        "is_encrypted": false,
        "has_acroform": true,
        "is_digitally_signed": true,
        "pdfua_compliance_level": "",
        "page_count": 3,
        "has_embedded_files": false,
        "is_certified": false,
        "is_XFA": false,
        "language": "en"
    },
    "elements": [
        {
            "Bounds": [
                166.32000732421875,
                232.19900512695312,
                528.6009979248047,
                559.1990051269531
            ],
            "HasClip": false,
            "Image": {
                "bits_per_component": 8,
                "colorspace": {
                    "Base": "DeviceGray",
                    "Name": "Indexed"
                },
                "data_length": 237519,
                "height": 463,
                "resolution_horizontal": 101.95401000976562,
                "resolution_vertical": 101.94495391845703,
                "width": 513
            },
            "Page": 0,
            "Path": "//Document/Sect/Watermark"
        },
        {
            "Bounds": [
                144.47999572753906,
                674.4346771240234,
                174.67051696777344,
                692.215576171875
            ],
            "Font": {
                "alt_family_name": "Titlingmes New Roman",
                "embedded": false,
                "encoding": "WinAnsiEncoding",
                "family_name": "Titlingmes New Roman",
                "font_type": "TrueType",
                "italic": false,
                "monospaced": false,
                "name": "TimesNewRoman",
                "subset": false,
                "weight": 400
            },
            "HasClip": false,
            "Lang": "en",
            "Page": 0,
            "Path": "//Document/Sect/P",
            "Text": "$~32 ",
            "TextSize": 13.220001220703125,
            "attributes": {
                "SpaceAfter": 18
            }
        },
        {
            "Bounds": [
                144.47999572753906,
                651.3525543212891,
                513.5877838134766,
                669.6226043701172
            ],
            "Font": {
                "alt_family_name": "Titlingmes New Roman",
                "embedded": false,
                "encoding": "WinAnsiEncoding",
                "family_name": "Titlingmes New Roman",
                "font_type": "TrueType",
                "italic": false,
                "monospaced": false,
                "name": "TimesNewRoman",
                "subset": false,
                "weight": 400
            },
            "HasClip": false,
            "Lang": "en",
            "Page": 0,
            "Path": "//Document/Sect/P[2]",
            "Text": "* IN THE HIGH COURT OF DELHI AT NEW DELHI ",
            "TextSize": 13.220001220703125
        },
        {
            "Bounds": [
                144.47999572753906,
                621.2638397216797,
                155.2410125732422,
                639.0447387695312
            ],
            "Font": {
                "alt_family_name": "Titlingmes New Roman",
                "embedded": false,
                "encoding": "WinAnsiEncoding",
                "family_name": "Titlingmes New Roman",
                "font_type": "TrueType",
                "italic": false,
                "monospaced": false,
                "name": "TimesNewRoman",
                "subset": false,
                "weight": 400
            },
            "HasClip": false,
            "Page": 0,
            "Path": "//Document/Sect/L/LI/Lbl",
            "Text": "+ ",
            "TextSize": 13.220001220703125
        },
        {
            "Bounds": [
                178.3099822998047,
                621.2638397216797,
                256.62261962890625,
                639.0447387695312
            ],
            "Font": {
                "alt_family_name": "Titlingmes New Roman",
                "embedded": false,
                "encoding": "WinAnsiEncoding",
                "family_name": "Titlingmes New Roman",
                "font_type": "TrueType",
                "italic": false,
                "monospaced": false,
                "name": "TimesNewRoman",
                "subset": false,
                "weight": 400
            },
            "HasClip": false,
            "Page": 0,
            "Path": "//Document/Sect/L/LI/LBody",
            "Text": "ITA 350/2022 ",
            "TextSize": 13.220001220703125
        },
        {
            "Bounds": [
                178.3231964111328,
                598.5783233642578,
                495.1299285888672,
                616.3592224121094
            ],
            "Font": {
                "alt_family_name": "Titlingmes New Roman",
                "embedded": false,
                "encoding": "WinAnsiEncoding",
                "family_name": "Titlingmes New Roman",
                "font_type": "TrueType",
                "italic": false,
                "monospaced": false,
                "name": "TimesNewRoman",
                "subset": false,
                "weight": 400
            },
            "HasClip": false,
            "Lang": "en",
            "Page": 0,
            "Path": "//Document/Sect/P[3]",
            "Text": "PR. COMMISSIONER OF INCOME TAX (CENTRAL)-2 ",
            "TextSize": 13.220001220703125,
            "attributes": {
                "SpaceAfter": 18
            }
        },
        {
            "Bounds": [
                144.4956817626953,
                436.2297058105469,
                158.81283569335938,
                454.01060485839844
            ],
            "Font": {
                "alt_family_name": "Titlingmes New Roman",
                "embedded": false,
                "encoding": "WinAnsiEncoding",
                "family_name": "Titlingmes New Roman",
                "font_type": "TrueType",
                "italic": false,
                "monospaced": false,
                "name": "TimesNewRoman",
                "subset": false,
                "weight": 400
            },
            "HasClip": false,
            "Lang": "en",
            "Page": 0,
            "Path": "//Document/Sect/P[4]",
            "Text": "% ",
            "TextSize": 13.220001220703125,
            "attributes": {
                "SpaceAfter": 11.25
            }
        },
        {
            "Bounds": [
                178.32565307617188,
                436.2297058105469,
                553.9377746582031,
                593.5547180175781
            ],
            "Page": 0,
            "Path": "//Document/Sect/Table",
            "attributes": {
                "BBox": [
                    178.31299999999464,
                    436.21399999999267,
                    550.7779999999912,
                    590.4079999999958
                ],
                "NumCol": 2,
                "NumRow": 4,
                "Placement": "Block",
                "SpaceAfter": 11.25
            }
        },
        {
            "Bounds": [
                280.09075927734375,
                560.650146484375,
                332.3031463623047,
                578.4310455322266
            ],
            "Page": 0,
            "Path": "//Document/Sect/Table/TR/TH",
            "attributes": {
                "BBox": [
                    178.31299999999464,
                    534.25,
                    337.66599999999744,
                    590.4079999999958
                ],
                "BlockAlign": "Middle",
                "ColIndex": 0,
                "Height": 56.125,
                "InlineAlign": "End",
                "RowIndex": 0,
                "Width": 159.375
            }
        },
        {
            "Bounds": [
                280.09075927734375,
                560.650146484375,
                332.3031463623047,
                578.4310455322266
            ],
            "Font": {
                "alt_family_name": "Titlingmes New Roman",
                "embedded": false,
                "encoding": "WinAnsiEncoding",
                "family_name": "Titlingmes New Roman",
                "font_type": "TrueType",
                "italic": false,
                "monospaced": false,
                "name": "TimesNewRoman",
                "subset": false,
                "weight": 400
            },
            "HasClip": false,
            "Lang": "en",
            "Page": 0,
            "Path": "//Document/Sect/Table/TR/TH/P",
            "Text": "Through: ",
            "TextSize": 13.220001220703125,
            "attributes": {
                "LineHeight": 15.875
            }
        },
        {
            "Bounds": [
                347.8800048828125,
                534.9783935546875,
                553.9377746582031,
                593.5547180175781
            ],
            "Page": 0,
            "Path": "//Document/Sect/Table/TR/TH[2]",
            "attributes": {
                "BBox": [
                    337.66599999999744,
                    534.25,
                    550.7779999999912,
                    590.4079999999958
                ],
                "BlockAlign": "Before",
                "ColIndex": 1,
                "Height": 56.125,
                "InlineAlign": "Start",
                "RowIndex": 0,
                "Width": 213.125
            }
        },
        {
            "Bounds": [
                347.8800048828125,
                534.9783935546875,
                553.9377746582031,
                593.5547180175781
            ],
            "Font": {
                "alt_family_name": "Titlingmes New Roman",
                "embedded": false,
                "encoding": "WinAnsiEncoding",
                "family_name": "Titlingmes New Roman",
                "font_type": "TrueType",
                "italic": false,
                "monospaced": false,
                "name": "TimesNewRoman",
                "subset": false,
                "weight": 400
            },
            "HasClip": false,
            "Lang": "en",
            "Page": 0,
            "Path": "//Document/Sect/Table/TR/TH[2]/P",
            "Text": "Appellant Mr.Sanjay Kumar, Sr.Standing Counsel with Ms.Easha Kadian, Advocate for the Revenue. ",
            "TextSize": 11.300003051757812,
            "attributes": {
                "LineHeight": 13.75
            }
        },
        {
            "Bounds": [
                280.0800018310547,
                519.6346740722656,
                317.0921325683594,
                537.4155731201172
            ],
            "Page": 0,
            "Path": "//Document/Sect/Table/TR[2]/TD",
            "attributes": {
                "BBox": [
                    178.31299999999464,
                    513.3709999999846,
                    337.66599999999744,
                    534.25
                ],
                "BlockAlign": "Before",
                "ColIndex": 0,
                "Height": 20.875,
                "InlineAlign": "End",
                "RowIndex": 1,
                "Width": 159.375
            }
        },
        {
            "Bounds": [
                280.0800018310547,
                519.6346740722656,
                317.0921325683594,
                537.4155731201172
            ],
            "Font": {
                "alt_family_name": "Titlingmes New Roman",
                "embedded": false,
                "encoding": "WinAnsiEncoding",
                "family_name": "Titlingmes New Roman",
                "font_type": "TrueType",
                "italic": false,
                "monospaced": false,
                "name": "TimesNewRoman",
                "subset": false,
                "weight": 400
            },
            "HasClip": false,
            "Lang": "en",
            "Page": 0,
            "Path": "//Document/Sect/Table/TR[2]/TD/P",
            "Text": "versus ",
            "TextSize": 13.220001220703125,
            "attributes": {
                "LineHeight": 15.875
            }
        },
        {
            "Path": "//Document/Sect/Table/TR[2]/TD[2]",
            "attributes": {
                "BBox": [
                    337.66599999999744,
                    513.3709999999846,
                    550.7779999999912,
                    534.25
                ],
                "BlockAlign": "Before",
                "ColIndex": 1,
                "Height": 20.875,
                "InlineAlign": "Start",
                "RowIndex": 1,
                "Width": 213.125
            }
        },
        {
            "Bounds": [
                178.32565307617188,
                489.14935302734375,
                345.70936584472656,
                506.9302673339844
            ],
            "Page": 0,
            "Path": "//Document/Sect/Table/TR[3]/TD",
            "attributes": {
                "BBox": [
                    178.31299999999464,
                    484.5729999999894,
                    342.34599999999045,
                    513.3709999999846
                ],
                "BlockAlign": "Middle",
                "ColIndex": 0,
                "Height": 28.75,
                "InlineAlign": "End",
                "RowIndex": 2,
                "Width": 164
            }
        },
        {
            "Bounds": [
                178.32565307617188,
                489.14935302734375,
                345.70936584472656,
                506.9302673339844
            ],
            "Font": {
                "alt_family_name": "Titlingmes New Roman",
                "embedded": false,
                "encoding": "WinAnsiEncoding",
                "family_name": "Titlingmes New Roman",
                "font_type": "TrueType",
                "italic": false,
                "monospaced": false,
                "name": "TimesNewRoman",
                "subset": false,
                "weight": 400
            },
            "HasClip": false,
            "Lang": "en",
            "Page": 0,
            "Path": "//Document/Sect/Table/TR[3]/TD/P",
            "Text": "G.R. GOENKA EDUCATION ",
            "TextSize": 13.220001220703125,
            "attributes": {
                "LineHeight": 15.875
            }
        },
        {
            "Bounds": [
                345.69085693359375,
                489.14935302734375,
                551.2988739013672,
                506.9302673339844
            ],
            "Page": 0,
            "Path": "//Document/Sect/Table/TR[3]/TD[2]",
            "attributes": {
                "BBox": [
                    337.66599999999744,
                    484.5729999999894,
                    550.7779999999912,
                    513.3709999999846
                ],
                "BlockAlign": "Middle",
                "ColIndex": 1,
                "Height": 28.75,
                "InlineAlign": "Start",
                "RowIndex": 2,
                "Width": 213.125
            }
        },
        {
            "Bounds": [
                345.69085693359375,
                489.14935302734375,
                404.6137237548828,
                506.9302673339844
            ],
            "Font": {
                "alt_family_name": "Titlingmes New Roman",
                "embedded": false,
                "encoding": "WinAnsiEncoding",
                "family_name": "Titlingmes New Roman",
                "font_type": "TrueType",
                "italic": false,
                "monospaced": false,
                "name": "TimesNewRoman",
                "subset": false,
                "weight": 400
            },
            "HasClip": false,
            "Lang": "en",
            "Page": 0,
            "Path": "//Document/Sect/Table/TR[3]/TD[2]/P",
            "Text": "SOCIETY ",
            "TextSize": 13.220001220703125,
            "attributes": {
                "LineHeight": 15.875
            }
        },
        {
            "Bounds": [
                486.0079345703125,
                489.14935302734375,
                551.2988739013672,
                506.9302673339844
            ],
            "Font": {
                "alt_family_name": "Titlingmes New Roman",
                "embedded": false,
                "encoding": "WinAnsiEncoding",
                "family_name": "Titlingmes New Roman",
                "font_type": "TrueType",
                "italic": false,
                "monospaced": false,
                "name": "TimesNewRoman",
                "subset": false,
                "weight": 400
            },
            "HasClip": false,
            "Lang": "en",
            "Page": 0,
            "Path": "//Document/Sect/Table/TR[3]/TD[2]/P[2]",
            "Text": "Respondent ",
            "TextSize": 13.220001220703125,
            "attributes": {
                "LineHeight": 15.875
            }
        },
        {
            "Bounds": [
                280.0932159423828,
                466.4638366699219,
                332.30560302734375,
                484.24473571777344
            ],
            "Page": 0,
            "Path": "//Document/Sect/Table/TR[4]/TD",
            "attributes": {
                "BBox": [
                    178.31299999999464,
                    436.21399999999267,
                    337.66599999999744,
                    484.5729999999894
                ],
                "BlockAlign": "Before",
                "ColIndex": 0,
                "Height": 48.375,
                "InlineAlign": "End",
                "RowIndex": 3,
                "Width": 159.375
            }
        },
        {
            "Bounds": [
                280.0932159423828,
                466.4638366699219,
                332.30560302734375,
                484.24473571777344
            ],
            "Font": {
                "alt_family_name": "Titlingmes New Roman",
                "embedded": false,
                "encoding": "WinAnsiEncoding",
                "family_name": "Titlingmes New Roman",
                "font_type": "TrueType",
                "italic": false,
                "monospaced": false,
                "name": "TimesNewRoman",
                "subset": false,
                "weight": 400
            },
            "HasClip": false,
            "Lang": "en",
            "Page": 0,
            "Path": "//Document/Sect/Table/TR[4]/TD/P",
            "Text": "Through: ",
            "TextSize": 13.220001220703125,
            "attributes": {
                "LineHeight": 15.875
            }
        },
        {
            "Bounds": [
                335.29994201660156,
                436.2297058105469,
                552.4173126220703,
                484.24473571777344
            ],
            "Page": 0,
            "Path": "//Document/Sect/Table/TR[4]/TD[2]",
            "attributes": {
                "BBox": [
                    335.2659999999887,
                    436.21399999999267,
                    550.7779999999912,
                    484.5729999999894
                ],
                "BlockAlign": "Before",
                "ColIndex": 1,
                "Height": 48.375,
                "InlineAlign": "Start",
                "RowIndex": 3,
                "Width": 215.5
            }
        },
        {
            "Bounds": [
                347.8853759765625,
                466.4638366699219,
                379.6279296875,
                484.24473571777344
            ],
            "Font": {
                "alt_family_name": "Titlingmes New Roman",
                "embedded": false,
                "encoding": "WinAnsiEncoding",
                "family_name": "Titlingmes New Roman",
                "font_type": "TrueType",
                "italic": false,
                "monospaced": false,
                "name": "TimesNewRoman",
                "subset": false,
                "weight": 400
            },
            "HasClip": false,
            "Page": 0,
            "Path": "//Document/Sect/Table/TR[4]/TD[2]/P/Sub",
            "Text": "None ",
            "TextSize": 13.220001220703125,
            "attributes": {
                "Placement": "Block"
            }
        },
        {
            "Bounds": [
                447.9600067138672,
                443.6881866455078,
                458.50938415527344,
                455.08033752441406
            ],
            "Font": {
                "alt_family_name": "Titlingmes New Roman",
                "embedded": false,
                "encoding": "WinAnsiEncoding",
                "family_name": "Titlingmes New Roman",
                "font_type": "TrueType",
                "italic": false,
                "monospaced": false,
                "name": "TimesNewRoman",
                "subset": false,
                "weight": 400
            },
            "HasClip": false,
            "Page": 0,
            "Path": "//Document/Sect/Table/TR[4]/TD[2]/P/Sub[2]/StyleSpan",
            "Text": "nd ",
            "TextSize": 8.470001220703125,
            "attributes": {
                "BaselineShift": 6,
                "TextPosition": "Sup"
            }
        },
        {
            "Bounds": [
                335.29994201660156,
                436.2297058105469,
                552.4173126220703,
                455.08033752441406
            ],
            "Font": {
                "alt_family_name": "Titlingmes New Roman",
                "embedded": false,
                "encoding": "WinAnsiEncoding",
                "family_name": "Titlingmes New Roman",
                "font_type": "TrueType",
                "italic": false,
                "monospaced": false,
                "name": "TimesNewRoman",
                "subset": false,
                "weight": 400
            },
            "HasClip": false,
            "Page": 0,
            "Path": "//Document/Sect/Table/TR[4]/TD[2]/P/Sub[2]",
            "Text": "Date of Decision: 22September, 2022 ",
            "TextSize": 13.220001220703125,
            "attributes": {
                "Placement": "Block"
            }
        },
        {
            "Bounds": [
                144.4758758544922,
                405.23377990722656,
                203.29420471191406,
                423.5038146972656
            ],
            "Font": {
                "alt_family_name": "Titlingmes New Roman",
                "embedded": false,
                "encoding": "WinAnsiEncoding",
                "family_name": "Titlingmes New Roman",
                "font_type": "TrueType",
                "italic": false,
                "monospaced": false,
                "name": "TimesNewRoman,Bold",
                "subset": false,
                "weight": 700
            },
            "HasClip": false,
            "Lang": "en",
            "Page": 0,
            "Path": "//Document/Sect/P[5]",
            "Text": "CORAM: ",
            "TextSize": 13.220001220703125
        },
        {
            "Bounds": [
                144.4758758544922,
                374.86744689941406,
                520.9880981445312,
                408.2611541748047
            ],
            "Font": {
                "alt_family_name": "Titlingmes New Roman",
                "embedded": false,
                "encoding": "WinAnsiEncoding",
                "family_name": "Titlingmes New Roman",
                "font_type": "TrueType",
                "italic": false,
                "monospaced": false,
                "name": "TimesNewRoman,Bold",
                "subset": false,
                "weight": 700
            },
            "HasClip": false,
            "Lang": "no",
            "Page": 0,
            "Path": "//Document/Sect/P[6]",
            "Text": "HON'BLE MR. JUSTICE MANMOHAN HON'BLE MS. JUSTICE MANMEET PRITAM SINGH ARORA ",
            "TextSize": 13.220001220703125
        },
        {
            "Bounds": [
                290.1602783203125,
                352.1819152832031,
                391.78515625,
                370.45196533203125
            ],
            "Font": {
                "alt_family_name": "Titlingmes New Roman",
                "embedded": false,
                "encoding": "WinAnsiEncoding",
                "family_name": "Titlingmes New Roman",
                "font_type": "TrueType",
                "italic": false,
                "monospaced": false,
                "name": "TimesNewRoman,Bold",
                "subset": false,
                "weight": 700
            },
            "HasClip": false,
            "Lang": "en",
            "Page": 0,
            "Path": "//Document/Sect/Title",
            "Text": "J U D G M E N T ",
            "TextSize": 13.220001220703125,
            "attributes": {
                "LineHeight": 15.875,
                "TextAlign": "Center"
            }
        },
        {
            "Bounds": [
                144.47999572753906,
                337.0770568847656,
                287.3071594238281,
                355.34710693359375
            ],
            "Font": {
                "alt_family_name": "Titlingmes New Roman",
                "embedded": false,
                "encoding": "WinAnsiEncoding",
                "family_name": "Titlingmes New Roman",
                "font_type": "TrueType",
                "italic": false,
                "monospaced": false,
                "name": "TimesNewRoman,Bold",
                "subset": false,
                "weight": 700
            },
            "HasClip": false,
            "Lang": "en",
            "Page": 0,
            "Path": "//Document/Sect[2]/H1",
            "Text": "MANMOHAN, J (Oral): ",
            "TextSize": 13.220001220703125
        },
        {
            "Bounds": [
                148.8000030517578,
                307.35467529296875,
                161.8891143798828,
                325.1355743408203
            ],
            "Font": {
                "alt_family_name": "Titlingmes New Roman",
                "embedded": false,
                "encoding": "WinAnsiEncoding",
                "family_name": "Titlingmes New Roman",
                "font_type": "TrueType",
                "italic": false,
                "monospaced": false,
                "name": "TimesNewRoman",
                "subset": false,
                "weight": 400
            },
            "HasClip": false,
            "Page": 0,
            "Path": "//Document/Sect[2]/L/LI/Lbl/StyleSpan",
            "Text": "1. ",
            "TextSize": 13.220001220703125,
            "attributes": {
                "BackgroundColor": [
                    1,
                    1,
                    1
                ]
            }
        },
        {
            "Bounds": [
                148.8000030517578,
                261.8746795654297,
                553.8978118896484,
                325.1355743408203
            ],
            "Font": {
                "alt_family_name": "Titlingmes New Roman",
                "embedded": false,
                "encoding": "WinAnsiEncoding",
                "family_name": "Titlingmes New Roman",
                "font_type": "TrueType",
                "italic": false,
                "monospaced": false,
                "name": "TimesNewRoman",
                "subset": false,
                "weight": 400
            },
            "HasClip": false,
            "Page": 0,
            "Path": "//Document/Sect[2]/L/LI/LBody",
            "Text": "Present income tax appeal has been filed challenging the order dated 7th September, 2021 passed by the Income Tax Appellate Tribunal (•ITAT•) in ITA No. 3598/Del./2018 for the Assessment Year 2014-15. ",
            "TextSize": 13.220001220703125
        },
        {
            "Bounds": [
                148.8000030517578,
                239.07467651367188,
                161.8891143798828,
                256.85557556152344
            ],
            "Font": {
                "alt_family_name": "Titlingmes New Roman",
                "embedded": false,
                "encoding": "WinAnsiEncoding",
                "family_name": "Titlingmes New Roman",
                "font_type": "TrueType",
                "italic": false,
                "monospaced": false,
                "name": "TimesNewRoman",
                "subset": false,
                "weight": 400
            },
            "HasClip": false,
            "Page": 0,
            "Path": "//Document/Sect[2]/L/LI[2]/Lbl/StyleSpan",
            "Text": "2. ",
            "TextSize": 13.220001220703125,
            "attributes": {
                "BackgroundColor": [
                    1,
                    1,
                    1
                ]
            }
        },
        {
            "Bounds": [
                148.8000030517578,
                102.63467407226562,
                553.9176483154297,
                256.85557556152344
            ],
            "Font": {
                "alt_family_name": "Titlingmes New Roman",
                "embedded": false,
                "encoding": "WinAnsiEncoding",
                "family_name": "Titlingmes New Roman",
                "font_type": "TrueType",
                "italic": false,
                "monospaced": false,
                "name": "TimesNewRoman",
                "subset": false,
                "weight": 400
            },
            "HasClip": false,
            "Page": 0,
            "Path": "//Document/Sect[2]/L/LI[2]/LBody/StyleSpan",
            "Text": "Learned counsel for the Appellant states that the ITAT has erred in extending the benefit of exemption to the Respondent-Society under Section 11 of the Income Tax Act, 1961 (•the Act•) even though the Respondent has violated the provisions of Section 13(1)(c) read with Section 13(3) of the Act by registering the trademark in the name of Shri Anjani Kumar Goenka -the chairman of the Society and not in the name of the Society itself, thereby indulging in diversion of the franchise ",
            "TextSize": 13.220001220703125
        },
        {
            "Bounds": [
                166.32000732421875,
                232.19900512695312,
                528.6009979248047,
                559.1990051269531
            ],
            "HasClip": false,
            "Image": {
                "bits_per_component": 8,
                "colorspace": {
                    "Base": "DeviceGray",
                    "Name": "Indexed"
                },
                "data_length": 237519,
                "height": 463,
                "resolution_horizontal": 101.95401000976562,
                "resolution_vertical": 101.94495391845703,
                "width": 513
            },
            "Page": 1,
            "Path": "//Document/Sect[2]/Watermark"
        },
        {
            "Bounds": [
                148.8000030517578,
                674.4346771240234,
                324.6920928955078,
                692.215576171875
            ],
            "Font": {
                "alt_family_name": "Titlingmes New Roman",
                "embedded": false,
                "encoding": "WinAnsiEncoding",
                "family_name": "Titlingmes New Roman",
                "font_type": "TrueType",
                "italic": false,
                "monospaced": false,
                "name": "TimesNewRoman",
                "subset": false,
                "weight": 400
            },
            "HasClip": false,
            "Lang": "en",
            "Page": 1,
            "Path": "//Document/Sect[2]/P",
            "Text": "income/royalty to another entity. ",
            "TextSize": 13.220001220703125
        },
        {
            "Bounds": [
                148.8000030517578,
                651.6346740722656,
                161.8891143798828,
                669.4155731201172
            ],
            "Font": {
                "alt_family_name": "Titlingmes New Roman",
                "embedded": false,
                "encoding": "WinAnsiEncoding",
                "family_name": "Titlingmes New Roman",
                "font_type": "TrueType",
                "italic": false,
                "monospaced": false,
                "name": "TimesNewRoman",
                "subset": false,
                "weight": 400
            },
            "HasClip": false,
            "Page": 1,
            "Path": "//Document/Sect[2]/L[2]/LI/Lbl/StyleSpan",
            "Text": "3. ",
            "TextSize": 13.220001220703125,
            "attributes": {
                "BackgroundColor": [
                    1,
                    1,
                    1
                ]
            }
        },
        {
            "Bounds": [
                148.8000030517578,
                606.1546783447266,
                553.8621215820312,
                669.4155731201172
            ],
            "Font": {
                "alt_family_name": "Titlingmes New Roman",
                "embedded": false,
                "encoding": "WinAnsiEncoding",
                "family_name": "Titlingmes New Roman",
                "font_type": "TrueType",
                "italic": false,
                "monospaced": false,
                "name": "TimesNewRoman",
                "subset": false,
                "weight": 400
            },
            "HasClip": false,
            "Page": 1,
            "Path": "//Document/Sect[2]/L[2]/LI/LBody/StyleSpan",
            "Text": "He also states that the ITAT has erred in not considering the fact that Respondent does not qualify as a charitable institution under Section 11 of the Act as it was engaged in activities which were commercial in nature. ",
            "TextSize": 13.220001220703125
        },
        {
            "Bounds": [
                148.8000030517578,
                583.4746856689453,
                161.8891143798828,
                601.2555847167969
            ],
            "Font": {
                "alt_family_name": "Titlingmes New Roman",
                "embedded": false,
                "encoding": "WinAnsiEncoding",
                "family_name": "Titlingmes New Roman",
                "font_type": "TrueType",
                "italic": false,
                "monospaced": false,
                "name": "TimesNewRoman",
                "subset": false,
                "weight": 400
            },
            "HasClip": false,
            "Page": 1,
            "Path": "//Document/Sect[2]/L[2]/LI[2]/Lbl/StyleSpan",
            "Text": "4. ",
            "TextSize": 13.220001220703125,
            "attributes": {
                "BackgroundColor": [
                    1,
                    1,
                    1
                ]
            }
        },
        {
            "Bounds": [
                148.8000030517578,
                515.1946868896484,
                553.9550933837891,
                601.2555847167969
            ],
            "Font": {
                "alt_family_name": "Titlingmes New Roman",
                "embedded": false,
                "encoding": "WinAnsiEncoding",
                "family_name": "Titlingmes New Roman",
                "font_type": "TrueType",
                "italic": false,
                "monospaced": false,
                "name": "TimesNewRoman",
                "subset": false,
                "weight": 400
            },
            "HasClip": false,
            "Page": 1,
            "Path": "//Document/Sect[2]/L[2]/LI[2]/LBody/ParagraphSpan/StyleSpan",
            "Text": "Admittedly, the questions of law urged in the present appeal are covered by the judgement dated 30th October, 2017 of this Court in assessee•s own case in ITA 871/2017. The relevant portion of the aforesaid judgement is reproduced herein below: ",
            "TextSize": 13.220001220703125
        },
        {
            "Bounds": [
                197.75999450683594,
                431.9146728515625,
                516.0064849853516,
                510.0840606689453
            ],
            "Font": {
                "alt_family_name": "Titlingmes New Roman",
                "embedded": false,
                "encoding": "WinAnsiEncoding",
                "family_name": "Titlingmes New Roman",
                "font_type": "TrueType",
                "italic": true,
                "monospaced": false,
                "name": "TimesNewRoman,Italic",
                "subset": false,
                "weight": 400
            },
            "HasClip": false,
            "Page": 1,
            "Path": "//Document/Sect[2]/L[2]/LI[2]/LBody/L/LI/LBody/StyleSpan",
            "Text": "•3. The Court is of the opinion that there is no merit in the Revenue•s appeal; objects for the respondent • assessee remained unaltered. The extent of fees charged by it ipso facto cannot be the basis to conclude that the purpose for which it was set up had changed. ",
            "TextSize": 13.220001220703125
        },
        {
            "Bounds": [
                197.75999450683594,
                416.6746826171875,
                210.97999572753906,
                434.2440643310547
            ],
            "Font": {
                "alt_family_name": "Titlingmes New Roman",
                "embedded": false,
                "encoding": "WinAnsiEncoding",
                "family_name": "Titlingmes New Roman",
                "font_type": "TrueType",
                "italic": true,
                "monospaced": false,
                "name": "TimesNewRoman,Italic",
                "subset": false,
                "weight": 400
            },
            "HasClip": false,
            "Page": 1,
            "Path": "//Document/Sect[2]/L[2]/LI[2]/LBody/L/LI[2]/Lbl/StyleSpan",
            "Text": "4. ",
            "TextSize": 13.220001220703125,
            "attributes": {
                "BackgroundColor": [
                    1,
                    1,
                    1
                ]
            }
        },
        {
            "Bounds": [
                197.75999450683594,
                204.39468383789062,
                516.1213989257812,
                434.2440643310547
            ],
            "Font": {
                "alt_family_name": "Titlingmes New Roman",
                "embedded": false,
                "encoding": "WinAnsiEncoding",
                "family_name": "Titlingmes New Roman",
                "font_type": "TrueType",
                "italic": true,
                "monospaced": false,
                "name": "TimesNewRoman,Italic",
                "subset": false,
                "weight": 400
            },
            "HasClip": false,
            "Page": 1,
            "Path": "//Document/Sect[2]/L[2]/LI[2]/LBody/L/LI[2]/LBody/ParagraphSpan/StyleSpan",
            "Text": "The other ground urged was that the goodwill and monetary value of the trade mark, which arose in the course of the respondent•s activities, ought to have accrued to it rather than the owner. This, it is stated, amounted to a diversion under Section 13(3) of the Act. The Court is of the opinion that the ITAT•s reasoning on this aspect too is merited. Besides, the use of a trade mark per se does not confer an advantage upon the licensee or authorized user • under Section 40(2) of the Trade Marks Act, 1999 the benefit of such use accrues to the owner. This aspect too has been considered by a Division Bench of this Court and later affirmed in Formula One World Championship Ltd. v. CIT, [2017] 390 ITR 199 (Delhi). For the above reasons, there is no merit in this appeal; it is accordingly dismissed.• ",
            "TextSize": 13.220001220703125
        },
        {
            "Bounds": [
                406.9199981689453,
                189.27467346191406,
                516.1263580322266,
                207.05557250976562
            ],
            "Font": {
                "alt_family_name": "Titlingmes New Roman",
                "embedded": false,
                "encoding": "WinAnsiEncoding",
                "family_name": "Titlingmes New Roman",
                "font_type": "TrueType",
                "italic": false,
                "monospaced": false,
                "name": "TimesNewRoman",
                "subset": false,
                "weight": 400
            },
            "HasClip": false,
            "Lang": "en",
            "Page": 1,
            "Path": "//Document/Sect[2]/L[2]/LI[2]/LBody/L/LI[2]/LBody/P",
            "Text": "(emphasis supplied) ",
            "TextSize": 13.220001220703125
        },
        {
            "Bounds": [
                148.8000030517578,
                161.19468688964844,
                161.8891143798828,
                178.9755859375
            ],
            "Font": {
                "alt_family_name": "Titlingmes New Roman",
                "embedded": false,
                "encoding": "WinAnsiEncoding",
                "family_name": "Titlingmes New Roman",
                "font_type": "TrueType",
                "italic": false,
                "monospaced": false,
                "name": "TimesNewRoman",
                "subset": false,
                "weight": 400
            },
            "HasClip": false,
            "Page": 1,
            "Path": "//Document/Sect[2]/L[2]/LI[3]/Lbl/StyleSpan",
            "Text": "5. ",
            "TextSize": 13.220001220703125,
            "attributes": {
                "BackgroundColor": [
                    1,
                    1,
                    1
                ]
            }
        },
        {
            "Bounds": [
                148.8000030517578,
                115.59468078613281,
                553.8726959228516,
                178.9755859375
            ],
            "Font": {
                "alt_family_name": "Titlingmes New Roman",
                "embedded": false,
                "encoding": "WinAnsiEncoding",
                "family_name": "Titlingmes New Roman",
                "font_type": "TrueType",
                "italic": false,
                "monospaced": false,
                "name": "TimesNewRoman",
                "subset": false,
                "weight": 400
            },
            "HasClip": false,
            "Page": 1,
            "Path": "//Document/Sect[2]/L[2]/LI[3]/LBody/StyleSpan",
            "Text": "Learned counsel for the Appellant states that the Revenue has not accepted the aforesaid decision and has preferred an SLP bearing No.26056 of 2018 against the same. ",
            "TextSize": 13.220001220703125
        },
        {
            "Bounds": [
                148.8000030517578,
                674.4346771240234,
                161.8891143798828,
                692.215576171875
            ],
            "Font": {
                "alt_family_name": "Titlingmes New Roman",
                "embedded": false,
                "encoding": "WinAnsiEncoding",
                "family_name": "Titlingmes New Roman",
                "font_type": "TrueType",
                "italic": false,
                "monospaced": false,
                "name": "TimesNewRoman",
                "subset": false,
                "weight": 400
            },
            "HasClip": false,
            "Page": 2,
            "Path": "//Document/Sect[2]/L[2]/LI[4]/Lbl/StyleSpan",
            "Text": "6. ",
            "TextSize": 13.220001220703125,
            "attributes": {
                "BackgroundColor": [
                    1,
                    1,
                    1
                ]
            }
        },
        {
            "Bounds": [
                148.8000030517578,
                651.6346740722656,
                553.858154296875,
                692.215576171875
            ],
            "Font": {
                "alt_family_name": "Titlingmes New Roman",
                "embedded": false,
                "encoding": "WinAnsiEncoding",
                "family_name": "Titlingmes New Roman",
                "font_type": "TrueType",
                "italic": false,
                "monospaced": false,
                "name": "TimesNewRoman",
                "subset": false,
                "weight": 400
            },
            "HasClip": false,
            "Page": 2,
            "Path": "//Document/Sect[2]/L[2]/LI[4]/LBody",
            "Text": "Though the appeal in aforementioned case is pending adjudication, yet there is no stay of the said judgment till date. ",
            "TextSize": 13.220001220703125
        },
        {
            "Bounds": [
                148.8000030517578,
                628.9546813964844,
                161.8891143798828,
                646.7355804443359
            ],
            "Font": {
                "alt_family_name": "Titlingmes New Roman",
                "embedded": false,
                "encoding": "WinAnsiEncoding",
                "family_name": "Titlingmes New Roman",
                "font_type": "TrueType",
                "italic": false,
                "monospaced": false,
                "name": "TimesNewRoman",
                "subset": false,
                "weight": 400
            },
            "HasClip": false,
            "Page": 2,
            "Path": "//Document/Sect[2]/L[2]/LI[5]/Lbl/StyleSpan",
            "Text": "7. ",
            "TextSize": 13.220001220703125,
            "attributes": {
                "BackgroundColor": [
                    1,
                    1,
                    1
                ]
            }
        },
        {
            "Bounds": [
                148.8000030517578,
                515.1946868896484,
                553.9678802490234,
                646.7355804443359
            ],
            "Font": {
                "alt_family_name": "Titlingmes New Roman",
                "embedded": false,
                "encoding": "WinAnsiEncoding",
                "family_name": "Titlingmes New Roman",
                "font_type": "TrueType",
                "italic": false,
                "monospaced": false,
                "name": "TimesNewRoman",
                "subset": false,
                "weight": 400
            },
            "HasClip": false,
            "Page": 2,
            "Path": "//Document/Sect[2]/L[2]/LI[5]/LBody/StyleSpan",
            "Text": "Consequently, in view of the judgments of the Supreme Court in Kunhayammed and Others Vs. State of Kerala And Another, (2000) 6 SCC 359 and Shree Chamundi Mopeds Ltd. Vs. Church of South India Trust Association CSI Cinod Secretariat, Madras (1992) 3 SCC 1, the present appeal is covered by the judgment passed by the learned predecessor Division Bench. ",
            "TextSize": 13.220001220703125
        },
        {
            "Bounds": [
                148.8000030517578,
                492.5146789550781,
                161.8891143798828,
                510.2955780029297
            ],
            "Font": {
                "alt_family_name": "Titlingmes New Roman",
                "embedded": false,
                "encoding": "WinAnsiEncoding",
                "family_name": "Titlingmes New Roman",
                "font_type": "TrueType",
                "italic": false,
                "monospaced": false,
                "name": "TimesNewRoman",
                "subset": false,
                "weight": 400
            },
            "HasClip": false,
            "Page": 2,
            "Path": "//Document/Sect[2]/L[2]/LI[6]/Lbl/StyleSpan",
            "Text": "8. ",
            "TextSize": 13.220001220703125,
            "attributes": {
                "BackgroundColor": [
                    1,
                    1,
                    1
                ]
            }
        },
        {
            "Bounds": [
                148.8000030517578,
                469.7146759033203,
                553.9163208007812,
                510.2955780029297
            ],
            "Font": {
                "alt_family_name": "Titlingmes New Roman",
                "embedded": false,
                "encoding": "WinAnsiEncoding",
                "family_name": "Titlingmes New Roman",
                "font_type": "TrueType",
                "italic": false,
                "monospaced": false,
                "name": "TimesNewRoman",
                "subset": false,
                "weight": 400
            },
            "HasClip": false,
            "Page": 2,
            "Path": "//Document/Sect[2]/L[2]/LI[6]/LBody",
            "Text": "Accordingly, no substantial question of law arises for consideration in the present appeal and the same is dismissed. ",
            "TextSize": 13.220001220703125
        },
        {
            "Bounds": [
                148.8000030517578,
                447.03468322753906,
                161.8891143798828,
                464.8155822753906
            ],
            "Font": {
                "alt_family_name": "Titlingmes New Roman",
                "embedded": false,
                "encoding": "WinAnsiEncoding",
                "family_name": "Titlingmes New Roman",
                "font_type": "TrueType",
                "italic": false,
                "monospaced": false,
                "name": "TimesNewRoman",
                "subset": false,
                "weight": 400
            },
            "HasClip": false,
            "Page": 2,
            "Path": "//Document/Sect[2]/L[2]/LI[7]/Lbl/StyleSpan",
            "Text": "9. ",
            "TextSize": 13.220001220703125,
            "attributes": {
                "BackgroundColor": [
                    1,
                    1,
                    1
                ]
            }
        },
        {
            "Bounds": [
                148.8000030517578,
                424.23468017578125,
                553.8568420410156,
                464.8155822753906
            ],
            "Font": {
                "alt_family_name": "Titlingmes New Roman",
                "embedded": false,
                "encoding": "WinAnsiEncoding",
                "family_name": "Titlingmes New Roman",
                "font_type": "TrueType",
                "italic": false,
                "monospaced": false,
                "name": "TimesNewRoman",
                "subset": false,
                "weight": 400
            },
            "HasClip": false,
            "Page": 2,
            "Path": "//Document/Sect[2]/L[2]/LI[7]/LBody/StyleSpan",
            "Text": "However, it is clarified that the order passed in the present appeal shall abide by the final decision of the Supreme Court in the aforesaid SLP. ",
            "TextSize": 13.220001220703125
        },
        {
            "Bounds": [
                166.32000732421875,
                232.19900512695312,
                528.6009979248047,
                559.1990051269531
            ],
            "HasClip": false,
            "Image": {
                "bits_per_component": 8,
                "colorspace": {
                    "Base": "DeviceGray",
                    "Name": "Indexed"
                },
                "data_length": 237519,
                "height": 463,
                "resolution_horizontal": 101.95401000976562,
                "resolution_vertical": 101.94495391845703,
                "width": 513
            },
            "Page": 2,
            "Path": "//Document/Sect[2]/Watermark[2]"
        },
        {
            "Bounds": [
                453.95726013183594,
                383.6360626220703,
                553.9744873046875,
                401.9060974121094
            ],
            "Font": {
                "alt_family_name": "Titlingmes New Roman",
                "embedded": false,
                "encoding": "WinAnsiEncoding",
                "family_name": "Titlingmes New Roman",
                "font_type": "TrueType",
                "italic": false,
                "monospaced": false,
                "name": "TimesNewRoman,Bold",
                "subset": false,
                "weight": 700
            },
            "HasClip": false,
            "Lang": "en",
            "Page": 2,
            "Path": "//Document/Sect[2]/P[2]",
            "Text": "MANMOHAN, J ",
            "TextSize": 13.220001220703125,
            "attributes": {
                "LineHeight": 15.875,
                "SpaceAfter": 18,
                "TextAlign": "End"
            }
        },
        {
            "Bounds": [
                312.95274353027344,
                315.3547668457031,
                553.8211364746094,
                333.6248016357422
            ],
            "Font": {
                "alt_family_name": "Titlingmes New Roman",
                "embedded": false,
                "encoding": "WinAnsiEncoding",
                "family_name": "Titlingmes New Roman",
                "font_type": "TrueType",
                "italic": false,
                "monospaced": false,
                "name": "TimesNewRoman,Bold",
                "subset": false,
                "weight": 700
            },
            "HasClip": false,
            "Lang": "en",
            "Page": 2,
            "Path": "//Document/Sect[2]/P[3]",
            "Text": "MANMEET PRITAM SINGH ARORA, J ",
            "TextSize": 13.220001220703125,
            "attributes": {
                "LineHeight": 15.875,
                "TextAlign": "End"
            }
        },
        {
            "Bounds": [
                144.47706604003906,
                277.42657470703125,
                278.45912170410156,
                310.9392852783203
            ],
            "Font": {
                "alt_family_name": "Titlingmes New Roman",
                "embedded": false,
                "encoding": "WinAnsiEncoding",
                "family_name": "Titlingmes New Roman",
                "font_type": "TrueType",
                "italic": false,
                "monospaced": false,
                "name": "TimesNewRoman,Bold",
                "subset": false,
                "weight": 700
            },
            "HasClip": false,
            "Lang": "en",
            "Page": 2,
            "Path": "//Document/Sect[2]/P[4]",
            "Text": "SEPTEMBER 21, 2022 KA ",
            "TextSize": 13.220001220703125,
            "attributes": {
                "SpaceAfter": 18
            }
        }
    ],
    "pages": [
        {
            "boxes": {
                "CropBox": [
                    0.0,
                    0.0,
                    612.0,
                    792.0
                ],
                "MediaBox": [
                    0.0,
                    0.0,
                    612.0,
                    792.0
                ]
            },
            "height": 792.0,
            "is_scanned": false,
            "page_number": 0,
            "rotation": 0,
            "width": 612.0
        },
        {
            "boxes": {
                "CropBox": [
                    0.0,
                    0.0,
                    612.0,
                    792.0
                ],
                "MediaBox": [
                    0.0,
                    0.0,
                    612.0,
                    792.0
                ]
            },
            "height": 792.0,
            "is_scanned": false,
            "page_number": 1,
            "rotation": 0,
            "width": 612.0
        },
        {
            "boxes": {
                "CropBox": [
                    0.0,
                    0.0,
                    612.0,
                    792.0
                ],
                "MediaBox": [
                    0.0,
                    0.0,
                    612.0,
                    792.0
                ]
            },
            "height": 792.0,
            "is_scanned": false,
            "page_number": 2,
            "rotation": 0,
            "width": 612.0
        }
    ]
}