{
    "version": {
        "json_export": "184",
        "page_segmentation": "5",
        "schema": "1.1.0",
        "structure": "1.1006.0",
        "table_structure": "5"
    },
    "extended_metadata": {
        "ID_instance": "31 39 20 44 38 20 42 35 20 32 45 20 36 31 20 45 39 20 32 33 20 45 44 20 39 38 20 43 43 20 46 35 20 41 37 20 33 43 20 43 32 20 41 42 20 31 36 20 ",
        "ID_permanent": "46 42 20 37 36 20 35 44 20 30 41 20 38 43 20 42 35 20 42 32 20 31 31 20 30 41 20 30 30 20 36 37 20 34 35 20 38 42 20 36 42 20 43 36 20 32 33 20 ",
        "pdf_version": "1.6",
        "pdfa_compliance_level": "",
        "is_encrypted": false,
        "has_acroform": true,
        "is_digitally_signed": true,
        "pdfua_compliance_level": "",
        "page_count": 8,
        "has_embedded_files": false,
        "is_certified": false,
        "is_XFA": false,
        "language": "en"
    },
    "elements": [
        {
            "Bounds": [
                200.63999938964844,
                249.95700073242188,
                494.4010009765625,
                541.5579986572266
            ],
            "HasClip": false,
            "Image": {
                "bits_per_component": 8,
                "colorspace": {
                    "Base": "DeviceGray",
                    "Name": "Indexed"
                },
                "data_length": 171808,
                "height": 413,
                "resolution_horizontal": 101.96043395996094,
                "resolution_vertical": 101.9749526977539,
                "width": 416
            },
            "Page": 0,
            "Path": "//Document/Watermark"
        },
        {
            "Bounds": [
                144.47999572753906,
                673.9546813964844,
                174.67051696777344,
                691.7355804443359
            ],
            "Font": {
                "alt_family_name": "Titlingmes New Roman",
                "embedded": false,
                "encoding": "WinAnsiEncoding",
                "family_name": "Titlingmes New Roman",
                "font_type": "TrueType",
                "italic": false,
                "monospaced": false,
                "name": "TimesNewRoman",
                "subset": false,
                "weight": 400
            },
            "HasClip": false,
            "Lang": "en",
            "Page": 0,
            "Path": "//Document/P",
            "Text": "$~14 ",
            "TextSize": 13.220001220703125,
            "attributes": {
                "LineHeight": 15.875,
                "SpaceAfter": 6.75
            }
        },
        {
            "Bounds": [
                144.47999572753906,
                650.9915466308594,
                513.5864715576172,
                669.2615814208984
            ],
            "Font": {
                "alt_family_name": "Titlingmes New Roman",
                "embedded": false,
                "encoding": "WinAnsiEncoding",
                "family_name": "Titlingmes New Roman",
                "font_type": "TrueType",
                "italic": false,
                "monospaced": false,
                "name": "TimesNewRoman",
                "subset": false,
                "weight": 400
            },
            "HasClip": false,
            "Lang": "en",
            "Page": 0,
            "Path": "//Document/P[2]",
            "Text": "* IN THE HIGH COURT OF DELHI AT NEW DELHI ",
            "TextSize": 13.220001220703125,
            "attributes": {
                "LineHeight": 15.875
            }
        },
        {
            "Bounds": [
                375.12933349609375,
                628.4646606445312,
                553.8681335449219,
                646.1630401611328
            ],
            "Font": {
                "alt_family_name": "Titlingmes New Roman",
                "embedded": false,
                "encoding": "WinAnsiEncoding",
                "family_name": "Titlingmes New Roman",
                "font_type": "TrueType",
                "italic": true,
                "monospaced": false,
                "name": "TimesNewRoman,BoldItalic",
                "subset": false,
                "weight": 700
            },
            "HasClip": false,
            "Lang": "en",
            "Page": 0,
            "Path": "//Document/Title",
            "Text": "Date of decision: 27th July, 2022 ",
            "TextSize": 13.220001220703125,
            "attributes": {
                "LineHeight": 15.875,
                "SpaceAfter": 6.875,
                "TextAlign": "End"
            }
        },
        {
            "Bounds": [
                144.477783203125,
                605.6701812744141,
                155.23880004882812,
                623.4510803222656
            ],
            "Font": {
                "alt_family_name": "Titlingmes New Roman",
                "embedded": false,
                "encoding": "WinAnsiEncoding",
                "family_name": "Titlingmes New Roman",
                "font_type": "TrueType",
                "italic": false,
                "monospaced": false,
                "name": "TimesNewRoman",
                "subset": false,
                "weight": 400
            },
            "HasClip": false,
            "Page": 0,
            "Path": "//Document/L/LI/Lbl",
            "Text": "+ ",
            "TextSize": 13.220001220703125
        },
        {
            "Bounds": [
                212.2831573486328,
                605.3925628662109,
                498.9919128417969,
                623.66259765625
            ],
            "Font": {
                "alt_family_name": "Titlingmes New Roman",
                "embedded": false,
                "encoding": "WinAnsiEncoding",
                "family_name": "Titlingmes New Roman",
                "font_type": "TrueType",
                "italic": false,
                "monospaced": false,
                "name": "TimesNewRoman,Bold",
                "subset": false,
                "weight": 700
            },
            "HasClip": false,
            "Page": 0,
            "Path": "//Document/L/LI/LBody",
            "Text": "CS(COMM) 322/2021 & I.As. 462/2022, 5410/2022 ",
            "TextSize": 13.220001220703125
        },
        {
            "Bounds": [
                178.32098388671875,
                582.9846649169922,
                549.8544464111328,
                600.7655639648438
            ],
            "Font": {
                "alt_family_name": "Titlingmes New Roman",
                "embedded": false,
                "encoding": "WinAnsiEncoding",
                "family_name": "Titlingmes New Roman",
                "font_type": "TrueType",
                "italic": false,
                "monospaced": false,
                "name": "TimesNewRoman",
                "subset": false,
                "weight": 400
            },
            "HasClip": false,
            "Lang": "en",
            "Page": 0,
            "Path": "//Document/P[3]",
            "Text": "DELHI PUBLIC SCHOOL SOCIETY ..... Plaintiff ",
            "TextSize": 13.220001220703125,
            "attributes": {
                "LineHeight": 15.875,
                "SpaceAfter": 6.75
            }
        },
        {
            "Bounds": [
                280.0753173828125,
                560.2991333007812,
                332.4066925048828,
                578.0800476074219
            ],
            "Font": {
                "alt_family_name": "Titlingmes New Roman",
                "embedded": false,
                "encoding": "WinAnsiEncoding",
                "family_name": "Titlingmes New Roman",
                "font_type": "TrueType",
                "italic": false,
                "monospaced": false,
                "name": "TimesNewRoman",
                "subset": false,
                "weight": 400
            },
            "HasClip": false,
            "Lang": "en",
            "Page": 0,
            "Path": "//Document/P[4]",
            "Text": "Through: ",
            "TextSize": 13.220001220703125,
            "attributes": {
                "LineHeight": 15.875,
                "SpaceAfter": 18
            }
        },
        {
            "Bounds": [
                280.0753173828125,
                514.6901397705078,
                317.0887756347656,
                532.4710388183594
            ],
            "Font": {
                "alt_family_name": "Titlingmes New Roman",
                "embedded": false,
                "encoding": "WinAnsiEncoding",
                "family_name": "Titlingmes New Roman",
                "font_type": "TrueType",
                "italic": false,
                "monospaced": false,
                "name": "TimesNewRoman",
                "subset": false,
                "weight": 400
            },
            "HasClip": false,
            "Lang": "en",
            "Page": 0,
            "Path": "//Document/P[5]",
            "Text": "versus ",
            "TextSize": 13.220001220703125,
            "attributes": {
                "LineHeight": 15.875
            }
        },
        {
            "Bounds": [
                347.8674774169922,
                529.9328002929688,
                554.0109100341797,
                578.0800476074219
            ],
            "Font": {
                "alt_family_name": "Titlingmes New Roman",
                "embedded": false,
                "encoding": "WinAnsiEncoding",
                "family_name": "Titlingmes New Roman",
                "font_type": "TrueType",
                "italic": false,
                "monospaced": false,
                "name": "TimesNewRoman",
                "subset": false,
                "weight": 400
            },
            "HasClip": false,
            "Lang": "en",
            "Page": 0,
            "Path": "//Document/P[6]",
            "Text": "Mr. Puneet Mittal, Sr. Advocate with Mr. Mohit Chandras, Advocates. (M:981104400) ",
            "TextSize": 13.220001220703125,
            "attributes": {
                "LineHeight": 15.125,
                "SpaceAfter": 18,
                "TextAlign": "Justify"
            }
        },
        {
            "Bounds": [
                178.32098388671875,
                484.45599365234375,
                527.6039581298828,
                502.2368927001953
            ],
            "Font": {
                "alt_family_name": "Titlingmes New Roman",
                "embedded": false,
                "encoding": "WinAnsiEncoding",
                "family_name": "Titlingmes New Roman",
                "font_type": "TrueType",
                "italic": false,
                "monospaced": false,
                "name": "TimesNewRoman",
                "subset": false,
                "weight": 400
            },
            "HasClip": false,
            "Lang": "en",
            "Page": 0,
            "Path": "//Document/P[7]",
            "Text": "DELHI PUBLIC INTERNATIONAL SCHOOL ..... Defendant ",
            "TextSize": 13.220001220703125,
            "attributes": {
                "LineHeight": 15.875,
                "SpaceAfter": 6.875
            }
        },
        {
            "Bounds": [
                280.0753173828125,
                461.65150451660156,
                332.4066925048828,
                479.4324035644531
            ],
            "Font": {
                "alt_family_name": "Titlingmes New Roman",
                "embedded": false,
                "encoding": "WinAnsiEncoding",
                "family_name": "Titlingmes New Roman",
                "font_type": "TrueType",
                "italic": false,
                "monospaced": false,
                "name": "TimesNewRoman",
                "subset": false,
                "weight": 400
            },
            "HasClip": false,
            "Lang": "en",
            "Page": 0,
            "Path": "//Document/P[8]",
            "Text": "Through: ",
            "TextSize": 13.220001220703125,
            "attributes": {
                "LineHeight": 15.875,
                "SpaceAfter": -15.125
            }
        },
        {
            "Bounds": [
                347.8674774169922,
                416.16148376464844,
                554.0109100341797,
                479.4324035644531
            ],
            "Font": {
                "alt_family_name": "Titlingmes New Roman",
                "embedded": false,
                "encoding": "WinAnsiEncoding",
                "family_name": "Titlingmes New Roman",
                "font_type": "TrueType",
                "italic": false,
                "monospaced": false,
                "name": "TimesNewRoman",
                "subset": false,
                "weight": 400
            },
            "HasClip": false,
            "Lang": "en",
            "Page": 0,
            "Path": "//Document/P[9]",
            "Text": "Mr. Rajshekhar Rao, Sr. Advocate, Mr. Rajat Malhotra, Mr. Vivek Kr. Kurn and Mr. Areeb Amanullah, Advocate for D-5. (M:7428451535) ",
            "TextSize": 13.220001220703125,
            "attributes": {
                "LineHeight": 15.125,
                "TextAlign": "Justify"
            }
        },
        {
            "Bounds": [
                178.32098388671875,
                400.7601776123047,
                237.50021362304688,
                419.03021240234375
            ],
            "Font": {
                "alt_family_name": "Titlingmes New Roman",
                "embedded": false,
                "encoding": "WinAnsiEncoding",
                "family_name": "Titlingmes New Roman",
                "font_type": "TrueType",
                "italic": false,
                "monospaced": false,
                "name": "TimesNewRoman,Bold",
                "subset": false,
                "weight": 700
            },
            "HasClip": false,
            "Page": 0,
            "Path": "//Document/H1/Sub",
            "Text": "CORAM: ",
            "TextSize": 13.220001220703125,
            "attributes": {
                "Placement": "Block"
            }
        },
        {
            "Bounds": [
                178.32098388671875,
                385.6365051269531,
                375.23023986816406,
                403.9065399169922
            ],
            "Font": {
                "alt_family_name": "Titlingmes New Roman",
                "embedded": false,
                "encoding": "WinAnsiEncoding",
                "family_name": "Titlingmes New Roman",
                "font_type": "TrueType",
                "italic": false,
                "monospaced": false,
                "name": "TimesNewRoman,Bold",
                "subset": false,
                "weight": 700
            },
            "HasClip": false,
            "Page": 0,
            "Path": "//Document/H1/Sub[2]",
            "Text": "JUSTICE PRATHIBA M. SINGH ",
            "TextSize": 13.220001220703125,
            "attributes": {
                "Placement": "Block"
            }
        },
        {
            "Bounds": [
                144.477783203125,
                362.3560791015625,
                287.4043884277344,
                380.62611389160156
            ],
            "Font": {
                "alt_family_name": "Titlingmes New Roman",
                "embedded": false,
                "encoding": "WinAnsiEncoding",
                "family_name": "Titlingmes New Roman",
                "font_type": "TrueType",
                "italic": false,
                "monospaced": false,
                "name": "TimesNewRoman,Bold",
                "subset": false,
                "weight": 700
            },
            "HasClip": false,
            "Lang": "en",
            "Page": 0,
            "Path": "//Document/H1[2]",
            "Text": "Prathiba M. Singh(Oral) ",
            "TextSize": 13.220001220703125,
            "attributes": {
                "LineHeight": 15.875,
                "SpaceAfter": 7.625
            }
        },
        {
            "Bounds": [
                144.47999572753906,
                332.31468200683594,
                157.6999969482422,
                350.0955810546875
            ],
            "Font": {
                "alt_family_name": "Titlingmes New Roman",
                "embedded": false,
                "encoding": "WinAnsiEncoding",
                "family_name": "Titlingmes New Roman",
                "font_type": "TrueType",
                "italic": false,
                "monospaced": false,
                "name": "TimesNewRoman",
                "subset": false,
                "weight": 400
            },
            "HasClip": false,
            "Page": 0,
            "Path": "//Document/L[2]/LI/Lbl",
            "Text": "1. ",
            "TextSize": 13.220001220703125
        },
        {
            "Bounds": [
                144.47999572753906,
                127.70916748046875,
                553.9694976806641,
                350.0955810546875
            ],
            "Font": {
                "alt_family_name": "Titlingmes New Roman",
                "embedded": false,
                "encoding": "WinAnsiEncoding",
                "family_name": "Titlingmes New Roman",
                "font_type": "TrueType",
                "italic": false,
                "monospaced": false,
                "name": "TimesNewRoman",
                "subset": false,
                "weight": 400
            },
            "HasClip": false,
            "Page": 0,
            "Path": "//Document/L[2]/LI/LBody",
            "Text": "The present suit has been filed seeking permanent injunction restraining infringement of trademarks, copyrights, damages, etc., by the Plaintiff -Delhi Public School Society that runs the Delhi Public Schools (hereinafter as •DPS•) across the country. The Plaintiff is registered under the Societies Registration Act, 1860, vide registration no. S.361 of 1948-49. It was initially registered as Delhi Public School but in the year 1962, the name was changed to Delhi Public School Society. The Plaintiff has also obtained registration for its logo under the Copyright Act, vide registration nos. A-95324/2012 dated 21st December, 2012 and A-111554/2014 dated 21st August, 2014. ",
            "TextSize": 13.220001220703125
        },
        {
            "Bounds": [
                144.48260498046875,
                104.91018676757812,
                157.70260620117188,
                122.69108581542969
            ],
            "Font": {
                "alt_family_name": "Titlingmes New Roman",
                "embedded": false,
                "encoding": "WinAnsiEncoding",
                "family_name": "Titlingmes New Roman",
                "font_type": "TrueType",
                "italic": false,
                "monospaced": false,
                "name": "TimesNewRoman",
                "subset": false,
                "weight": 400
            },
            "HasClip": false,
            "Page": 0,
            "Path": "//Document/L[2]/LI[2]/Lbl",
            "Text": "2. ",
            "TextSize": 13.220001220703125
        },
        {
            "Bounds": [
                178.3125762939453,
                104.91018676757812,
                553.9073181152344,
                122.69108581542969
            ],
            "Font": {
                "alt_family_name": "Titlingmes New Roman",
                "embedded": false,
                "encoding": "WinAnsiEncoding",
                "family_name": "Titlingmes New Roman",
                "font_type": "TrueType",
                "italic": false,
                "monospaced": false,
                "name": "TimesNewRoman",
                "subset": false,
                "weight": 400
            },
            "HasClip": false,
            "Page": 0,
            "Path": "//Document/L[2]/LI[2]/LBody",
            "Text": "The case of the Plaintiff is that it was formed with an objective to ",
            "TextSize": 13.220001220703125
        },
        {
            "Bounds": [
                200.63999938964844,
                249.95700073242188,
                494.4010009765625,
                541.5579986572266
            ],
            "HasClip": false,
            "Image": {
                "bits_per_component": 8,
                "colorspace": {
                    "Base": "DeviceGray",
                    "Name": "Indexed"
                },
                "data_length": 171808,
                "height": 413,
                "resolution_horizontal": 101.96043395996094,
                "resolution_vertical": 101.9749526977539,
                "width": 416
            },
            "Page": 1,
            "Path": "//Document/Watermark[2]"
        },
        {
            "Bounds": [
                144.47999572753906,
                491.9945983886719,
                553.962890625,
                691.7355804443359
            ],
            "Font": {
                "alt_family_name": "Titlingmes New Roman",
                "embedded": false,
                "encoding": "WinAnsiEncoding",
                "family_name": "Titlingmes New Roman",
                "font_type": "TrueType",
                "italic": false,
                "monospaced": false,
                "name": "TimesNewRoman",
                "subset": false,
                "weight": 400
            },
            "HasClip": false,
            "Lang": "en",
            "Page": 1,
            "Path": "//Document/P[10]",
            "Text": "establish progressive schools/educational institutions within Delhi and outside. Open to all, without any distinction of race, caste or special status. The first DPS school was set up in the year 1949 and subsequently, numerous more were set up. The schools established by the Plaintiff itself are a total of 12, known as •Core Schools• while also having entered into agreements with other societies/trusts for establishing more schools that are more than 200 in number, known as •Affiliated Schools.• Further, the Plaintiff has also established 11 schools in territories outside of India, displaying its goodwill. ",
            "TextSize": 13.220001220703125,
            "attributes": {
                "LineHeight": 22.75,
                "TextAlign": "Justify"
            }
        },
        {
            "Bounds": [
                144.47999572753906,
                469.1900939941406,
                157.6999969482422,
                486.9709930419922
            ],
            "Font": {
                "alt_family_name": "Titlingmes New Roman",
                "embedded": false,
                "encoding": "WinAnsiEncoding",
                "family_name": "Titlingmes New Roman",
                "font_type": "TrueType",
                "italic": false,
                "monospaced": false,
                "name": "TimesNewRoman",
                "subset": false,
                "weight": 400
            },
            "HasClip": false,
            "Page": 1,
            "Path": "//Document/L[3]/LI/Lbl",
            "Text": "3. ",
            "TextSize": 13.220001220703125
        },
        {
            "Bounds": [
                144.47999572753906,
                332.8390197753906,
                553.9668579101562,
                486.9709930419922
            ],
            "Font": {
                "alt_family_name": "Titlingmes New Roman",
                "embedded": false,
                "encoding": "WinAnsiEncoding",
                "family_name": "Titlingmes New Roman",
                "font_type": "TrueType",
                "italic": false,
                "monospaced": false,
                "name": "TimesNewRoman",
                "subset": false,
                "weight": 400
            },
            "HasClip": false,
            "Page": 1,
            "Path": "//Document/L[3]/LI/LBody",
            "Text": "In order to ensure statutory rights in respect of the Plaintiff•s trademark, it has filed several applications for registration of its logo, DPS and Delhi Public School, among others. Further, the Plaintiff claims to be extremely vigilant about its intellectual property rights due to which time and again the Plaintiff has filed infringement and/or passing off suits against other parties that have resulted in decrees in favour of the Plaintiff, wherein, its mark has been declared •a highly reputable brand name.• ",
            "TextSize": 13.220001220703125
        },
        {
            "Bounds": [
                144.47999572753906,
                310.0345153808594,
                157.6999969482422,
                327.81541442871094
            ],
            "Font": {
                "alt_family_name": "Titlingmes New Roman",
                "embedded": false,
                "encoding": "WinAnsiEncoding",
                "family_name": "Titlingmes New Roman",
                "font_type": "TrueType",
                "italic": false,
                "monospaced": false,
                "name": "TimesNewRoman",
                "subset": false,
                "weight": 400
            },
            "HasClip": false,
            "Page": 1,
            "Path": "//Document/L[3]/LI[2]/Lbl",
            "Text": "4. ",
            "TextSize": 13.220001220703125
        },
        {
            "Bounds": [
                144.47999572753906,
                105.26994323730469,
                553.9060516357422,
                327.81541442871094
            ],
            "Font": {
                "alt_family_name": "Titlingmes New Roman",
                "embedded": false,
                "encoding": "WinAnsiEncoding",
                "family_name": "Titlingmes New Roman",
                "font_type": "TrueType",
                "italic": false,
                "monospaced": false,
                "name": "TimesNewRoman",
                "subset": false,
                "weight": 400
            },
            "HasClip": false,
            "Page": 1,
            "Path": "//Document/L[3]/LI[2]/LBody",
            "Text": "The grievance of the Plaintiff in this suit is that a school named •Delhi Pubic International School/DPIS,• i.e., Defendant No.1 was started in Nagpur, Maharashtra and is run by Defendant No. 2 -Gaikwad-Patil Group of Institutions, as mentioned in the plaint, whose day-to-day affairs are managed and controlled by its Chairman and President, i.e., Defendant No. 3 -Mr. Mohan Gaikwad and Defendant No. 4 -Ms. Anjali Patil Gaikwad, respectively. The Defendant No.5 is one Mr. Vijay Kumar Uttam Bhai Pawar with whom Defendant Nos.2 to 4 claim to have executed an agreement to obtain rights to use the mark •DPIS• of the Delhi Public International School. ",
            "TextSize": 13.220001220703125
        },
        {
            "Bounds": [
                144.47999572753906,
                673.9546813964844,
                157.6999969482422,
                691.7355804443359
            ],
            "Font": {
                "alt_family_name": "Titlingmes New Roman",
                "embedded": false,
                "encoding": "WinAnsiEncoding",
                "family_name": "Titlingmes New Roman",
                "font_type": "TrueType",
                "italic": false,
                "monospaced": false,
                "name": "TimesNewRoman",
                "subset": false,
                "weight": 400
            },
            "HasClip": false,
            "Page": 2,
            "Path": "//Document/L[3]/LI[3]/Lbl",
            "Text": "5. ",
            "TextSize": 13.220001220703125
        },
        {
            "Bounds": [
                144.47999572753906,
                560.2891235351562,
                553.90869140625,
                691.7355804443359
            ],
            "Font": {
                "alt_family_name": "Titlingmes New Roman",
                "embedded": false,
                "encoding": "WinAnsiEncoding",
                "family_name": "Titlingmes New Roman",
                "font_type": "TrueType",
                "italic": false,
                "monospaced": false,
                "name": "TimesNewRoman",
                "subset": false,
                "weight": 400
            },
            "HasClip": false,
            "Page": 2,
            "Path": "//Document/L[3]/LI[3]/LBody/ParagraphSpan",
            "Text": "The case of the Plaintiff is that the use of the word/mark DPIS is violative of its mark DPS. Vide interim order dated 17th August, 2021an interim injunction was granted restraining the Defendants from using the mark •Delhi Public School•/•DPS• or any other mark which is identical or deceptively similar thereto, including the •DPIS• mark. The operative portion of the said order dated 17th August, 2021, is set out below: ",
            "TextSize": 13.220001220703125
        },
        {
            "Bounds": [
                197.7613525390625,
                112.85734558105469,
                494.8914337158203,
                555.0795593261719
            ],
            "Font": {
                "alt_family_name": "Titlingmes New Roman",
                "embedded": false,
                "encoding": "WinAnsiEncoding",
                "family_name": "Titlingmes New Roman",
                "font_type": "TrueType",
                "italic": true,
                "monospaced": false,
                "name": "TimesNewRoman,Italic",
                "subset": false,
                "weight": 400
            },
            "HasClip": false,
            "Page": 2,
            "Path": "//Document/L[3]/LI[3]/LBody/L/LI/LBody/ParagraphSpan",
            "Text": "•12. The Court thus finds a prima facie case in favour of the Plaintiff. They are a prior adopter, user and owner since 1948, and the prior registered proprietor of well-known trademarks 'Delhi Public School' and 'DPS'. The use of the impugned mark-'Delhi Public International School'/ 'DPIS' and the impugned logo, is deceptively similar to the mark of the Plaintiff-Society and is in breach/ violation of the decree passed by this Court against Mr. Pal. The adoption of the impugned marks is thus prima facie invalid. Besides, considering that parties are in the field of education, deliberate adoption by the Defendants of impugned trade marks and logo that are deceptively similar and/or identical to the Plaintiffs registered trade marks/names and logos can cause confusion in the minds of the parents, prospective students and staff desirous of securing admission or availing services, seeing the advertisements, promotional material, admission forms, boards/ hoardings, etc. They are bound to be misled into availing the services of the Defendant-School, under the belief that they are those of the Plaintiff-Society. Mr. Mittal has demonstrated that the Defendant-School has intentionally misrepresented itself to be in association with the Plaintiff-Society due to the prominence of 'Delhi Public School'. Further, the registered trade mark of Plaintiff-Society-'Delhi Public School'/ 'DPS' and the crest logo can be perceived by general public as indicative of the source of 'Delhi Public School' being the Plaintiff-Society. ",
            "TextSize": 13.220001220703125
        },
        {
            "Bounds": [
                197.75999450683594,
                658.8309936523438,
                494.78564453125,
                691.5240631103516
            ],
            "Font": {
                "alt_family_name": "Titlingmes New Roman",
                "embedded": false,
                "encoding": "WinAnsiEncoding",
                "family_name": "Titlingmes New Roman",
                "font_type": "TrueType",
                "italic": true,
                "monospaced": false,
                "name": "TimesNewRoman,Italic",
                "subset": false,
                "weight": 400
            },
            "HasClip": false,
            "Lang": "en",
            "Page": 3,
            "Path": "//Document/L[3]/LI[3]/LBody/L/LI/LBody/P",
            "Text": "Therefore, the Court considers it necessary to grant an interim injunction in favour of the Plaintiff-Society. ",
            "TextSize": 13.220001220703125,
            "attributes": {
                "LineHeight": 15.125,
                "SpaceAfter": 8.75
            }
        },
        {
            "Bounds": [
                197.75999450683594,
                634.9556732177734,
                217.6984100341797,
                652.5250549316406
            ],
            "Font": {
                "alt_family_name": "Titlingmes New Roman",
                "embedded": false,
                "encoding": "WinAnsiEncoding",
                "family_name": "Titlingmes New Roman",
                "font_type": "TrueType",
                "italic": true,
                "monospaced": false,
                "name": "TimesNewRoman,Italic",
                "subset": false,
                "weight": 400
            },
            "HasClip": false,
            "Page": 3,
            "Path": "//Document/L[3]/LI[3]/LBody/L/LI[2]/Lbl",
            "Text": "13. ",
            "TextSize": 13.220001220703125
        },
        {
            "Bounds": [
                197.75999450683594,
                331.6492156982422,
                494.8834686279297,
                652.5250549316406
            ],
            "Font": {
                "alt_family_name": "Titlingmes New Roman",
                "embedded": false,
                "encoding": "WinAnsiEncoding",
                "family_name": "Titlingmes New Roman",
                "font_type": "TrueType",
                "italic": true,
                "monospaced": false,
                "name": "TimesNewRoman,Italic",
                "subset": false,
                "weight": 400
            },
            "HasClip": false,
            "Page": 3,
            "Path": "//Document/L[3]/LI[3]/LBody/L/LI[2]/LBody",
            "Text": "The Defendants reliance upon orders passed in the suit in respect of the use of trade mark 'DPS World Foundation', is misplaced. Defendants have not noticed that, in the said suit, the Supreme Court subsequently in challenge against the order of the Division Bench of this Court, granted injunction in favour of the Plaintiff-Society, restraining the Defendants therein from using the mark-'Delhi Public School'/ 'DPS' or the logo. The said order was only clarified later to the extent that the Defendants therein were allowed to use the logo they sought to do so after deleting certain words. The balance of convenience also lies in favour of the Plaintiff-Society and in case the Defendants are not restrained by an ex-parte injunction, it is likely to cause an irreparable loss to the Plaintiff-Society. Accordingly, till the next date of hearing, the Defendants, their trustees, directors, managing committee members, office bearers, employees, delegates, representatives, assigns, associates, agents or anybody acting on their behalf, are restrained from: -",
            "TextSize": 13.220001220703125
        },
        {
            "Bounds": [
                200.63999938964844,
                249.95700073242188,
                494.4010009765625,
                541.5579986572266
            ],
            "HasClip": false,
            "Image": {
                "bits_per_component": 8,
                "colorspace": {
                    "Base": "DeviceGray",
                    "Name": "Indexed"
                },
                "data_length": 171808,
                "height": 413,
                "resolution_horizontal": 101.96043395996094,
                "resolution_vertical": 101.9749526977539,
                "width": 416
            },
            "Page": 2,
            "Path": "//Document/Watermark[3]"
        },
        {
            "Bounds": [
                200.63999938964844,
                249.95700073242188,
                494.4010009765625,
                541.5579986572266
            ],
            "HasClip": false,
            "Image": {
                "bits_per_component": 8,
                "colorspace": {
                    "Base": "DeviceGray",
                    "Name": "Indexed"
                },
                "data_length": 171808,
                "height": 413,
                "resolution_horizontal": 101.96043395996094,
                "resolution_vertical": 101.9749526977539,
                "width": 416
            },
            "Page": 3,
            "Path": "//Document/Watermark[4]"
        },
        {
            "Bounds": [
                197.75999450683594,
                301.40185546875,
                494.8742218017578,
                334.0949249267578
            ],
            "Font": {
                "alt_family_name": "Titlingmes New Roman",
                "embedded": false,
                "encoding": "WinAnsiEncoding",
                "family_name": "Titlingmes New Roman",
                "font_type": "TrueType",
                "italic": true,
                "monospaced": false,
                "name": "TimesNewRoman,Italic",
                "subset": false,
                "weight": 400
            },
            "HasClip": false,
            "Page": 3,
            "Path": "//Document/P[11]/ParagraphSpan",
            "Text": "(a) adopting, using and/ or dealing in any manner with the registered trademark of the Plaintiff-'Delhi Public ",
            "TextSize": 13.220001220703125
        },
        {
            "Bounds": [
                361.0820007324219,
                252.71800231933594,
                422.2850036621094,
                302.75999450683594
            ],
            "Page": 3,
            "Path": "//Document/P[11]/ParagraphSpan[2]/Figure",
            "attributes": {
                "BBox": [
                    361.0649999999878,
                    252.74199999999837,
                    422.26299999999173,
                    302.77999999999884
                ]
            }
        },
        {
            "Bounds": [
                197.75999450683594,
                157.69464111328125,
                494.8789520263672,
                302.75999450683594
            ],
            "Font": {
                "alt_family_name": "Titlingmes New Roman",
                "embedded": false,
                "encoding": "WinAnsiEncoding",
                "family_name": "Titlingmes New Roman",
                "font_type": "TrueType",
                "italic": true,
                "monospaced": false,
                "name": "TimesNewRoman,Italic",
                "subset": false,
                "weight": 400
            },
            "HasClip": false,
            "Page": 3,
            "Path": "//Document/P[11]/ParagraphSpan[2]",
            "Text": "School' and 'DPS' and logo or any other trademark that is identical or deceptively similar to the Plaintiffs aforenoted trademark amounting to infringement of the Plaintiffs said trade marks; (b) offering for sale, adopting, using and/or dealing in any manner with the registered trade mark of the Plaintiff-'Delhi Public School' and 'DPS' and logo [ ",
            "TextSize": 13.220001220703125
        },
        {
            "Bounds": [
                197.76100158691406,
                117.47599792480469,
                252.36199951171875,
                158.8780059814453
            ],
            "Page": 3,
            "Path": "//Document/Figure",
            "attributes": {
                "BBox": [
                    197.75199999999313,
                    117.50699999999779,
                    252.34999999999854,
                    158.9059999999954
                ],
                "Placement": "Block"
            }
        },
        {
            "Bounds": [
                252.36000061035156,
                113.43467712402344,
                494.88751220703125,
                131.00405883789062
            ],
            "Font": {
                "alt_family_name": "Titlingmes New Roman",
                "embedded": false,
                "encoding": "WinAnsiEncoding",
                "family_name": "Titlingmes New Roman",
                "font_type": "TrueType",
                "italic": true,
                "monospaced": false,
                "name": "TimesNewRoman,Italic",
                "subset": false,
                "weight": 400
            },
            "HasClip": false,
            "Lang": "en",
            "Page": 3,
            "Path": "//Document/P[12]",
            "Text": "] of the Plaintiff or any other trade mark ",
            "TextSize": 13.220001220703125,
            "attributes": {
                "LineHeight": 15.875,
                "SpaceAfter": 18,
                "TextAlign": "Center"
            }
        },
        {
            "Bounds": [
                200.63999938964844,
                249.95700073242188,
                494.4010009765625,
                541.5579986572266
            ],
            "HasClip": false,
            "Image": {
                "bits_per_component": 8,
                "colorspace": {
                    "Base": "DeviceGray",
                    "Name": "Indexed"
                },
                "data_length": 171808,
                "height": 413,
                "resolution_horizontal": 101.96043395996094,
                "resolution_vertical": 101.9749526977539,
                "width": 416
            },
            "Page": 4,
            "Path": "//Document/Watermark[5]"
        },
        {
            "Bounds": [
                197.75999450683594,
                613.2220001220703,
                494.878173828125,
                691.5240631103516
            ],
            "Font": {
                "alt_family_name": "Titlingmes New Roman",
                "embedded": false,
                "encoding": "WinAnsiEncoding",
                "family_name": "Titlingmes New Roman",
                "font_type": "TrueType",
                "italic": true,
                "monospaced": false,
                "name": "TimesNewRoman,Italic",
                "subset": false,
                "weight": 400
            },
            "HasClip": false,
            "Lang": "en",
            "Page": 4,
            "Path": "//Document/P[13]",
            "Text": "identical or deceptively similar to the Plaintiffs trade mark amounting to passing off the Plaintiffs said trademark and further restraining the Defendants from representing in any manner that they are connected with the Plaintiff; and ",
            "TextSize": 13.220001220703125,
            "attributes": {
                "LineHeight": 15.125,
                "TextAlign": "Justify"
            }
        },
        {
            "Bounds": [
                197.75999450683594,
                598.0983123779297,
                215.77479553222656,
                615.6676940917969
            ],
            "Font": {
                "alt_family_name": "Titlingmes New Roman",
                "embedded": false,
                "encoding": "WinAnsiEncoding",
                "family_name": "Titlingmes New Roman",
                "font_type": "TrueType",
                "italic": true,
                "monospaced": false,
                "name": "TimesNewRoman,Italic",
                "subset": false,
                "weight": 400
            },
            "HasClip": false,
            "Page": 4,
            "Path": "//Document/L[4]/LI/Lbl",
            "Text": "(c) ",
            "TextSize": 13.220001220703125
        },
        {
            "Bounds": [
                197.75999450683594,
                582.9746398925781,
                494.8372497558594,
                615.6676940917969
            ],
            "Font": {
                "alt_family_name": "Titlingmes New Roman",
                "embedded": false,
                "encoding": "WinAnsiEncoding",
                "family_name": "Titlingmes New Roman",
                "font_type": "TrueType",
                "italic": true,
                "monospaced": false,
                "name": "TimesNewRoman,Italic",
                "subset": false,
                "weight": 400
            },
            "HasClip": false,
            "Page": 4,
            "Path": "//Document/L[4]/LI/LBody",
            "Text": "using or dealing in any manner with the impugned trademark/ names 'Delhi Public International School' ",
            "TextSize": 13.220001220703125
        },
        {
            "Bounds": [
                197.75999450683594,
                532.0908660888672,
                308.21441650390625,
                549.6602325439453
            ],
            "Font": {
                "alt_family_name": "Titlingmes New Roman",
                "embedded": false,
                "encoding": "WinAnsiEncoding",
                "family_name": "Titlingmes New Roman",
                "font_type": "TrueType",
                "italic": true,
                "monospaced": false,
                "name": "TimesNewRoman,Italic",
                "subset": false,
                "weight": 400
            },
            "HasClip": false,
            "Lang": "en",
            "Page": 4,
            "Path": "//Document/H1[3]",
            "Text": "and 'DPIS' and logo ",
            "TextSize": 13.220001220703125,
            "attributes": {
                "LineHeight": 15.875,
                "SpaceAfter": 12
            }
        },
        {
            "Bounds": [
                308.1600036621094,
                532.1146850585938,
                369.6953125,
                584.156005859375
            ],
            "Page": 4,
            "Path": "//Document/Figure[2]",
            "attributes": {
                "BBox": [
                    308.1469999999972,
                    536.1699999999837,
                    366.3449999999866,
                    584.167999999976
                ],
                "Placement": "Block"
            }
        },
        {
            "Bounds": [
                144.47999572753906,
                501.8746795654297,
                157.6999969482422,
                519.6555786132812
            ],
            "Font": {
                "alt_family_name": "Titlingmes New Roman",
                "embedded": false,
                "encoding": "WinAnsiEncoding",
                "family_name": "Titlingmes New Roman",
                "font_type": "TrueType",
                "italic": false,
                "monospaced": false,
                "name": "TimesNewRoman",
                "subset": false,
                "weight": 400
            },
            "HasClip": false,
            "Page": 4,
            "Path": "//Document/L[5]/LI/Lbl",
            "Text": "6. ",
            "TextSize": 13.220001220703125
        },
        {
            "Bounds": [
                144.47999572753906,
                296.9911193847656,
                553.9126586914062,
                519.6555786132812
            ],
            "Font": {
                "alt_family_name": "Titlingmes New Roman",
                "embedded": false,
                "encoding": "WinAnsiEncoding",
                "family_name": "Titlingmes New Roman",
                "font_type": "TrueType",
                "italic": false,
                "monospaced": false,
                "name": "TimesNewRoman",
                "subset": false,
                "weight": 400
            },
            "HasClip": false,
            "Page": 4,
            "Path": "//Document/L[5]/LI/LBody/ParagraphSpan",
            "Text": "Subsequently, vide order dated 11th January, 2022, Defendant Nos. 2 to 4 agreed to suffer a partial decree, wherein, a permanent injunction was passed. Simultaneously, on the said date, it was recorded that the name of Defendant No. 2 -Gaikwad-Patil Group of Institutions was changed to •Semana Vidya Va Van Vikas Prashikshan Mandal• which is the actual trust which was running the school-Defendant no.1. It was also agreed that a decree be passed as Defendant No.1 school•s name • Delhi Public International School (as mentioned in the Plaint) has been changed to `Gaikwad-Patil Group of Institutions•. Paragraphs 5 and 6 of the said order dated 11th January, 2022 are set out below: ",
            "TextSize": 13.220001220703125
        },
        {
            "Bounds": [
                197.76004028320312,
                213.73545837402344,
                494.8702850341797,
                291.9185333251953
            ],
            "Font": {
                "alt_family_name": "Titlingmes New Roman",
                "embedded": false,
                "encoding": "WinAnsiEncoding",
                "family_name": "Titlingmes New Roman",
                "font_type": "TrueType",
                "italic": true,
                "monospaced": false,
                "name": "TimesNewRoman,Italic",
                "subset": false,
                "weight": 400
            },
            "HasClip": false,
            "Page": 4,
            "Path": "//Document/L[5]/LI/LBody/L/LI/LBody",
            "Text": "•5. On the strength of the aforenoted statement made by the counsel for Defendants No. 2, 3 & 4, Mr. Mittal prays that a partial decree to the extent of an injunction order, as prayed for, may be passed qua Defendants No. 2, 3 & 4. ",
            "TextSize": 13.220001220703125
        },
        {
            "Bounds": [
                197.76004028320312,
                198.4927978515625,
                211.08843994140625,
                216.0621795654297
            ],
            "Font": {
                "alt_family_name": "Titlingmes New Roman",
                "embedded": false,
                "encoding": "WinAnsiEncoding",
                "family_name": "Titlingmes New Roman",
                "font_type": "TrueType",
                "italic": true,
                "monospaced": false,
                "name": "TimesNewRoman,Italic",
                "subset": false,
                "weight": 400
            },
            "HasClip": false,
            "Page": 4,
            "Path": "//Document/L[5]/LI/LBody/L/LI[2]/Lbl",
            "Text": "6. ",
            "TextSize": 13.220001220703125
        },
        {
            "Bounds": [
                197.76004028320312,
                107.51275634765625,
                494.87689208984375,
                216.0621795654297
            ],
            "Font": {
                "alt_family_name": "Titlingmes New Roman",
                "embedded": false,
                "encoding": "WinAnsiEncoding",
                "family_name": "Titlingmes New Roman",
                "font_type": "TrueType",
                "italic": true,
                "monospaced": false,
                "name": "TimesNewRoman,Italic",
                "subset": false,
                "weight": 400
            },
            "HasClip": false,
            "Page": 4,
            "Path": "//Document/L[5]/LI/LBody/L/LI[2]/LBody/ParagraphSpan",
            "Text": "Mr. Rajat Malhotra, who appears on behalf of the said Defendants, clarifies that there is no entity by the name of •Gaikwad-Patil Group of Institutions•, arrayed as Defendant No. 2. He submits that Defendants No. 3 & 4 are in the management of a society under the name of •Semana Vidya Va Van Vikas Prashikshan Mandal•, which is a society ",
            "TextSize": 13.220001220703125
        },
        {
            "Bounds": [
                197.75999450683594,
                507.1182861328125,
                494.878173828125,
                691.5240631103516
            ],
            "Font": {
                "alt_family_name": "Titlingmes New Roman",
                "embedded": false,
                "encoding": "WinAnsiEncoding",
                "family_name": "Titlingmes New Roman",
                "font_type": "TrueType",
                "italic": true,
                "monospaced": false,
                "name": "TimesNewRoman,Italic",
                "subset": false,
                "weight": 400
            },
            "HasClip": false,
            "Page": 5,
            "Path": "//Document/L[5]/LI/LBody/L/LI[2]/LBody/ParagraphSpan[2]",
            "Text": "registered under the Societies Registration Act, 1860. He submits that in fact this Society was running the school under the name of •Delhi Public International School•, in Nagpur, pursuant to an agreement with Defendant No. 5. Mr. Malhotra further clarifies that as of now, on account of operation of the injunction order passed by this Court, the Defendant No. 1 school has renamed itself as •Gaikwad Patil International School•. Mr Malhotra submits that Defendant No. 5 is contesting the suit. He further states that Defendant No. 1 is not a legal entity and is only the name of the School. • ",
            "TextSize": 13.220001220703125
        },
        {
            "Bounds": [
                200.63999938964844,
                249.95700073242188,
                494.4010009765625,
                541.5579986572266
            ],
            "HasClip": false,
            "Image": {
                "bits_per_component": 8,
                "colorspace": {
                    "Base": "DeviceGray",
                    "Name": "Indexed"
                },
                "data_length": 171808,
                "height": 413,
                "resolution_horizontal": 101.96043395996094,
                "resolution_vertical": 101.9749526977539,
                "width": 416
            },
            "Page": 5,
            "Path": "//Document/Watermark[6]"
        },
        {
            "Bounds": [
                144.4833984375,
                469.2033233642578,
                157.70339965820312,
                486.9842224121094
            ],
            "Font": {
                "alt_family_name": "Titlingmes New Roman",
                "embedded": false,
                "encoding": "WinAnsiEncoding",
                "family_name": "Titlingmes New Roman",
                "font_type": "TrueType",
                "italic": false,
                "monospaced": false,
                "name": "TimesNewRoman",
                "subset": false,
                "weight": 400
            },
            "HasClip": false,
            "Page": 5,
            "Path": "//Document/L[6]/LI/Lbl",
            "Text": "7. ",
            "TextSize": 13.220001220703125
        },
        {
            "Bounds": [
                144.4741668701172,
                378.2701873779297,
                553.9676055908203,
                486.9842224121094
            ],
            "Font": {
                "alt_family_name": "Titlingmes New Roman",
                "embedded": false,
                "encoding": "WinAnsiEncoding",
                "family_name": "Titlingmes New Roman",
                "font_type": "TrueType",
                "italic": false,
                "monospaced": false,
                "name": "TimesNewRoman",
                "subset": false,
                "weight": 400
            },
            "HasClip": false,
            "Page": 5,
            "Path": "//Document/L[6]/LI/LBody",
            "Text": "Thus, the only surviving Defendant in the present suit is Defendant No. 5 -Mr. Vijay Kumar Uttam Bhai Pawar who is a resident of Gujarat. This Defendant has moved an application under Order VII Rule 10 and 11 CPC dated, 28th August 2021, seeking rejection of the plaint on the ground of lack of territorial jurisdiction. ",
            "TextSize": 13.220001220703125
        },
        {
            "Bounds": [
                144.4741668701172,
                355.58465576171875,
                157.69415283203125,
                373.3655548095703
            ],
            "Font": {
                "alt_family_name": "Titlingmes New Roman",
                "embedded": false,
                "encoding": "WinAnsiEncoding",
                "family_name": "Titlingmes New Roman",
                "font_type": "TrueType",
                "italic": false,
                "monospaced": false,
                "name": "TimesNewRoman",
                "subset": false,
                "weight": 400
            },
            "HasClip": false,
            "Page": 5,
            "Path": "//Document/L[6]/LI[2]/Lbl",
            "Text": "8. ",
            "TextSize": 13.220001220703125
        },
        {
            "Bounds": [
                144.4741668701172,
                150.93905639648438,
                553.9623413085938,
                373.3655548095703
            ],
            "Font": {
                "alt_family_name": "Titlingmes New Roman",
                "embedded": false,
                "encoding": "WinAnsiEncoding",
                "family_name": "Titlingmes New Roman",
                "font_type": "TrueType",
                "italic": false,
                "monospaced": false,
                "name": "TimesNewRoman",
                "subset": false,
                "weight": 400
            },
            "HasClip": false,
            "Page": 5,
            "Path": "//Document/L[6]/LI[2]/LBody/ParagraphSpan",
            "Text": "It is submitted by Mr. Rajshekhar Rao, ld. Sr. Counsel appearing for Defendant No. 5 that Defendant No.5 has filed a trademark application claiming an independent right in the mark •DPIS• and •Delhi Public School International School•. He, further, submits that in any event the school was located in Nagpur while Defendant No. 5 is based out of Gujarat. Thus, this Court has no territorial jurisdiction in the matter as per the settled legal position, as the Plaintiff/ Delhi Public School Society maintains 3 collaborative ventures, namely DPS, Kamatee Road, DPS, Mihan and DPS, Lava in Nagpur. To substantiate the legal position for territorial jurisdiction, he relies on the following three judgments: ",
            "TextSize": 13.220001220703125
        },
        {
            "Bounds": [
                178.31736755371094,
                128.1345672607422,
                188.64614868164062,
                145.91546630859375
            ],
            "Font": {
                "alt_family_name": "Titlingmes New Roman",
                "embedded": false,
                "encoding": "WinAnsiEncoding",
                "family_name": "Titlingmes New Roman",
                "font_type": "TrueType",
                "italic": false,
                "monospaced": false,
                "name": "TimesNewRoman",
                "subset": false,
                "weight": 400
            },
            "HasClip": false,
            "Page": 5,
            "Path": "//Document/L[6]/LI[2]/LBody/L/LI/Lbl",
            "Text": "i. ",
            "TextSize": 13.220001220703125
        },
        {
            "Bounds": [
                178.31736755371094,
                105.33006286621094,
                553.8843383789062,
                145.8229217529297
            ],
            "Font": {
                "alt_family_name": "Titlingmes New Roman",
                "embedded": false,
                "encoding": "WinAnsiEncoding",
                "family_name": "Titlingmes New Roman",
                "font_type": "TrueType",
                "italic": true,
                "monospaced": false,
                "name": "TimesNewRoman,BoldItalic",
                "subset": false,
                "weight": 700
            },
            "HasClip": false,
            "Page": 5,
            "Path": "//Document/L[6]/LI[2]/LBody/L/LI/LBody",
            "Text": "Indian Performing Rights Society Ltd. vs. Sanjay Dalia & Anr., [SLP(C) No.8253/2013, decision dated 1st July, 2015] ",
            "TextSize": 13.220001220703125
        },
        {
            "Bounds": [
                178.32000732421875,
                673.9546813964844,
                192.36756896972656,
                691.7355804443359
            ],
            "Font": {
                "alt_family_name": "Titlingmes New Roman",
                "embedded": false,
                "encoding": "WinAnsiEncoding",
                "family_name": "Titlingmes New Roman",
                "font_type": "TrueType",
                "italic": false,
                "monospaced": false,
                "name": "TimesNewRoman",
                "subset": false,
                "weight": 400
            },
            "HasClip": false,
            "Page": 6,
            "Path": "//Document/L[6]/LI[2]/LBody/L/LI[2]/Lbl",
            "Text": "ii. ",
            "TextSize": 13.220001220703125
        },
        {
            "Bounds": [
                212.2821807861328,
                673.9546813964844,
                535.7623596191406,
                691.7355804443359
            ],
            "Font": {
                "alt_family_name": "Titlingmes New Roman",
                "embedded": false,
                "encoding": "WinAnsiEncoding",
                "family_name": "Titlingmes New Roman",
                "font_type": "TrueType",
                "italic": true,
                "monospaced": false,
                "name": "TimesNewRoman,BoldItalic",
                "subset": false,
                "weight": 700
            },
            "HasClip": false,
            "Page": 6,
            "Path": "//Document/L[6]/LI[2]/LBody/L/LI[2]/LBody",
            "Text": "M/s Dhodha House vs. S.K. Maingi, AIR 2005 SC 730; and ",
            "TextSize": 13.220001220703125
        },
        {
            "Bounds": [
                178.32000732421875,
                651.2691650390625,
                196.08767700195312,
                669.0500640869141
            ],
            "Font": {
                "alt_family_name": "Titlingmes New Roman",
                "embedded": false,
                "encoding": "WinAnsiEncoding",
                "family_name": "Titlingmes New Roman",
                "font_type": "TrueType",
                "italic": false,
                "monospaced": false,
                "name": "TimesNewRoman",
                "subset": false,
                "weight": 400
            },
            "HasClip": false,
            "Page": 6,
            "Path": "//Document/L[6]/LI[2]/LBody/L/LI[3]/Lbl",
            "Text": "iii. ",
            "TextSize": 13.220001220703125
        },
        {
            "Bounds": [
                212.2821807861328,
                651.2691650390625,
                457.41139221191406,
                668.95751953125
            ],
            "Font": {
                "alt_family_name": "Titlingmes New Roman",
                "embedded": false,
                "encoding": "WinAnsiEncoding",
                "family_name": "Titlingmes New Roman",
                "font_type": "TrueType",
                "italic": true,
                "monospaced": false,
                "name": "TimesNewRoman,BoldItalic",
                "subset": false,
                "weight": 700
            },
            "HasClip": false,
            "Page": 6,
            "Path": "//Document/L[6]/LI[2]/LBody/L/LI[3]/LBody",
            "Text": "IPRS vs. Aditya Pandey, (2012) 50 PTC 460. ",
            "TextSize": 13.220001220703125
        },
        {
            "Bounds": [
                144.476806640625,
                628.4646606445312,
                157.69679260253906,
                646.2455596923828
            ],
            "Font": {
                "alt_family_name": "Titlingmes New Roman",
                "embedded": false,
                "encoding": "WinAnsiEncoding",
                "family_name": "Titlingmes New Roman",
                "font_type": "TrueType",
                "italic": false,
                "monospaced": false,
                "name": "TimesNewRoman",
                "subset": false,
                "weight": 400
            },
            "HasClip": false,
            "Page": 6,
            "Path": "//Document/L[6]/LI[3]/Lbl",
            "Text": "9. ",
            "TextSize": 13.220001220703125
        },
        {
            "Bounds": [
                144.476806640625,
                514.6801147460938,
                553.9120941162109,
                646.2455596923828
            ],
            "Font": {
                "alt_family_name": "Titlingmes New Roman",
                "embedded": false,
                "encoding": "WinAnsiEncoding",
                "family_name": "Titlingmes New Roman",
                "font_type": "TrueType",
                "italic": false,
                "monospaced": false,
                "name": "TimesNewRoman",
                "subset": false,
                "weight": 400
            },
            "HasClip": false,
            "Page": 6,
            "Path": "//Document/L[6]/LI[3]/LBody",
            "Text": "On the other hand, Mr. Puneet Mittal, ld. Senior Counsel appearing for the Plaintiff submits that no agreement was entered into between Defendant No.5 and the other Defendants Nos. 2 -4 and the same has also not been placed on record. There is also no trademark application with respect to Defendant No. 5•s claim to •DPIS/Delhi Public International School• mark placed on record. ",
            "TextSize": 13.220001220703125
        },
        {
            "Bounds": [
                144.476806640625,
                491.9945983886719,
                164.40330505371094,
                509.77549743652344
            ],
            "Font": {
                "alt_family_name": "Titlingmes New Roman",
                "embedded": false,
                "encoding": "WinAnsiEncoding",
                "family_name": "Titlingmes New Roman",
                "font_type": "TrueType",
                "italic": false,
                "monospaced": false,
                "name": "TimesNewRoman",
                "subset": false,
                "weight": 400
            },
            "HasClip": false,
            "Page": 6,
            "Path": "//Document/L[6]/LI[4]/Lbl",
            "Text": "10. ",
            "TextSize": 13.220001220703125
        },
        {
            "Bounds": [
                144.476806640625,
                446.50457763671875,
                553.9041595458984,
                509.77549743652344
            ],
            "Font": {
                "alt_family_name": "Titlingmes New Roman",
                "embedded": false,
                "encoding": "WinAnsiEncoding",
                "family_name": "Titlingmes New Roman",
                "font_type": "TrueType",
                "italic": false,
                "monospaced": false,
                "name": "TimesNewRoman",
                "subset": false,
                "weight": 400
            },
            "HasClip": false,
            "Page": 6,
            "Path": "//Document/L[6]/LI[4]/LBody",
            "Text": "In response, a copy of the said application which is stated to have been filed by the Plaintiff itself with its rejoinder has been handed over to the Court. The same is, however, not on record. ",
            "TextSize": 13.220001220703125
        },
        {
            "Bounds": [
                144.476806640625,
                423.7000732421875,
                164.40330505371094,
                441.4809875488281
            ],
            "Font": {
                "alt_family_name": "Titlingmes New Roman",
                "embedded": false,
                "encoding": "WinAnsiEncoding",
                "family_name": "Titlingmes New Roman",
                "font_type": "TrueType",
                "italic": false,
                "monospaced": false,
                "name": "TimesNewRoman",
                "subset": false,
                "weight": 400
            },
            "HasClip": false,
            "Page": 6,
            "Path": "//Document/L[6]/LI[5]/Lbl",
            "Text": "11. ",
            "TextSize": 13.220001220703125
        },
        {
            "Bounds": [
                144.476806640625,
                401.0145568847656,
                553.9134216308594,
                441.4809875488281
            ],
            "Font": {
                "alt_family_name": "Titlingmes New Roman",
                "embedded": false,
                "encoding": "WinAnsiEncoding",
                "family_name": "Titlingmes New Roman",
                "font_type": "TrueType",
                "italic": false,
                "monospaced": false,
                "name": "TimesNewRoman",
                "subset": false,
                "weight": 400
            },
            "HasClip": false,
            "Page": 6,
            "Path": "//Document/L[6]/LI[5]/LBody",
            "Text": "Thus, the issue now boils down to whether any cause of action survives against Defendant No.5. ",
            "TextSize": 13.220001220703125
        },
        {
            "Bounds": [
                144.476806640625,
                378.2100524902344,
                164.40330505371094,
                395.990966796875
            ],
            "Font": {
                "alt_family_name": "Titlingmes New Roman",
                "embedded": false,
                "encoding": "WinAnsiEncoding",
                "family_name": "Titlingmes New Roman",
                "font_type": "TrueType",
                "italic": false,
                "monospaced": false,
                "name": "TimesNewRoman",
                "subset": false,
                "weight": 400
            },
            "HasClip": false,
            "Page": 6,
            "Path": "//Document/L[6]/LI[6]/Lbl",
            "Text": "12. ",
            "TextSize": 13.220001220703125
        },
        {
            "Bounds": [
                144.476806640625,
                287.2300262451172,
                553.918701171875,
                395.990966796875
            ],
            "Font": {
                "alt_family_name": "Titlingmes New Roman",
                "embedded": false,
                "encoding": "WinAnsiEncoding",
                "family_name": "Titlingmes New Roman",
                "font_type": "TrueType",
                "italic": false,
                "monospaced": false,
                "name": "TimesNewRoman",
                "subset": false,
                "weight": 400
            },
            "HasClip": false,
            "Page": 6,
            "Path": "//Document/L[6]/LI[6]/LBody",
            "Text": "Considering the fact that Defendant No. 1, the school has already changed its name and that Defendant Nos. 3 & 4 the management of the said school have already suffered a decree before this Court the question as to whether any agreement between Defendant No. 5 and Defendant Nos. 2 to 4 exists/existed, would become academic in nature. ",
            "TextSize": 13.220001220703125
        },
        {
            "Bounds": [
                144.476806640625,
                264.54449462890625,
                164.40330505371094,
                282.3253936767578
            ],
            "Font": {
                "alt_family_name": "Titlingmes New Roman",
                "embedded": false,
                "encoding": "WinAnsiEncoding",
                "family_name": "Titlingmes New Roman",
                "font_type": "TrueType",
                "italic": false,
                "monospaced": false,
                "name": "TimesNewRoman",
                "subset": false,
                "weight": 400
            },
            "HasClip": false,
            "Page": 6,
            "Path": "//Document/L[6]/LI[7]/Lbl",
            "Text": "13. ",
            "TextSize": 13.220001220703125
        },
        {
            "Bounds": [
                144.476806640625,
                150.87893676757812,
                553.8988800048828,
                282.3253936767578
            ],
            "Font": {
                "alt_family_name": "Titlingmes New Roman",
                "embedded": false,
                "encoding": "WinAnsiEncoding",
                "family_name": "Titlingmes New Roman",
                "font_type": "TrueType",
                "italic": false,
                "monospaced": false,
                "name": "TimesNewRoman",
                "subset": false,
                "weight": 400
            },
            "HasClip": false,
            "Page": 6,
            "Path": "//Document/L[6]/LI[7]/LBody",
            "Text": "Insofar as Defendant No. 5•s application for Delhi Public International School, vide trademark application nos. 3447965 and 3447968 is concerned, the same are not the subject matter of the proceedings before this Court. However, the said applications that are stated to have been filed are currently pending and have been objected to by the Registrar as per the status shown to the Court. ",
            "TextSize": 13.220001220703125
        },
        {
            "Bounds": [
                144.476806640625,
                128.07443237304688,
                164.40330505371094,
                145.8553466796875
            ],
            "Font": {
                "alt_family_name": "Titlingmes New Roman",
                "embedded": false,
                "encoding": "WinAnsiEncoding",
                "family_name": "Titlingmes New Roman",
                "font_type": "TrueType",
                "italic": false,
                "monospaced": false,
                "name": "TimesNewRoman",
                "subset": false,
                "weight": 400
            },
            "HasClip": false,
            "Page": 6,
            "Path": "//Document/L[6]/LI[8]/Lbl",
            "Text": "14. ",
            "TextSize": 13.220001220703125
        },
        {
            "Bounds": [
                144.476806640625,
                105.26994323730469,
                553.9596862792969,
                145.8553466796875
            ],
            "Font": {
                "alt_family_name": "Titlingmes New Roman",
                "embedded": false,
                "encoding": "WinAnsiEncoding",
                "family_name": "Titlingmes New Roman",
                "font_type": "TrueType",
                "italic": false,
                "monospaced": false,
                "name": "TimesNewRoman",
                "subset": false,
                "weight": 400
            },
            "HasClip": false,
            "Page": 6,
            "Path": "//Document/L[6]/LI[8]/LBody",
            "Text": "Thus, the suit can be disposed of leaving the Plaintiff to avail its remedies, in accordance with the law qua the said trade mark applications. ",
            "TextSize": 13.220001220703125
        },
        {
            "Bounds": [
                200.63999938964844,
                249.95700073242188,
                494.4010009765625,
                541.5579986572266
            ],
            "HasClip": false,
            "Image": {
                "bits_per_component": 8,
                "colorspace": {
                    "Base": "DeviceGray",
                    "Name": "Indexed"
                },
                "data_length": 171808,
                "height": 413,
                "resolution_horizontal": 101.96043395996094,
                "resolution_vertical": 101.9749526977539,
                "width": 416
            },
            "Page": 6,
            "Path": "//Document/Watermark[7]"
        },
        {
            "Bounds": [
                200.63999938964844,
                249.95700073242188,
                494.4010009765625,
                541.5579986572266
            ],
            "HasClip": false,
            "Image": {
                "bits_per_component": 8,
                "colorspace": {
                    "Base": "DeviceGray",
                    "Name": "Indexed"
                },
                "data_length": 171808,
                "height": 413,
                "resolution_horizontal": 101.96043395996094,
                "resolution_vertical": 101.9749526977539,
                "width": 416
            },
            "Page": 7,
            "Path": "//Document/Watermark[8]"
        },
        {
            "Bounds": [
                144.47999572753906,
                628.4646606445312,
                553.9033966064453,
                691.7355804443359
            ],
            "Font": {
                "alt_family_name": "Titlingmes New Roman",
                "embedded": false,
                "encoding": "WinAnsiEncoding",
                "family_name": "Titlingmes New Roman",
                "font_type": "TrueType",
                "italic": false,
                "monospaced": false,
                "name": "TimesNewRoman",
                "subset": false,
                "weight": 400
            },
            "HasClip": false,
            "Lang": "en",
            "Page": 7,
            "Path": "//Document/P[14]",
            "Text": "The orders passed in the present suit would however, have no bearing on the adjudication of any objections or oppositions if filed by the Plaintiff against the abovementioned trademark applications of Defendant no.5. ",
            "TextSize": 13.220001220703125,
            "attributes": {
                "LineHeight": 22.75,
                "TextAlign": "Justify"
            }
        },
        {
            "Bounds": [
                144.47999572753906,
                605.66015625,
                164.40650939941406,
                623.4410552978516
            ],
            "Font": {
                "alt_family_name": "Titlingmes New Roman",
                "embedded": false,
                "encoding": "WinAnsiEncoding",
                "family_name": "Titlingmes New Roman",
                "font_type": "TrueType",
                "italic": false,
                "monospaced": false,
                "name": "TimesNewRoman",
                "subset": false,
                "weight": 400
            },
            "HasClip": false,
            "Page": 7,
            "Path": "//Document/L[7]/LI/Lbl",
            "Text": "15. ",
            "TextSize": 13.220001220703125
        },
        {
            "Bounds": [
                144.47999572753906,
                560.2891235351562,
                553.9060516357422,
                623.4410552978516
            ],
            "Font": {
                "alt_family_name": "Titlingmes New Roman",
                "embedded": false,
                "encoding": "WinAnsiEncoding",
                "family_name": "Titlingmes New Roman",
                "font_type": "TrueType",
                "italic": false,
                "monospaced": false,
                "name": "TimesNewRoman",
                "subset": false,
                "weight": 400
            },
            "HasClip": false,
            "Page": 7,
            "Path": "//Document/L[7]/LI/LBody",
            "Text": "If Defendant No. 5 establishes or causes to establish any school with the name •Delhi Public International School•/•DPIS•, the Plaintiff would be free to avail its remedies in accordance with the law. ",
            "TextSize": 13.220001220703125
        },
        {
            "Bounds": [
                144.47999572753906,
                537.484619140625,
                164.40650939941406,
                555.2655181884766
            ],
            "Font": {
                "alt_family_name": "Titlingmes New Roman",
                "embedded": false,
                "encoding": "WinAnsiEncoding",
                "family_name": "Titlingmes New Roman",
                "font_type": "TrueType",
                "italic": false,
                "monospaced": false,
                "name": "TimesNewRoman",
                "subset": false,
                "weight": 400
            },
            "HasClip": false,
            "Page": 7,
            "Path": "//Document/L[7]/LI[2]/Lbl",
            "Text": "16. ",
            "TextSize": 13.220001220703125
        },
        {
            "Bounds": [
                144.47999572753906,
                469.1900939941406,
                553.9589233398438,
                555.2655181884766
            ],
            "Font": {
                "alt_family_name": "Titlingmes New Roman",
                "embedded": false,
                "encoding": "WinAnsiEncoding",
                "family_name": "Titlingmes New Roman",
                "font_type": "TrueType",
                "italic": false,
                "monospaced": false,
                "name": "TimesNewRoman",
                "subset": false,
                "weight": 400
            },
            "HasClip": false,
            "Page": 7,
            "Path": "//Document/L[7]/LI[2]/LBody",
            "Text": "In the opinion of this Court, the suit no longer survives inasmuch as the main cause of action in this suit was qua the school being called •DPIS•/•Delhi Public International School• established in Nagpur, which has since changed its name. ",
            "TextSize": 13.220001220703125
        },
        {
            "Bounds": [
                144.47999572753906,
                446.50457763671875,
                164.40650939941406,
                464.2854766845703
            ],
            "Font": {
                "alt_family_name": "Titlingmes New Roman",
                "embedded": false,
                "encoding": "WinAnsiEncoding",
                "family_name": "Titlingmes New Roman",
                "font_type": "TrueType",
                "italic": false,
                "monospaced": false,
                "name": "TimesNewRoman",
                "subset": false,
                "weight": 400
            },
            "HasClip": false,
            "Page": 7,
            "Path": "//Document/L[7]/LI[3]/Lbl",
            "Text": "17. ",
            "TextSize": 13.220001220703125
        },
        {
            "Bounds": [
                144.47999572753906,
                355.5245361328125,
                553.8994445800781,
                464.2854766845703
            ],
            "Font": {
                "alt_family_name": "Titlingmes New Roman",
                "embedded": false,
                "encoding": "WinAnsiEncoding",
                "family_name": "Titlingmes New Roman",
                "font_type": "TrueType",
                "italic": false,
                "monospaced": false,
                "name": "TimesNewRoman",
                "subset": false,
                "weight": 400
            },
            "HasClip": false,
            "Page": 7,
            "Path": "//Document/L[7]/LI[3]/LBody",
            "Text": "The Court has not expressed any opinion as to the dispute between Plaintiff and Defendant No. 5. The orders passed by this Court in the present suit would not have any bearing on the merits of any dispute which may arise between the Plaintiff and Defendant No.5. All objections and contentions of both the Plaintiff and Defendant No.5 are left open. ",
            "TextSize": 13.220001220703125
        },
        {
            "Bounds": [
                144.47999572753906,
                332.8390197753906,
                164.40650939941406,
                350.6199188232422
            ],
            "Font": {
                "alt_family_name": "Titlingmes New Roman",
                "embedded": false,
                "encoding": "WinAnsiEncoding",
                "family_name": "Titlingmes New Roman",
                "font_type": "TrueType",
                "italic": false,
                "monospaced": false,
                "name": "TimesNewRoman",
                "subset": false,
                "weight": 400
            },
            "HasClip": false,
            "Page": 7,
            "Path": "//Document/L[7]/LI[4]/Lbl",
            "Text": "18. ",
            "TextSize": 13.220001220703125
        },
        {
            "Bounds": [
                144.47999572753906,
                310.0345153808594,
                553.8809356689453,
                350.6199188232422
            ],
            "Font": {
                "alt_family_name": "Titlingmes New Roman",
                "embedded": false,
                "encoding": "WinAnsiEncoding",
                "family_name": "Titlingmes New Roman",
                "font_type": "TrueType",
                "italic": false,
                "monospaced": false,
                "name": "TimesNewRoman",
                "subset": false,
                "weight": 400
            },
            "HasClip": false,
            "Page": 7,
            "Path": "//Document/L[7]/LI[4]/LBody",
            "Text": "The suit is disposed of in these terms. All pending applications are disposed of. ",
            "TextSize": 13.220001220703125
        },
        {
            "Bounds": [
                416.1642150878906,
                271.84193420410156,
                553.8108520507812,
                290.1119842529297
            ],
            "Font": {
                "alt_family_name": "Titlingmes New Roman",
                "embedded": false,
                "encoding": "WinAnsiEncoding",
                "family_name": "Titlingmes New Roman",
                "font_type": "TrueType",
                "italic": false,
                "monospaced": false,
                "name": "TimesNewRoman,Bold",
                "subset": false,
                "weight": 700
            },
            "HasClip": false,
            "Page": 7,
            "Path": "//Document/P[15]/Sub",
            "Text": "PRATHIBA M. SINGH ",
            "TextSize": 13.220001220703125,
            "attributes": {
                "Placement": "Block"
            }
        },
        {
            "Bounds": [
                460.80816650390625,
                256.71826171875,
                508.80479431152344,
                274.98829650878906
            ],
            "Font": {
                "alt_family_name": "Titlingmes New Roman",
                "embedded": false,
                "encoding": "WinAnsiEncoding",
                "family_name": "Titlingmes New Roman",
                "font_type": "TrueType",
                "italic": false,
                "monospaced": false,
                "name": "TimesNewRoman,Bold",
                "subset": false,
                "weight": 700
            },
            "HasClip": false,
            "Page": 7,
            "Path": "//Document/P[15]/Sub[2]",
            "Text": "JUDGE ",
            "TextSize": 13.220001220703125,
            "attributes": {
                "Placement": "Block"
            }
        },
        {
            "Bounds": [
                144.49322509765625,
                241.59457397460938,
                231.6817626953125,
                259.8646240234375
            ],
            "Font": {
                "alt_family_name": "Titlingmes New Roman",
                "embedded": false,
                "encoding": "WinAnsiEncoding",
                "family_name": "Titlingmes New Roman",
                "font_type": "TrueType",
                "italic": false,
                "monospaced": false,
                "name": "TimesNewRoman,Bold",
                "subset": false,
                "weight": 700
            },
            "HasClip": false,
            "Page": 7,
            "Path": "//Document/P[16]/Sub",
            "Text": "JULY 27, 2022 ",
            "TextSize": 13.220001220703125,
            "attributes": {
                "Placement": "Block"
            }
        },
        {
            "Bounds": [
                144.49322509765625,
                226.62954711914062,
                172.0186767578125,
                244.19891357421875
            ],
            "Font": {
                "alt_family_name": "Titlingmes New Roman",
                "embedded": false,
                "encoding": "WinAnsiEncoding",
                "family_name": "Titlingmes New Roman",
                "font_type": "TrueType",
                "italic": true,
                "monospaced": false,
                "name": "TimesNewRoman,Italic",
                "subset": false,
                "weight": 400
            },
            "HasClip": false,
            "Page": 7,
            "Path": "//Document/P[16]/Sub[2]",
            "Text": "dj/sr ",
            "TextSize": 13.220001220703125,
            "attributes": {
                "Placement": "Block"
            }
        }
    ],
    "pages": [
        {
            "boxes": {
                "CropBox": [
                    0.0,
                    0.0,
                    612.0,
                    792.0
                ],
                "MediaBox": [
                    0.0,
                    0.0,
                    612.0,
                    792.0
                ]
            },
            "height": 792.0,
            "is_scanned": false,
            "page_number": 0,
            "rotation": 0,
            "width": 612.0
        },
        {
            "boxes": {
                "CropBox": [
                    0.0,
                    0.0,
                    612.0,
                    792.0
                ],
                "MediaBox": [
                    0.0,
                    0.0,
                    612.0,
                    792.0
                ]
            },
            "height": 792.0,
            "is_scanned": false,
            "page_number": 1,
            "rotation": 0,
            "width": 612.0
        },
        {
            "boxes": {
                "CropBox": [
                    0.0,
                    0.0,
                    612.0,
                    792.0
                ],
                "MediaBox": [
                    0.0,
                    0.0,
                    612.0,
                    792.0
                ]
            },
            "height": 792.0,
            "is_scanned": false,
            "page_number": 2,
            "rotation": 0,
            "width": 612.0
        },
        {
            "boxes": {
                "CropBox": [
                    0.0,
                    0.0,
                    612.0,
                    792.0
                ],
                "MediaBox": [
                    0.0,
                    0.0,
                    612.0,
                    792.0
                ]
            },
            "height": 792.0,
            "is_scanned": false,
            "page_number": 3,
            "rotation": 0,
            "width": 612.0
        },
        {
            "boxes": {
                "CropBox": [
                    0.0,
                    0.0,
                    612.0,
                    792.0
                ],
                "MediaBox": [
                    0.0,
                    0.0,
                    612.0,
                    792.0
                ]
            },
            "height": 792.0,
            "is_scanned": false,
            "page_number": 4,
            "rotation": 0,
            "width": 612.0
        },
        {
            "boxes": {
                "CropBox": [
                    0.0,
                    0.0,
                    612.0,
                    792.0
                ],
                "MediaBox": [
                    0.0,
                    0.0,
                    612.0,
                    792.0
                ]
            },
            "height": 792.0,
            "is_scanned": false,
            "page_number": 5,
            "rotation": 0,
            "width": 612.0
        },
        {
            "boxes": {
                "CropBox": [
                    0.0,
                    0.0,
                    612.0,
                    792.0
                ],
                "MediaBox": [
                    0.0,
                    0.0,
                    612.0,
                    792.0
                ]
            },
            "height": 792.0,
            "is_scanned": false,
            "page_number": 6,
            "rotation": 0,
            "width": 612.0
        },
        {
            "boxes": {
                "CropBox": [
                    0.0,
                    0.0,
                    612.0,
                    792.0
                ],
                "MediaBox": [
                    0.0,
                    0.0,
                    612.0,
                    792.0
                ]
            },
            "height": 792.0,
            "is_scanned": false,
            "page_number": 7,
            "rotation": 0,
            "width": 612.0
        }
    ]
}