{
    "version": {
        "json_export": "184",
        "page_segmentation": "5",
        "schema": "1.1.0",
        "structure": "1.1006.0",
        "table_structure": "5"
    },
    "extended_metadata": {
        "ID_instance": "46 39 20 30 46 20 46 41 20 30 46 20 34 43 20 46 42 20 32 43 20 42 31 20 46 43 20 39 30 20 45 33 20 42 35 20 37 43 20 41 35 20 36 32 20 45 42 20 ",
        "ID_permanent": "45 37 20 46 34 20 32 30 20 30 41 20 38 43 20 42 35 20 42 32 20 31 31 20 30 41 20 30 30 20 36 37 20 34 35 20 38 42 20 36 42 20 43 36 20 32 33 20 ",
        "pdf_version": "1.6",
        "pdfa_compliance_level": "",
        "is_encrypted": false,
        "has_acroform": true,
        "is_digitally_signed": true,
        "pdfua_compliance_level": "",
        "page_count": 7,
        "has_embedded_files": false,
        "is_certified": false,
        "is_XFA": false,
        "language": "en-IN"
    },
    "elements": [
        {
            "Bounds": [
                187.89999389648438,
                265.97999572753906,
                499.8999938964844,
                575.7299957275391
            ],
            "ClipBounds": [
                187.89999389648438,
                265.97999572753906,
                499.8999938964844,
                575.7299957275391
            ],
            "HasClip": true,
            "Image": {
                "bits_per_component": 8,
                "colorspace": {
                    "Name": "DeviceRGB"
                },
                "data_length": 2061696,
                "height": 826,
                "resolution_horizontal": 192.0,
                "resolution_vertical": 192.0,
                "width": 832
            },
            "Page": 0,
            "Path": "//Document/Watermark"
        },
        {
            "Bounds": [
                130.5800018310547,
                717.54736328125,
                194.66000366210938,
                730.3097229003906
            ],
            "ClipBounds": [
                130.5800018310547,
                717.54736328125,
                194.66000366210938,
                730.3097229003906
            ],
            "Font": {
                "alt_family_name": "Titlingmes New Roman PSMT",
                "embedded": false,
                "encoding": "WinAnsiEncoding",
                "family_name": "Titlingmes New Roman PSMT",
                "font_type": "TrueType",
                "italic": false,
                "monospaced": false,
                "name": "TimesNewRomanPSMT",
                "subset": false,
                "weight": 400
            },
            "HasClip": true,
            "Lang": "en",
            "Page": 0,
            "Path": "//Document/P",
            "Text": "$~20 & 21 ",
            "TextSize": 14.039993286132812,
            "attributes": {
                "LineHeight": 16.875
            }
        },
        {
            "Bounds": [
                130.5800018310547,
                701.4673614501953,
                522.5490264892578,
                714.2297210693359
            ],
            "ClipBounds": [
                130.5800018310547,
                701.4673614501953,
                522.5490264892578,
                714.2297210693359
            ],
            "Font": {
                "alt_family_name": "Titlingmes New Roman PS",
                "embedded": false,
                "encoding": "WinAnsiEncoding",
                "family_name": "Titlingmes New Roman PS",
                "font_type": "TrueType",
                "italic": false,
                "monospaced": false,
                "name": "TimesNewRomanPS-BoldMT",
                "subset": false,
                "weight": 700
            },
            "HasClip": true,
            "Lang": "en",
            "Page": 0,
            "Path": "//Document/P[2]",
            "Text": "* IN THE  HIGH  COURT  OF DELHI  AT  NEW  DELHI ",
            "TextSize": 14.039993286132812,
            "attributes": {
                "LineHeight": 16.875,
                "SpaceAfter": 15.375
            }
        },
        {
            "Bounds": [
                130.5800018310547,
                669.3073577880859,
                145.78521728515625,
                682.0837554931641
            ],
            "ClipBounds": [
                130.5800018310547,
                669.3073577880859,
                145.78521728515625,
                682.0837554931641
            ],
            "Font": {
                "alt_family_name": "Titlingmes New Roman PS",
                "embedded": false,
                "encoding": "WinAnsiEncoding",
                "family_name": "Titlingmes New Roman PS",
                "font_type": "TrueType",
                "italic": true,
                "monospaced": false,
                "name": "TimesNewRomanPS-ItalicMT",
                "subset": false,
                "weight": 400
            },
            "HasClip": true,
            "Lang": "en",
            "Page": 0,
            "Path": "//Document/P[3]",
            "Text": "% ",
            "TextSize": 14.039993286132812,
            "attributes": {
                "LineHeight": 16.875
            }
        },
        {
            "Bounds": [
                346.6300048828125,
                669.3073577880859,
                548.9636383056641,
                683.6260070800781
            ],
            "ClipBounds": [
                346.6300048828125,
                669.3073577880859,
                548.9636383056641,
                683.6260070800781
            ],
            "Font": {
                "alt_family_name": "Titlingmes New Roman PS",
                "embedded": false,
                "encoding": "WinAnsiEncoding",
                "family_name": "Titlingmes New Roman PS",
                "font_type": "TrueType",
                "italic": true,
                "monospaced": false,
                "name": "TimesNewRomanPS-ItalicMT",
                "subset": false,
                "weight": 400
            },
            "HasClip": true,
            "Lang": "en",
            "Page": 0,
            "Path": "//Document/P[4]",
            "Text": "Date of Decision:02nd August, 2022 ",
            "TextSize": 14.039993286132812,
            "attributes": {
                "LineHeight": 16.875,
                "SpaceAfter": 15.375,
                "TextAlign": "End"
            }
        },
        {
            "Bounds": [
                130.5800018310547,
                637.0273590087891,
                142.0084991455078,
                649.7897186279297
            ],
            "ClipBounds": [
                130.5800018310547,
                637.0273590087891,
                142.0084991455078,
                649.7897186279297
            ],
            "Font": {
                "alt_family_name": "Titlingmes",
                "embedded": true,
                "encoding": "WinAnsiEncoding",
                "family_name": "Titlingmes",
                "font_type": "TrueType",
                "italic": false,
                "monospaced": false,
                "name": "BCDEEE+Times",
                "subset": true,
                "weight": 400
            },
            "HasClip": true,
            "Page": 0,
            "Path": "//Document/L/LI/Lbl",
            "Text": "+ ",
            "TextSize": 14.039993286132812
        },
        {
            "Bounds": [
                166.61000061035156,
                637.0273590087891,
                454.42335510253906,
                649.7897186279297
            ],
            "ClipBounds": [
                166.61000061035156,
                637.0273590087891,
                454.42335510253906,
                649.7897186279297
            ],
            "Font": {
                "alt_family_name": "Titlingmes",
                "embedded": true,
                "encoding": "WinAnsiEncoding",
                "family_name": "Titlingmes",
                "font_type": "TrueType",
                "italic": false,
                "monospaced": false,
                "name": "BCDEEE+Times",
                "subset": true,
                "weight": 400
            },
            "HasClip": true,
            "Page": 0,
            "Path": "//Document/L/LI/LBody/ParagraphSpan",
            "Text": "C.A.(COMM.IPD-TM) 84/2022 & I.A. 4330/2022 ",
            "TextSize": 14.039993286132812
        },
        {
            "Bounds": [
                166.61000061035156,
                604.8673553466797,
                339.6389617919922,
                617.6297149658203
            ],
            "ClipBounds": [
                166.61000061035156,
                604.8673553466797,
                339.6389617919922,
                617.6297149658203
            ],
            "Font": {
                "alt_family_name": "Titlingmes",
                "embedded": true,
                "encoding": "WinAnsiEncoding",
                "family_name": "Titlingmes",
                "font_type": "TrueType",
                "italic": false,
                "monospaced": false,
                "name": "BCDEEE+Times",
                "subset": true,
                "weight": 400
            },
            "HasClip": true,
            "Lang": "en",
            "Page": 0,
            "Path": "//Document/L/LI/LBody/P",
            "Text": "KEI INDUSTRIES LIMITED ",
            "TextSize": 14.039993286132812,
            "attributes": {
                "LineHeight": 16.875
            }
        },
        {
            "Bounds": [
                454.6600036621094,
                604.8673553466797,
                534.3791198730469,
                617.6297149658203
            ],
            "ClipBounds": [
                454.6600036621094,
                604.8673553466797,
                534.3791198730469,
                617.6297149658203
            ],
            "Font": {
                "alt_family_name": "Titlingmes",
                "embedded": true,
                "encoding": "WinAnsiEncoding",
                "family_name": "Titlingmes",
                "font_type": "TrueType",
                "italic": false,
                "monospaced": false,
                "name": "BCDEEE+Times",
                "subset": true,
                "weight": 400
            },
            "HasClip": true,
            "Lang": "en",
            "Page": 0,
            "Path": "//Document/L/LI/LBody/P[2]",
            "Text": "..... Appellant ",
            "TextSize": 14.039993286132812,
            "attributes": {
                "LineHeight": 16.875
            }
        },
        {
            "Bounds": [
                274.6300048828125,
                572.6773529052734,
                560.8101959228516,
                601.5497131347656
            ],
            "ClipBounds": [
                274.6300048828125,
                572.6773529052734,
                560.8101959228516,
                601.5497131347656
            ],
            "Font": {
                "alt_family_name": "Titlingmes",
                "embedded": true,
                "encoding": "WinAnsiEncoding",
                "family_name": "Titlingmes",
                "font_type": "TrueType",
                "italic": false,
                "monospaced": false,
                "name": "BCDEEE+Times",
                "subset": true,
                "weight": 400
            },
            "HasClip": true,
            "Lang": "en",
            "Page": 0,
            "Path": "//Document/L/LI/LBody/P[3]",
            "Text": "Through: Mr. Pallav Palit and Ms. Shreya Bhojnagarwala, Advocates. ",
            "TextSize": 14.039993286132812,
            "attributes": {
                "LineHeight": 16.125,
                "SpaceAfter": 8.5
            }
        },
        {
            "Bounds": [
                274.6300048828125,
                547.3573608398438,
                313.9280700683594,
                560.1197204589844
            ],
            "ClipBounds": [
                274.6300048828125,
                547.3573608398438,
                313.9280700683594,
                560.1197204589844
            ],
            "Font": {
                "alt_family_name": "Titlingmes",
                "embedded": true,
                "encoding": "WinAnsiEncoding",
                "family_name": "Titlingmes",
                "font_type": "TrueType",
                "italic": false,
                "monospaced": false,
                "name": "BCDEEE+Times",
                "subset": true,
                "weight": 400
            },
            "HasClip": true,
            "Lang": "en",
            "Page": 0,
            "Path": "//Document/L/LI/LBody/P[4]",
            "Text": "versus ",
            "TextSize": 14.039993286132812,
            "attributes": {
                "LineHeight": 16.875,
                "SpaceAfter": 7.25
            }
        },
        {
            "Bounds": [
                166.61000061035156,
                523.2373657226562,
                403.4507598876953,
                535.9997253417969
            ],
            "ClipBounds": [
                166.61000061035156,
                523.2373657226562,
                403.4507598876953,
                535.9997253417969
            ],
            "Font": {
                "alt_family_name": "Titlingmes",
                "embedded": true,
                "encoding": "WinAnsiEncoding",
                "family_name": "Titlingmes",
                "font_type": "TrueType",
                "italic": false,
                "monospaced": false,
                "name": "BCDEEE+Times",
                "subset": true,
                "weight": 400
            },
            "HasClip": true,
            "Lang": "en",
            "Page": 0,
            "Path": "//Document/L/LI/LBody/P[5]",
            "Text": "THE REGISTRAR OF TRADE MARKS ",
            "TextSize": 14.039993286132812,
            "attributes": {
                "LineHeight": 16.875,
                "TextAlign": "Center"
            }
        },
        {
            "Bounds": [
                454.6600036621094,
                523.2373657226562,
                545.3162841796875,
                535.9997253417969
            ],
            "ClipBounds": [
                454.6600036621094,
                523.2373657226562,
                545.3162841796875,
                535.9997253417969
            ],
            "Font": {
                "alt_family_name": "Titlingmes",
                "embedded": true,
                "encoding": "WinAnsiEncoding",
                "family_name": "Titlingmes",
                "font_type": "TrueType",
                "italic": false,
                "monospaced": false,
                "name": "BCDEEE+Times",
                "subset": true,
                "weight": 400
            },
            "HasClip": true,
            "Lang": "en",
            "Page": 0,
            "Path": "//Document/L/LI/LBody/P[6]",
            "Text": "..... Respondent ",
            "TextSize": 14.039993286132812,
            "attributes": {
                "LineHeight": 16.875,
                "TextAlign": "End"
            }
        },
        {
            "Bounds": [
                274.6300048828125,
                458.79736328125,
                561.0286254882812,
                519.7997131347656
            ],
            "ClipBounds": [
                274.6300048828125,
                458.79736328125,
                561.0286254882812,
                519.7997131347656
            ],
            "Font": {
                "alt_family_name": "Titlingmes",
                "embedded": true,
                "encoding": "WinAnsiEncoding",
                "family_name": "Titlingmes",
                "font_type": "TrueType",
                "italic": false,
                "monospaced": false,
                "name": "BCDEEE+Times",
                "subset": true,
                "weight": 400
            },
            "HasClip": true,
            "Lang": "en",
            "Page": 0,
            "Path": "//Document/L/LI/LBody/P[7]",
            "Text": "Through: Mr. Harish Vaidyanathan Shankar, Central Government Standing Counsel with Mr. Srish Kumar Mishra, Mr. Sagar Mehlawat and Mr. Alexander Mathai Paikaday, Advocates. ",
            "TextSize": 14.039993286132812,
            "attributes": {
                "LineHeight": 16.125,
                "SpaceAfter": 15.375,
                "TextAlign": "Justify"
            }
        },
        {
            "Bounds": [
                130.5800018310547,
                426.6373596191406,
                142.0084991455078,
                439.39971923828125
            ],
            "ClipBounds": [
                130.5800018310547,
                426.6373596191406,
                142.0084991455078,
                439.39971923828125
            ],
            "Font": {
                "alt_family_name": "Titlingmes",
                "embedded": true,
                "encoding": "WinAnsiEncoding",
                "family_name": "Titlingmes",
                "font_type": "TrueType",
                "italic": false,
                "monospaced": false,
                "name": "BCDEEE+Times",
                "subset": true,
                "weight": 400
            },
            "HasClip": true,
            "Page": 0,
            "Path": "//Document/L/LI[2]/Lbl",
            "Text": "+ ",
            "TextSize": 14.039993286132812
        },
        {
            "Bounds": [
                166.61000061035156,
                426.6373596191406,
                454.42335510253906,
                439.39971923828125
            ],
            "ClipBounds": [
                166.61000061035156,
                426.6373596191406,
                454.42335510253906,
                439.39971923828125
            ],
            "Font": {
                "alt_family_name": "Titlingmes",
                "embedded": true,
                "encoding": "WinAnsiEncoding",
                "family_name": "Titlingmes",
                "font_type": "TrueType",
                "italic": false,
                "monospaced": false,
                "name": "BCDEEE+Times",
                "subset": true,
                "weight": 400
            },
            "HasClip": true,
            "Page": 0,
            "Path": "//Document/L/LI[2]/LBody",
            "Text": "C.A.(COMM.IPD-TM) 85/2022 & I.A. 4331/2022 ",
            "TextSize": 14.039993286132812
        },
        {
            "Bounds": [
                166.61000061035156,
                394.3373565673828,
                339.6389617919922,
                407.09971618652344
            ],
            "ClipBounds": [
                166.61000061035156,
                394.3373565673828,
                339.6389617919922,
                407.09971618652344
            ],
            "Font": {
                "alt_family_name": "Titlingmes",
                "embedded": true,
                "encoding": "WinAnsiEncoding",
                "family_name": "Titlingmes",
                "font_type": "TrueType",
                "italic": false,
                "monospaced": false,
                "name": "BCDEEE+Times",
                "subset": true,
                "weight": 400
            },
            "HasClip": true,
            "Lang": "en",
            "Page": 0,
            "Path": "//Document/P[5]",
            "Text": "KEI INDUSTRIES LIMITED ",
            "TextSize": 14.039993286132812,
            "attributes": {
                "LineHeight": 16.875
            }
        },
        {
            "Bounds": [
                454.6600036621094,
                394.3373565673828,
                534.3791198730469,
                407.09971618652344
            ],
            "ClipBounds": [
                454.6600036621094,
                394.3373565673828,
                534.3791198730469,
                407.09971618652344
            ],
            "Font": {
                "alt_family_name": "Titlingmes",
                "embedded": true,
                "encoding": "WinAnsiEncoding",
                "family_name": "Titlingmes",
                "font_type": "TrueType",
                "italic": false,
                "monospaced": false,
                "name": "BCDEEE+Times",
                "subset": true,
                "weight": 400
            },
            "HasClip": true,
            "Lang": "en",
            "Page": 0,
            "Path": "//Document/P[6]",
            "Text": "..... Appellant ",
            "TextSize": 14.039993286132812,
            "attributes": {
                "LineHeight": 16.875
            }
        },
        {
            "Bounds": [
                274.6300048828125,
                362.17735290527344,
                560.8101959228516,
                391.01971435546875
            ],
            "ClipBounds": [
                274.6300048828125,
                362.17735290527344,
                560.8101959228516,
                391.01971435546875
            ],
            "Font": {
                "alt_family_name": "Titlingmes",
                "embedded": true,
                "encoding": "WinAnsiEncoding",
                "family_name": "Titlingmes",
                "font_type": "TrueType",
                "italic": false,
                "monospaced": false,
                "name": "BCDEEE+Times",
                "subset": true,
                "weight": 400
            },
            "HasClip": true,
            "Lang": "en",
            "Page": 0,
            "Path": "//Document/P[7]",
            "Text": "Through: Mr. Pallav Palit and Ms. Shreya Bhojnagarwala, Advocates. ",
            "TextSize": 14.039993286132812,
            "attributes": {
                "LineHeight": 16.125,
                "SpaceAfter": 7.25
            }
        },
        {
            "Bounds": [
                274.6300048828125,
                338.05735778808594,
                313.9280700683594,
                350.81971740722656
            ],
            "ClipBounds": [
                274.6300048828125,
                338.05735778808594,
                313.9280700683594,
                350.81971740722656
            ],
            "Font": {
                "alt_family_name": "Titlingmes",
                "embedded": true,
                "encoding": "WinAnsiEncoding",
                "family_name": "Titlingmes",
                "font_type": "TrueType",
                "italic": false,
                "monospaced": false,
                "name": "BCDEEE+Times",
                "subset": true,
                "weight": 400
            },
            "HasClip": true,
            "Lang": "en",
            "Page": 0,
            "Path": "//Document/P[8]",
            "Text": "versus ",
            "TextSize": 14.039993286132812,
            "attributes": {
                "LineHeight": 16.875,
                "SpaceAfter": 7.25
            }
        },
        {
            "Bounds": [
                166.61000061035156,
                313.93736267089844,
                403.4507598876953,
                326.69972229003906
            ],
            "ClipBounds": [
                166.61000061035156,
                313.93736267089844,
                403.4507598876953,
                326.69972229003906
            ],
            "Font": {
                "alt_family_name": "Titlingmes",
                "embedded": true,
                "encoding": "WinAnsiEncoding",
                "family_name": "Titlingmes",
                "font_type": "TrueType",
                "italic": false,
                "monospaced": false,
                "name": "BCDEEE+Times",
                "subset": true,
                "weight": 400
            },
            "HasClip": true,
            "Lang": "en",
            "Page": 0,
            "Path": "//Document/P[9]",
            "Text": "THE REGISTRAR OF TRADE MARKS ",
            "TextSize": 14.039993286132812,
            "attributes": {
                "LineHeight": 16.875
            }
        },
        {
            "Bounds": [
                454.6600036621094,
                313.93736267089844,
                545.3162841796875,
                326.69972229003906
            ],
            "ClipBounds": [
                454.6600036621094,
                313.93736267089844,
                545.3162841796875,
                326.69972229003906
            ],
            "Font": {
                "alt_family_name": "Titlingmes",
                "embedded": true,
                "encoding": "WinAnsiEncoding",
                "family_name": "Titlingmes",
                "font_type": "TrueType",
                "italic": false,
                "monospaced": false,
                "name": "BCDEEE+Times",
                "subset": true,
                "weight": 400
            },
            "HasClip": true,
            "Lang": "en",
            "Page": 0,
            "Path": "//Document/P[10]",
            "Text": "..... Respondent ",
            "TextSize": 14.039993286132812,
            "attributes": {
                "LineHeight": 16.875,
                "TextAlign": "End"
            }
        },
        {
            "Bounds": [
                274.6300048828125,
                249.4973602294922,
                561.0734405517578,
                310.4997253417969
            ],
            "ClipBounds": [
                274.6300048828125,
                249.4973602294922,
                561.0734405517578,
                310.4997253417969
            ],
            "Font": {
                "alt_family_name": "Titlingmes",
                "embedded": true,
                "encoding": "WinAnsiEncoding",
                "family_name": "Titlingmes",
                "font_type": "TrueType",
                "italic": false,
                "monospaced": false,
                "name": "BCDEEE+Times",
                "subset": true,
                "weight": 400
            },
            "HasClip": true,
            "Lang": "en",
            "Page": 0,
            "Path": "//Document/P[11]",
            "Text": "Through: Mr. Harish Vaidyanathan Shankar, Central Government Standing Counsel with Mr. Srish Kumar Mishra, Mr. Sagar Mehlawat and Mr. Alexander Mathai Paikaday, Advocates. ",
            "TextSize": 14.039993286132812,
            "attributes": {
                "LineHeight": 16.125,
                "TextAlign": "Justify"
            }
        },
        {
            "Bounds": [
                166.61000061035156,
                233.4173583984375,
                229.32656860351562,
                245.955078125
            ],
            "ClipBounds": [
                166.61000061035156,
                233.4173583984375,
                229.32656860351562,
                245.955078125
            ],
            "Font": {
                "alt_family_name": "Titlingmes New Roman PS",
                "embedded": false,
                "encoding": "WinAnsiEncoding",
                "family_name": "Titlingmes New Roman PS",
                "font_type": "TrueType",
                "italic": false,
                "monospaced": false,
                "name": "TimesNewRomanPS-BoldMT",
                "subset": false,
                "weight": 700
            },
            "HasClip": true,
            "Page": 0,
            "Path": "//Document/H1/Sub",
            "Text": "CORAM: ",
            "TextSize": 14.039993286132812,
            "attributes": {
                "Placement": "Block"
            }
        },
        {
            "Bounds": [
                166.61000061035156,
                217.30735778808594,
                419.48443603515625,
                229.84507751464844
            ],
            "ClipBounds": [
                166.61000061035156,
                217.30735778808594,
                419.48443603515625,
                229.84507751464844
            ],
            "Font": {
                "alt_family_name": "Titlingmes New Roman PS",
                "embedded": false,
                "encoding": "WinAnsiEncoding",
                "family_name": "Titlingmes New Roman PS",
                "font_type": "TrueType",
                "italic": false,
                "monospaced": false,
                "name": "TimesNewRomanPS-BoldMT",
                "subset": false,
                "weight": 700
            },
            "HasClip": true,
            "Page": 0,
            "Path": "//Document/H1/Sub[2]",
            "Text": "HON'BLE MS. JUSTICE JYOTI SINGH ",
            "TextSize": 14.039993286132812,
            "attributes": {
                "Placement": "Block"
            }
        },
        {
            "Bounds": [
                299.3500061035156,
                190.787353515625,
                392.3877868652344,
                203.3250732421875
            ],
            "ClipBounds": [
                299.3500061035156,
                190.787353515625,
                392.3877868652344,
                203.3250732421875
            ],
            "Font": {
                "alt_family_name": "Titlingmes New Roman PS",
                "embedded": false,
                "encoding": "WinAnsiEncoding",
                "family_name": "Titlingmes New Roman PS",
                "font_type": "TrueType",
                "italic": false,
                "monospaced": false,
                "name": "TimesNewRomanPS-BoldMT",
                "subset": false,
                "weight": 700
            },
            "HasClip": true,
            "Lang": "en",
            "Page": 0,
            "Path": "//Document/H1[2]",
            "Text": "JUDGEMENT ",
            "TextSize": 14.039993286132812,
            "attributes": {
                "LineHeight": 16.875,
                "TextAlign": "Center"
            }
        },
        {
            "Bounds": [
                130.5800018310547,
                166.6673583984375,
                296.4581604003906,
                179.205078125
            ],
            "ClipBounds": [
                130.5800018310547,
                166.6673583984375,
                296.4581604003906,
                179.205078125
            ],
            "Font": {
                "alt_family_name": "Titlingmes New Roman PS",
                "embedded": false,
                "encoding": "WinAnsiEncoding",
                "family_name": "Titlingmes New Roman PS",
                "font_type": "TrueType",
                "italic": false,
                "monospaced": false,
                "name": "TimesNewRomanPS-BoldMT",
                "subset": false,
                "weight": 700
            },
            "HasClip": true,
            "Lang": "en",
            "Page": 0,
            "Path": "//Document/H2",
            "Text": "JYOTI SINGH, J. (ORAL) ",
            "TextSize": 14.039993286132812,
            "attributes": {
                "LineHeight": 16.875
            }
        },
        {
            "Bounds": [
                130.5800018310547,
                142.54736328125,
                144.80123901367188,
                155.30972290039062
            ],
            "ClipBounds": [
                130.5800018310547,
                142.54736328125,
                144.80123901367188,
                155.30972290039062
            ],
            "Font": {
                "alt_family_name": "Titlingmes New Roman PSMT",
                "embedded": false,
                "encoding": "WinAnsiEncoding",
                "family_name": "Titlingmes New Roman PSMT",
                "font_type": "TrueType",
                "italic": false,
                "monospaced": false,
                "name": "TimesNewRomanPSMT",
                "subset": false,
                "weight": 400
            },
            "HasClip": true,
            "Page": 0,
            "Path": "//Document/L[2]/LI/Lbl",
            "Text": "1. ",
            "TextSize": 14.039993286132812
        },
        {
            "Bounds": [
                130.5800018310547,
                118.42735290527344,
                560.9741363525391,
                155.30972290039062
            ],
            "ClipBounds": [
                130.5800018310547,
                118.42735290527344,
                560.9741363525391,
                155.30972290039062
            ],
            "Font": {
                "alt_family_name": "Titlingmes",
                "embedded": true,
                "encoding": "WinAnsiEncoding",
                "family_name": "Titlingmes",
                "font_type": "TrueType",
                "italic": false,
                "monospaced": false,
                "name": "BCDEEE+Times",
                "subset": true,
                "weight": 400
            },
            "HasClip": true,
            "Page": 0,
            "Path": "//Document/L[2]/LI/LBody/ParagraphSpan",
            "Text": "On account of similitude of the issues raised in the two appeals as also the fact that challenge is laid to similar orders, both the appeals are ",
            "TextSize": 14.039993286132812
        },
        {
            "Bounds": [
                130.5800018310547,
                669.3073577880859,
                560.7185516357422,
                730.3097229003906
            ],
            "ClipBounds": [
                130.5800018310547,
                669.3073577880859,
                560.7185516357422,
                730.3097229003906
            ],
            "Font": {
                "alt_family_name": "Titlingmes",
                "embedded": true,
                "encoding": "WinAnsiEncoding",
                "family_name": "Titlingmes",
                "font_type": "TrueType",
                "italic": false,
                "monospaced": false,
                "name": "BCDEEE+Times",
                "subset": true,
                "weight": 400
            },
            "HasClip": true,
            "Page": 1,
            "Path": "//Document/L[2]/LI/LBody/ParagraphSpan[2]",
            "Text": "being decided together. Present appeals have been filed by the Appellant aggrieved by orders dated 16.03.2021 passed by the Senior Examiner of Trade Marks, refusing the application Nos. 3693722 and 3693719 filed by ",
            "TextSize": 14.039993286132812
        },
        {
            "Bounds": [
                187.89999389648438,
                265.97999572753906,
                499.8999938964844,
                575.7299957275391
            ],
            "ClipBounds": [
                187.89999389648438,
                265.97999572753906,
                499.8999938964844,
                575.7299957275391
            ],
            "HasClip": true,
            "Image": {
                "bits_per_component": 8,
                "colorspace": {
                    "Name": "DeviceRGB"
                },
                "data_length": 2061696,
                "height": 826,
                "resolution_horizontal": 192.0,
                "resolution_vertical": 192.0,
                "width": 832
            },
            "Page": 1,
            "Path": "//Document/Watermark[2]"
        },
        {
            "Bounds": [
                399.55999755859375,
                623.6627044677734,
                481.0716552734375,
                661.1200256347656
            ],
            "ClipBounds": [
                399.55999755859375,
                623.9199829101562,
                480.8080139160156,
                661.1200256347656
            ],
            "Page": 1,
            "Path": "//Document/Figure",
            "attributes": {
                "BBox": [
                    399.583999999988,
                    624.0089999999909,
                    480.6999999999971,
                    661.0869999999995
                ],
                "Placement": "Block"
            }
        },
        {
            "Bounds": [
                130.5800018310547,
                500.40928649902344,
                561.0348663330078,
                633.9497222900391
            ],
            "ClipBounds": [
                130.5800018310547,
                500.40928649902344,
                561.0348663330078,
                633.9497222900391
            ],
            "Font": {
                "alt_family_name": "Titlingmes",
                "embedded": true,
                "encoding": "Identity-H",
                "family_name": "Titlingmes",
                "font_type": "CIDFontType2",
                "italic": false,
                "monospaced": false,
                "name": "BCDHEE+Times",
                "subset": true,
                "weight": 400
            },
            "HasClip": true,
            "Lang": "en",
            "Page": 1,
            "Path": "//Document/P[12]",
            "Text": "the Appellant seeking registration of trademark and the word mark ‘KEI’ respectively in class 11, in relation to goods specified as ‘apparatus for lighting, heating, steam generating, cooking, refrigerating, dry ventilation, water supply and sanitary purposes’, under Section 11(1)(a) and (b) of Trade Marks Act, 1999 (hereinafter referred to as the ‘Act’). ",
            "TextSize": 14.039993286132812,
            "attributes": {
                "LineHeight": 24.125,
                "TextAlign": "Justify"
            }
        },
        {
            "Bounds": [
                130.5800018310547,
                476.31736755371094,
                144.80123901367188,
                489.07972717285156
            ],
            "ClipBounds": [
                130.5800018310547,
                476.31736755371094,
                144.80123901367188,
                489.07972717285156
            ],
            "Font": {
                "alt_family_name": "Titlingmes",
                "embedded": true,
                "encoding": "WinAnsiEncoding",
                "family_name": "Titlingmes",
                "font_type": "TrueType",
                "italic": false,
                "monospaced": false,
                "name": "BCDEEE+Times",
                "subset": true,
                "weight": 400
            },
            "HasClip": true,
            "Page": 1,
            "Path": "//Document/L[3]/LI/Lbl",
            "Text": "2. ",
            "TextSize": 14.039993286132812
        },
        {
            "Bounds": [
                130.5800018310547,
                307.2173614501953,
                561.1799926757812,
                489.07972717285156
            ],
            "ClipBounds": [
                130.5800018310547,
                307.2173614501953,
                561.1799926757812,
                489.07972717285156
            ],
            "Font": {
                "alt_family_name": "Titlingmes",
                "embedded": true,
                "encoding": "WinAnsiEncoding",
                "family_name": "Titlingmes",
                "font_type": "TrueType",
                "italic": false,
                "monospaced": false,
                "name": "BCDEEE+Times",
                "subset": true,
                "weight": 400
            },
            "HasClip": true,
            "Page": 1,
            "Path": "//Document/L[3]/LI/LBody",
            "Text": "It is the case of the Appellant that it has been carrying on an established business of manufacture and sale of wires and cables since 1968 under the well-known trademark ‘KEI’ and has, over the last five decades, acquired immense reputation ranking amongst top three cable manufacturing companies in India. Trademark ‘KEI’ is stated to have been adopted and used by the Appellant from 1968 and in 2007, it created a unique and distinct artistic logo which is extensively used and serves as an integral part of corporate identity of the Appellant. ",
            "TextSize": 14.039993286132812
        },
        {
            "Bounds": [
                130.5800018310547,
                283.0973663330078,
                144.80123901367188,
                295.85972595214844
            ],
            "ClipBounds": [
                130.5800018310547,
                283.0973663330078,
                144.80123901367188,
                295.85972595214844
            ],
            "Font": {
                "alt_family_name": "Titlingmes",
                "embedded": true,
                "encoding": "WinAnsiEncoding",
                "family_name": "Titlingmes",
                "font_type": "TrueType",
                "italic": false,
                "monospaced": false,
                "name": "BCDEEE+Times",
                "subset": true,
                "weight": 400
            },
            "HasClip": true,
            "Page": 1,
            "Path": "//Document/L[3]/LI[2]/Lbl",
            "Text": "3. ",
            "TextSize": 14.039993286132812
        },
        {
            "Bounds": [
                130.5800018310547,
                113.98736572265625,
                561.1296081542969,
                295.85972595214844
            ],
            "ClipBounds": [
                130.5800018310547,
                113.98736572265625,
                561.1296081542969,
                295.85972595214844
            ],
            "Font": {
                "alt_family_name": "Titlingmes",
                "embedded": true,
                "encoding": "WinAnsiEncoding",
                "family_name": "Titlingmes",
                "font_type": "TrueType",
                "italic": false,
                "monospaced": false,
                "name": "BCDEEE+Times",
                "subset": true,
                "weight": 400
            },
            "HasClip": true,
            "Page": 1,
            "Path": "//Document/L[3]/LI[2]/LBody",
            "Text": "It is further averred that Appellant, as early as in 1988, filed for registration of the trademark ‘KEI’ and has several registrations in its other formative logo, label, marks in various other classes. On 04.12.2017, Appellant filed trademark applications for registration in classes 7 and 11 on a ‘proposed to be used’ basis, with an intent to start business of goods in the said classes. While applications under class 7 were accepted and advertised in the Trade Marks Journal, applications under class 11 were refused. ",
            "TextSize": 14.039993286132812
        },
        {
            "Bounds": [
                130.5800018310547,
                717.54736328125,
                144.80123901367188,
                730.3097229003906
            ],
            "ClipBounds": [
                130.5800018310547,
                717.54736328125,
                144.80123901367188,
                730.3097229003906
            ],
            "Font": {
                "alt_family_name": "Titlingmes",
                "embedded": true,
                "encoding": "WinAnsiEncoding",
                "family_name": "Titlingmes",
                "font_type": "TrueType",
                "italic": false,
                "monospaced": false,
                "name": "BCDEEE+Times",
                "subset": true,
                "weight": 400
            },
            "HasClip": true,
            "Page": 2,
            "Path": "//Document/L[3]/LI[3]/Lbl",
            "Text": "4. ",
            "TextSize": 14.039993286132812
        },
        {
            "Bounds": [
                130.5800018310547,
                524.3173675537109,
                561.1799926757812,
                730.3097229003906
            ],
            "ClipBounds": [
                130.5800018310547,
                524.3173675537109,
                561.1799926757812,
                730.3097229003906
            ],
            "Font": {
                "alt_family_name": "Titlingmes",
                "embedded": true,
                "encoding": "WinAnsiEncoding",
                "family_name": "Titlingmes",
                "font_type": "TrueType",
                "italic": false,
                "monospaced": false,
                "name": "BCDEEE+Times",
                "subset": true,
                "weight": 400
            },
            "HasClip": true,
            "Page": 2,
            "Path": "//Document/L[3]/LI[3]/LBody",
            "Text": "Learned counsel appearing on behalf of the Appellant submits that by way of present appeals, the Appellant challenges the impugned orders since the Tribunal has erred in refusing registration overlooking the fact that the tradename/corporate name of the Appellant ‘KEI’ has been in use since 1968 i.e. much prior to the use claimed by any of the proprietors of the cited mark and has also erred in overlooking that ‘KEI’ has attained a well-known status and meets the criteria under Section 11(6) and Section 2(zg) of the Act thereby qualifying for registrations in all classes of goods, especially class 11. ",
            "TextSize": 14.039993286132812
        },
        {
            "Bounds": [
                130.5800018310547,
                500.1973571777344,
                144.80123901367188,
                512.959716796875
            ],
            "ClipBounds": [
                130.5800018310547,
                500.1973571777344,
                144.80123901367188,
                512.959716796875
            ],
            "Font": {
                "alt_family_name": "Titlingmes",
                "embedded": true,
                "encoding": "WinAnsiEncoding",
                "family_name": "Titlingmes",
                "font_type": "TrueType",
                "italic": false,
                "monospaced": false,
                "name": "BCDEEE+Times",
                "subset": true,
                "weight": 400
            },
            "HasClip": true,
            "Page": 2,
            "Path": "//Document/L[3]/LI[4]/Lbl",
            "Text": "5. ",
            "TextSize": 14.039993286132812
        },
        {
            "Bounds": [
                130.5800018310547,
                210.3473663330078,
                561.1382446289062,
                512.959716796875
            ],
            "ClipBounds": [
                130.5800018310547,
                210.3473663330078,
                561.1382446289062,
                512.959716796875
            ],
            "Font": {
                "alt_family_name": "Titlingmes",
                "embedded": true,
                "encoding": "WinAnsiEncoding",
                "family_name": "Titlingmes",
                "font_type": "TrueType",
                "italic": false,
                "monospaced": false,
                "name": "BCDEEE+Times",
                "subset": true,
                "weight": 400
            },
            "HasClip": true,
            "Page": 2,
            "Path": "//Document/L[3]/LI[4]/LBody",
            "Text": "It is, however, submitted on instructions that at this stage, the Appellant will be satisfied if the matters are remanded to the Respondent for consideration of the case of the Appellant under ‘special circumstances’ as provided under Section 12 of the Act. The submission is that the counsel for the Appellant had requested the Respondent to allow some time to file the affidavit of evidence of use, whereby Appellant would be able to prove that it is the prior user of the trademark ‘KEI’ which would entitle it for registration in terms of Section 12 of the Act which provides for registration under special circumstances and protection of vested rights. Section 12, it is argued, is by way of an exception to Section 11(1) and even if the Respondent was of the view that the instant mark is phonetically and visually similar to the cited/conflicting marks, consideration ought to have been accorded under Section 12 of the Act. ",
            "TextSize": 14.039993286132812
        },
        {
            "Bounds": [
                130.5800018310547,
                186.22735595703125,
                144.80123901367188,
                198.98971557617188
            ],
            "ClipBounds": [
                130.5800018310547,
                186.22735595703125,
                144.80123901367188,
                198.98971557617188
            ],
            "Font": {
                "alt_family_name": "Titlingmes",
                "embedded": true,
                "encoding": "WinAnsiEncoding",
                "family_name": "Titlingmes",
                "font_type": "TrueType",
                "italic": false,
                "monospaced": false,
                "name": "BCDEEE+Times",
                "subset": true,
                "weight": 400
            },
            "HasClip": true,
            "Page": 2,
            "Path": "//Document/L[3]/LI[5]/Lbl",
            "Text": "6. ",
            "TextSize": 14.039993286132812
        },
        {
            "Bounds": [
                130.5800018310547,
                162.10736083984375,
                560.9109954833984,
                198.98971557617188
            ],
            "ClipBounds": [
                130.5800018310547,
                162.10736083984375,
                560.9109954833984,
                198.98971557617188
            ],
            "Font": {
                "alt_family_name": "Titlingmes",
                "embedded": true,
                "encoding": "WinAnsiEncoding",
                "family_name": "Titlingmes",
                "font_type": "TrueType",
                "italic": true,
                "monospaced": false,
                "name": "BCDGEE+Times,BoldItalic",
                "subset": true,
                "weight": 700
            },
            "HasClip": true,
            "Page": 2,
            "Path": "//Document/L[3]/LI[5]/LBody",
            "Text": "Learned counsel for the Appellant has also placed reliance on various judgments, more particularly of the Supreme Court in London Rubber Co. ",
            "TextSize": 14.039993286132812
        },
        {
            "Bounds": [
                187.89999389648438,
                265.97999572753906,
                499.8999938964844,
                575.7299957275391
            ],
            "ClipBounds": [
                187.89999389648438,
                265.97999572753906,
                499.8999938964844,
                575.7299957275391
            ],
            "HasClip": true,
            "Image": {
                "bits_per_component": 8,
                "colorspace": {
                    "Name": "DeviceRGB"
                },
                "data_length": 2061696,
                "height": 826,
                "resolution_horizontal": 192.0,
                "resolution_vertical": 192.0,
                "width": 832
            },
            "Page": 2,
            "Path": "//Document/Watermark[3]"
        },
        {
            "Bounds": [
                130.5800018310547,
                113.74736022949219,
                560.7815246582031,
                150.6297149658203
            ],
            "ClipBounds": [
                130.5800018310547,
                113.74736022949219,
                560.7815246582031,
                150.6297149658203
            ],
            "Font": {
                "alt_family_name": "Titlingmes",
                "embedded": true,
                "encoding": "WinAnsiEncoding",
                "family_name": "Titlingmes",
                "font_type": "TrueType",
                "italic": true,
                "monospaced": false,
                "name": "BCDGEE+Times,BoldItalic",
                "subset": true,
                "weight": 700
            },
            "HasClip": true,
            "Lang": "en",
            "Page": 2,
            "Path": "//Document/H3",
            "Text": "Ltd. v. Durex Products, AIR 963 SC 1882, an order of the IPAB in Jawahar Lal Aggarwal v. Registrar of Trade Marks and Anr. ",
            "TextSize": 14.039993286132812,
            "attributes": {
                "LineHeight": 24.125,
                "SpaceAfter": 18
            }
        },
        {
            "Bounds": [
                187.89999389648438,
                265.97999572753906,
                499.8999938964844,
                575.7299957275391
            ],
            "ClipBounds": [
                187.89999389648438,
                265.97999572753906,
                499.8999938964844,
                575.7299957275391
            ],
            "HasClip": true,
            "Image": {
                "bits_per_component": 8,
                "colorspace": {
                    "Name": "DeviceRGB"
                },
                "data_length": 2061696,
                "height": 826,
                "resolution_horizontal": 192.0,
                "resolution_vertical": 192.0,
                "width": 832
            },
            "Page": 3,
            "Path": "//Document/Watermark[4]"
        },
        {
            "Bounds": [
                130.5800018310547,
                693.4273529052734,
                560.8988800048828,
                730.3097229003906
            ],
            "ClipBounds": [
                130.5800018310547,
                693.4273529052734,
                560.8988800048828,
                730.3097229003906
            ],
            "Font": {
                "alt_family_name": "Titlingmes",
                "embedded": true,
                "encoding": "WinAnsiEncoding",
                "family_name": "Titlingmes",
                "font_type": "TrueType",
                "italic": true,
                "monospaced": false,
                "name": "BCDGEE+Times,BoldItalic",
                "subset": true,
                "weight": 700
            },
            "HasClip": true,
            "Lang": "en",
            "Page": 3,
            "Path": "//Document/P[13]",
            "Text": "TA/187/03/TM/DEL as well as a judgment of the Chancery Division in Holt & Coy (Leeds). ",
            "TextSize": 14.039993286132812,
            "attributes": {
                "LineHeight": 24.125
            }
        },
        {
            "Bounds": [
                130.5800018310547,
                669.3073577880859,
                144.80123901367188,
                682.0697174072266
            ],
            "ClipBounds": [
                130.5800018310547,
                669.3073577880859,
                144.80123901367188,
                682.0697174072266
            ],
            "Font": {
                "alt_family_name": "Titlingmes",
                "embedded": true,
                "encoding": "WinAnsiEncoding",
                "family_name": "Titlingmes",
                "font_type": "TrueType",
                "italic": false,
                "monospaced": false,
                "name": "BCDEEE+Times",
                "subset": true,
                "weight": 400
            },
            "HasClip": true,
            "Page": 3,
            "Path": "//Document/L[4]/LI/Lbl",
            "Text": "7. ",
            "TextSize": 14.039993286132812
        },
        {
            "Bounds": [
                130.5800018310547,
                379.4573669433594,
                561.1120758056641,
                682.0697174072266
            ],
            "ClipBounds": [
                130.5800018310547,
                379.4573669433594,
                561.1120758056641,
                682.0697174072266
            ],
            "Font": {
                "alt_family_name": "Titlingmes",
                "embedded": true,
                "encoding": "WinAnsiEncoding",
                "family_name": "Titlingmes",
                "font_type": "TrueType",
                "italic": false,
                "monospaced": false,
                "name": "BCDEEE+Times",
                "subset": true,
                "weight": 400
            },
            "HasClip": true,
            "Page": 3,
            "Path": "//Document/L[4]/LI/LBody",
            "Text": "Mr. Harish Vaidyanathan Shankar, learned Central Government Standing Counsel appearing on behalf of the Respondent submits that the Registrar has rightly exercised the discretion and refused the registration on the ground that the mark in question is phonetically and visually similar to the conflicting marks mentioned in the search report, which were in prior use in respect of identical goods for which registration was sought by the Appellant and that it is not open to this Court in a judicial review to interfere in the discretion exercised by the Respondent. It was further submitted that the ground of Section 12 has been raised by the Appellant for the first time in the present appeals and, therefore, cannot be entertained. Since the Registrar of Trade Marks had no occasion to deal with the case of the Appellant under Section 12, no infirmity can be found with the impugned orders. ",
            "TextSize": 14.039993286132812
        },
        {
            "Bounds": [
                130.5800018310547,
                355.3373565673828,
                144.80123901367188,
                368.09971618652344
            ],
            "ClipBounds": [
                130.5800018310547,
                355.3373565673828,
                144.80123901367188,
                368.09971618652344
            ],
            "Font": {
                "alt_family_name": "Titlingmes",
                "embedded": true,
                "encoding": "WinAnsiEncoding",
                "family_name": "Titlingmes",
                "font_type": "TrueType",
                "italic": false,
                "monospaced": false,
                "name": "BCDEEE+Times",
                "subset": true,
                "weight": 400
            },
            "HasClip": true,
            "Page": 3,
            "Path": "//Document/L[4]/LI[2]/Lbl",
            "Text": "8. ",
            "TextSize": 14.039993286132812
        },
        {
            "Bounds": [
                130.5800018310547,
                234.4973602294922,
                561.0391235351562,
                368.09971618652344
            ],
            "ClipBounds": [
                130.5800018310547,
                234.4973602294922,
                561.0391235351562,
                368.09971618652344
            ],
            "Font": {
                "alt_family_name": "Titlingmes",
                "embedded": true,
                "encoding": "WinAnsiEncoding",
                "family_name": "Titlingmes",
                "font_type": "TrueType",
                "italic": false,
                "monospaced": false,
                "name": "BCDEEE+Times",
                "subset": true,
                "weight": 400
            },
            "HasClip": true,
            "Page": 3,
            "Path": "//Document/L[4]/LI[2]/LBody",
            "Text": "Learned counsel appearing on behalf of the Appellant had vehemently opposed the submission of the Respondent and submitted that it had categorically requested the Respondent to permit the Appellant to file an affidavit evidencing user so that its case could be considered under the provisions of Section 12 of the Act, however, Respondent completely overlooked the said prayer. ",
            "TextSize": 14.039993286132812
        },
        {
            "Bounds": [
                130.5800018310547,
                210.3473663330078,
                144.80123901367188,
                223.10972595214844
            ],
            "ClipBounds": [
                130.5800018310547,
                210.3473663330078,
                144.80123901367188,
                223.10972595214844
            ],
            "Font": {
                "alt_family_name": "Titlingmes",
                "embedded": true,
                "encoding": "WinAnsiEncoding",
                "family_name": "Titlingmes",
                "font_type": "TrueType",
                "italic": false,
                "monospaced": false,
                "name": "BCDEEE+Times",
                "subset": true,
                "weight": 400
            },
            "HasClip": true,
            "Page": 3,
            "Path": "//Document/L[4]/LI[3]/Lbl",
            "Text": "9. ",
            "TextSize": 14.039993286132812
        },
        {
            "Bounds": [
                130.5800018310547,
                186.22735595703125,
                560.47412109375,
                223.10972595214844
            ],
            "ClipBounds": [
                130.5800018310547,
                186.22735595703125,
                560.47412109375,
                223.10972595214844
            ],
            "Font": {
                "alt_family_name": "Titlingmes",
                "embedded": true,
                "encoding": "WinAnsiEncoding",
                "family_name": "Titlingmes",
                "font_type": "TrueType",
                "italic": false,
                "monospaced": false,
                "name": "BCDEEE+Times",
                "subset": true,
                "weight": 400
            },
            "HasClip": true,
            "Page": 3,
            "Path": "//Document/L[4]/LI[3]/LBody",
            "Text": "I have heard the learned counsels for the parties and perused the impugned orders dated 16.03.2021. ",
            "TextSize": 14.039993286132812
        },
        {
            "Bounds": [
                130.5800018310547,
                162.10736083984375,
                151.88165283203125,
                174.86972045898438
            ],
            "ClipBounds": [
                130.5800018310547,
                162.10736083984375,
                151.88165283203125,
                174.86972045898438
            ],
            "Font": {
                "alt_family_name": "Titlingmes",
                "embedded": true,
                "encoding": "WinAnsiEncoding",
                "family_name": "Titlingmes",
                "font_type": "TrueType",
                "italic": false,
                "monospaced": false,
                "name": "BCDEEE+Times",
                "subset": true,
                "weight": 400
            },
            "HasClip": true,
            "Page": 3,
            "Path": "//Document/L[4]/LI[4]/Lbl",
            "Text": "10. ",
            "TextSize": 14.039993286132812
        },
        {
            "Bounds": [
                130.5800018310547,
                113.74736022949219,
                561.0068817138672,
                174.86972045898438
            ],
            "ClipBounds": [
                130.5800018310547,
                113.74736022949219,
                561.0068817138672,
                174.86972045898438
            ],
            "Font": {
                "alt_family_name": "Titlingmes",
                "embedded": true,
                "encoding": "WinAnsiEncoding",
                "family_name": "Titlingmes",
                "font_type": "TrueType",
                "italic": false,
                "monospaced": false,
                "name": "BCDEEE+Times",
                "subset": true,
                "weight": 400
            },
            "HasClip": true,
            "Page": 3,
            "Path": "//Document/L[4]/LI[4]/LBody/ParagraphSpan",
            "Text": "Reading of the impugned orders dated 16.03.2021 shows that the Respondent has refused registration of the mark ‘KEI’ (word and device mark) in class 11 on the ground that it is phonetically and visually similar ",
            "TextSize": 14.039993286132812
        },
        {
            "Bounds": [
                130.5800018310547,
                596.8273620605469,
                560.6922760009766,
                730.3097229003906
            ],
            "ClipBounds": [
                130.5800018310547,
                596.8273620605469,
                560.6922760009766,
                730.3097229003906
            ],
            "Font": {
                "alt_family_name": "Titlingmes",
                "embedded": true,
                "encoding": "WinAnsiEncoding",
                "family_name": "Titlingmes",
                "font_type": "TrueType",
                "italic": false,
                "monospaced": false,
                "name": "BCDEEE+Times",
                "subset": true,
                "weight": 400
            },
            "HasClip": true,
            "Page": 4,
            "Path": "//Document/L[4]/LI[4]/LBody/ParagraphSpan[2]",
            "Text": "to prior existing registered marks, which were also in use much prior to the alleged use of the Appellant for the goods in question. According to the Respondent, allowing the registration of the Appellant’s mark would adversely affect public interest as it would lead to confusion amongst a buyer of average intelligence and imperfect recollection. Relevant part of the impugned orders is extracted hereunder:-",
            "TextSize": 14.039993286132812
        },
        {
            "Bounds": [
                187.89999389648438,
                265.97999572753906,
                499.8999938964844,
                575.7299957275391
            ],
            "ClipBounds": [
                187.89999389648438,
                265.97999572753906,
                499.8999938964844,
                575.7299957275391
            ],
            "HasClip": true,
            "Image": {
                "bits_per_component": 8,
                "colorspace": {
                    "Name": "DeviceRGB"
                },
                "data_length": 2061696,
                "height": 826,
                "resolution_horizontal": 192.0,
                "resolution_vertical": 192.0,
                "width": 832
            },
            "Page": 4,
            "Path": "//Document/Watermark[5]"
        },
        {
            "Bounds": [
                158.89999389648438,
                114.94735717773438,
                526.6176452636719,
                581.3579254150391
            ],
            "ClipBounds": [
                158.89999389648438,
                114.94735717773438,
                526.6176452636719,
                581.3579254150391
            ],
            "Font": {
                "alt_family_name": "Titlingmes",
                "embedded": true,
                "encoding": "WinAnsiEncoding",
                "family_name": "Titlingmes",
                "font_type": "TrueType",
                "italic": true,
                "monospaced": false,
                "name": "BCDFEE+Times,Italic",
                "subset": true,
                "weight": 400
            },
            "HasClip": true,
            "Page": 4,
            "Path": "//Document/P[14]/ParagraphSpan",
            "Text": "“Instant mark is phonetically and visually similar to the conflicting marks which is mentioned in the search report and also they are well in prior use in respect of the identical goods which sought by the applicant. The applicant is the well subsequent user among the conflicting marks user period. In view of these grounds, the Tribunal has opined that the applicant has deliberately chosen the subject mark in an effort to ride upon the goodwill and reputation of the conflicting marks. Applicant has no bona fide adoption of the subject mark in respect of the applied goods. Further, the allowance of the subject mark is patently mala fide since the mark has been dishonestly adopted by the applicant hence the applicant cannot claim to be the proprietor of the subject mark under Section 18(1) of the Act. Allowance of the subject mark is adversely affecting the interest of the public, it would lead to confusion as it is more than likely, due to imperfect recollection that the average buyer may confuse the applicant’s mark as the conflicting owners products. In view of such similarities between the nature of the marks and their goods, the applicant's trade channel and counters, there exists a strong likelihood of confusions on the part of the consuming public, including an association, as they are likely to assume and confuse that the applicant’s goods are connected or otherwise associated with the conflicting marks goods, when no such connection exists. Consequently, the members of the trade would no doubt, be under the mistaken belief that the applicant’s goods originate from the conflicting marks or that they have some trade connection or affiliation thereby causing irreparable loss and damage not only to the conflicting marks trade and business but ",
            "TextSize": 14.039993286132812
        },
        {
            "Bounds": [
                158.89999389648438,
                701.4392852783203,
                526.4399261474609,
                730.3237609863281
            ],
            "ClipBounds": [
                158.89999389648438,
                701.4392852783203,
                526.4399261474609,
                730.3237609863281
            ],
            "Font": {
                "alt_family_name": "Titlingmes",
                "embedded": true,
                "encoding": "Identity-H",
                "family_name": "Titlingmes",
                "font_type": "CIDFontType2",
                "italic": true,
                "monospaced": false,
                "name": "BCDIEE+Times,Italic",
                "subset": true,
                "weight": 400
            },
            "HasClip": true,
            "Page": 5,
            "Path": "//Document/P[14]/ParagraphSpan[2]",
            "Text": "also suiting erosion of distinctiveness hard earned by the conflicting marks.” ",
            "TextSize": 14.039993286132812
        },
        {
            "Bounds": [
                187.89999389648438,
                265.97999572753906,
                499.8999938964844,
                575.7299957275391
            ],
            "ClipBounds": [
                187.89999389648438,
                265.97999572753906,
                499.8999938964844,
                575.7299957275391
            ],
            "HasClip": true,
            "Image": {
                "bits_per_component": 8,
                "colorspace": {
                    "Name": "DeviceRGB"
                },
                "data_length": 2061696,
                "height": 826,
                "resolution_horizontal": 192.0,
                "resolution_vertical": 192.0,
                "width": 832
            },
            "Page": 5,
            "Path": "//Document/Watermark[6]"
        },
        {
            "Bounds": [
                130.5800018310547,
                671.5873565673828,
                151.88165283203125,
                684.3497161865234
            ],
            "ClipBounds": [
                130.5800018310547,
                671.5873565673828,
                151.88165283203125,
                684.3497161865234
            ],
            "Font": {
                "alt_family_name": "Titlingmes",
                "embedded": true,
                "encoding": "WinAnsiEncoding",
                "family_name": "Titlingmes",
                "font_type": "TrueType",
                "italic": false,
                "monospaced": false,
                "name": "BCDEEE+Times",
                "subset": true,
                "weight": 400
            },
            "HasClip": true,
            "Page": 5,
            "Path": "//Document/L[5]/LI/Lbl",
            "Text": "11. ",
            "TextSize": 14.039993286132812
        },
        {
            "Bounds": [
                130.5800018310547,
                140.26736450195312,
                561.1405181884766,
                684.3497161865234
            ],
            "ClipBounds": [
                130.5800018310547,
                140.26736450195312,
                561.1405181884766,
                684.3497161865234
            ],
            "Font": {
                "alt_family_name": "Titlingmes",
                "embedded": true,
                "encoding": "WinAnsiEncoding",
                "family_name": "Titlingmes",
                "font_type": "TrueType",
                "italic": false,
                "monospaced": false,
                "name": "BCDEEE+Times",
                "subset": true,
                "weight": 400
            },
            "HasClip": true,
            "Page": 5,
            "Path": "//Document/L[5]/LI/LBody",
            "Text": "Having heard the learned counsels for the parties and having perused the provisions of Section 12 and Section 11, I find prima facie merit in the argument of learned counsel appearing on behalf of the Appellant that the Registrar ought to have at least considered if the case of the Appellant fell under ‘special circumstances’ provided under Section 12 of the Act, after permitting the Appellant to file an affidavit to show the period of prior use compared to the cited marks on the basis of the search report. Section 12 of the Act provides that in case of honest concurrent use or of other special circumstances, which in the opinion of the Registrar, make it proper so to do, he may permit registration by more than one proprietor of the trademarks which are identical or similar, whether any such trademark is already registered or not, in respect of same or similar goods and subject to such conditions that it may impose. The Act, therefore, envisages a situation where despite a trademark sought to be registered being identical or similar to a cited mark can be registered in case of honest concurrent use or any other ‘special circumstances’. The impugned orders indisputably do not reflect even a consideration of the ground taken by the Appellant under the provisions of Section 12 of the Act and therefore, in my view, learned counsel for the Appellant is right that the matters deserve to be remanded on this limited issue. Accordingly, the matters are remanded back to the Respondent to reconsider the applications of the Appellant for registration in light of Section 12 and the judgments aforementioned. ",
            "TextSize": 14.039993286132812
        },
        {
            "Bounds": [
                130.5800018310547,
                717.54736328125,
                151.88165283203125,
                730.3097229003906
            ],
            "ClipBounds": [
                130.5800018310547,
                717.54736328125,
                151.88165283203125,
                730.3097229003906
            ],
            "Font": {
                "alt_family_name": "Titlingmes",
                "embedded": true,
                "encoding": "WinAnsiEncoding",
                "family_name": "Titlingmes",
                "font_type": "TrueType",
                "italic": false,
                "monospaced": false,
                "name": "BCDEEE+Times",
                "subset": true,
                "weight": 400
            },
            "HasClip": true,
            "Page": 6,
            "Path": "//Document/L[5]/LI[2]/Lbl",
            "Text": "12. ",
            "TextSize": 14.039993286132812
        },
        {
            "Bounds": [
                130.5800018310547,
                669.3073577880859,
                561.0054473876953,
                730.3097229003906
            ],
            "ClipBounds": [
                130.5800018310547,
                669.3073577880859,
                561.0054473876953,
                730.3097229003906
            ],
            "Font": {
                "alt_family_name": "Titlingmes",
                "embedded": true,
                "encoding": "WinAnsiEncoding",
                "family_name": "Titlingmes",
                "font_type": "TrueType",
                "italic": false,
                "monospaced": false,
                "name": "BCDEEE+Times",
                "subset": true,
                "weight": 400
            },
            "HasClip": true,
            "Page": 6,
            "Path": "//Document/L[5]/LI[2]/LBody",
            "Text": "Needless to state that this Court has not expressed any opinion on the merits of the cases and it is open to the Registrar of Trade Marks to take a view one way or the other, in accordance with law. ",
            "TextSize": 14.039993286132812
        },
        {
            "Bounds": [
                130.5800018310547,
                645.0673675537109,
                151.88165283203125,
                657.8297271728516
            ],
            "ClipBounds": [
                130.5800018310547,
                645.0673675537109,
                151.88165283203125,
                657.8297271728516
            ],
            "Font": {
                "alt_family_name": "Titlingmes",
                "embedded": true,
                "encoding": "WinAnsiEncoding",
                "family_name": "Titlingmes",
                "font_type": "TrueType",
                "italic": false,
                "monospaced": false,
                "name": "BCDEEE+Times",
                "subset": true,
                "weight": 400
            },
            "HasClip": true,
            "Page": 6,
            "Path": "//Document/L[5]/LI[3]/Lbl",
            "Text": "13. ",
            "TextSize": 14.039993286132812
        },
        {
            "Bounds": [
                130.5800018310547,
                620.9473571777344,
                560.6565399169922,
                657.8297271728516
            ],
            "ClipBounds": [
                130.5800018310547,
                620.9473571777344,
                560.6565399169922,
                657.8297271728516
            ],
            "Font": {
                "alt_family_name": "Titlingmes",
                "embedded": true,
                "encoding": "WinAnsiEncoding",
                "family_name": "Titlingmes",
                "font_type": "TrueType",
                "italic": false,
                "monospaced": false,
                "name": "BCDEEE+Times",
                "subset": true,
                "weight": 400
            },
            "HasClip": true,
            "Page": 6,
            "Path": "//Document/L[5]/LI[3]/LBody",
            "Text": "The decision shall be taken as expeditiously as possible and not later than six weeks from the date of receipt of the copy of the order. ",
            "TextSize": 14.039993286132812
        },
        {
            "Bounds": [
                130.5800018310547,
                596.8273620605469,
                151.88165283203125,
                609.5897216796875
            ],
            "ClipBounds": [
                130.5800018310547,
                596.8273620605469,
                151.88165283203125,
                609.5897216796875
            ],
            "Font": {
                "alt_family_name": "Titlingmes",
                "embedded": true,
                "encoding": "WinAnsiEncoding",
                "family_name": "Titlingmes",
                "font_type": "TrueType",
                "italic": false,
                "monospaced": false,
                "name": "BCDEEE+Times",
                "subset": true,
                "weight": 400
            },
            "HasClip": true,
            "Page": 6,
            "Path": "//Document/L[5]/LI[4]/Lbl",
            "Text": "14. ",
            "TextSize": 14.039993286132812
        },
        {
            "Bounds": [
                166.61000061035156,
                596.8273620605469,
                503.7574005126953,
                609.5897216796875
            ],
            "ClipBounds": [
                166.61000061035156,
                596.8273620605469,
                503.7574005126953,
                609.5897216796875
            ],
            "Font": {
                "alt_family_name": "Titlingmes",
                "embedded": true,
                "encoding": "WinAnsiEncoding",
                "family_name": "Titlingmes",
                "font_type": "TrueType",
                "italic": false,
                "monospaced": false,
                "name": "BCDEEE+Times",
                "subset": true,
                "weight": 400
            },
            "HasClip": true,
            "Page": 6,
            "Path": "//Document/L[5]/LI[4]/LBody",
            "Text": "Appeals are allowed and disposed of in the aforesaid terms. ",
            "TextSize": 14.039993286132812
        },
        {
            "Bounds": [
                130.5800018310547,
                572.6773529052734,
                151.88165283203125,
                585.4397125244141
            ],
            "ClipBounds": [
                130.5800018310547,
                572.6773529052734,
                151.88165283203125,
                585.4397125244141
            ],
            "Font": {
                "alt_family_name": "Titlingmes",
                "embedded": true,
                "encoding": "WinAnsiEncoding",
                "family_name": "Titlingmes",
                "font_type": "TrueType",
                "italic": false,
                "monospaced": false,
                "name": "BCDEEE+Times",
                "subset": true,
                "weight": 400
            },
            "HasClip": true,
            "Page": 6,
            "Path": "//Document/L[5]/LI[5]/Lbl",
            "Text": "15. ",
            "TextSize": 14.039993286132812
        },
        {
            "Bounds": [
                166.61000061035156,
                572.6773529052734,
                417.3221740722656,
                585.4397125244141
            ],
            "ClipBounds": [
                166.61000061035156,
                572.6773529052734,
                417.3221740722656,
                585.4397125244141
            ],
            "Font": {
                "alt_family_name": "Titlingmes",
                "embedded": true,
                "encoding": "WinAnsiEncoding",
                "family_name": "Titlingmes",
                "font_type": "TrueType",
                "italic": false,
                "monospaced": false,
                "name": "BCDEEE+Times",
                "subset": true,
                "weight": 400
            },
            "HasClip": true,
            "Page": 6,
            "Path": "//Document/L[5]/LI[5]/LBody",
            "Text": "Pending applications also stand disposed of. ",
            "TextSize": 14.039993286132812
        },
        {
            "Bounds": [
                187.89999389648438,
                265.97999572753906,
                499.8999938964844,
                575.7299957275391
            ],
            "ClipBounds": [
                187.89999389648438,
                265.97999572753906,
                499.8999938964844,
                575.7299957275391
            ],
            "HasClip": true,
            "Image": {
                "bits_per_component": 8,
                "colorspace": {
                    "Name": "DeviceRGB"
                },
                "data_length": 2061696,
                "height": 826,
                "resolution_horizontal": 192.0,
                "resolution_vertical": 192.0,
                "width": 832
            },
            "Page": 6,
            "Path": "//Document/Watermark[7]"
        },
        {
            "Bounds": [
                452.13999938964844,
                524.3173675537109,
                561.0342407226562,
                536.8550872802734
            ],
            "ClipBounds": [
                452.13999938964844,
                524.3173675537109,
                561.0342407226562,
                536.8550872802734
            ],
            "Font": {
                "alt_family_name": "Titlingmes New Roman PS",
                "embedded": false,
                "encoding": "WinAnsiEncoding",
                "family_name": "Titlingmes New Roman PS",
                "font_type": "TrueType",
                "italic": false,
                "monospaced": false,
                "name": "TimesNewRomanPS-BoldMT",
                "subset": false,
                "weight": 700
            },
            "HasClip": true,
            "Lang": "en",
            "Page": 6,
            "Path": "//Document/H1[3]",
            "Text": "JYOTI SINGH, J ",
            "TextSize": 14.039993286132812,
            "attributes": {
                "LineHeight": 16.875,
                "TextAlign": "End"
            }
        },
        {
            "Bounds": [
                130.5800018310547,
                508.23736572265625,
                261.2565612792969,
                521.0137634277344
            ],
            "ClipBounds": [
                130.5800018310547,
                508.23736572265625,
                261.2565612792969,
                521.0137634277344
            ],
            "Font": {
                "alt_family_name": "Titlingmes New Roman PS",
                "embedded": false,
                "encoding": "WinAnsiEncoding",
                "family_name": "Titlingmes New Roman PS",
                "font_type": "TrueType",
                "italic": true,
                "monospaced": false,
                "name": "TimesNewRomanPS-ItalicMT",
                "subset": false,
                "weight": 400
            },
            "HasClip": true,
            "Lang": "en",
            "Page": 6,
            "Path": "//Document/P[15]",
            "Text": "AUGUST 02, 2022/sn ",
            "TextSize": 14.039993286132812,
            "attributes": {
                "LineHeight": 16.875,
                "SpaceAfter": 18
            }
        }
    ],
    "pages": [
        {
            "boxes": {
                "CropBox": [
                    0.0,
                    0.0,
                    595.4400024414062,
                    841.6799926757812
                ],
                "MediaBox": [
                    0.0,
                    0.0,
                    595.4400024414062,
                    841.6799926757812
                ]
            },
            "height": 841.6799926757812,
            "is_scanned": false,
            "page_number": 0,
            "rotation": 0,
            "width": 595.4400024414062
        },
        {
            "boxes": {
                "CropBox": [
                    0.0,
                    0.0,
                    595.4400024414062,
                    841.6799926757812
                ],
                "MediaBox": [
                    0.0,
                    0.0,
                    595.4400024414062,
                    841.6799926757812
                ]
            },
            "height": 841.6799926757812,
            "is_scanned": false,
            "page_number": 1,
            "rotation": 0,
            "width": 595.4400024414062
        },
        {
            "boxes": {
                "CropBox": [
                    0.0,
                    0.0,
                    595.4400024414062,
                    841.6799926757812
                ],
                "MediaBox": [
                    0.0,
                    0.0,
                    595.4400024414062,
                    841.6799926757812
                ]
            },
            "height": 841.6799926757812,
            "is_scanned": false,
            "page_number": 2,
            "rotation": 0,
            "width": 595.4400024414062
        },
        {
            "boxes": {
                "CropBox": [
                    0.0,
                    0.0,
                    595.4400024414062,
                    841.6799926757812
                ],
                "MediaBox": [
                    0.0,
                    0.0,
                    595.4400024414062,
                    841.6799926757812
                ]
            },
            "height": 841.6799926757812,
            "is_scanned": false,
            "page_number": 3,
            "rotation": 0,
            "width": 595.4400024414062
        },
        {
            "boxes": {
                "CropBox": [
                    0.0,
                    0.0,
                    595.4400024414062,
                    841.6799926757812
                ],
                "MediaBox": [
                    0.0,
                    0.0,
                    595.4400024414062,
                    841.6799926757812
                ]
            },
            "height": 841.6799926757812,
            "is_scanned": false,
            "page_number": 4,
            "rotation": 0,
            "width": 595.4400024414062
        },
        {
            "boxes": {
                "CropBox": [
                    0.0,
                    0.0,
                    595.4400024414062,
                    841.6799926757812
                ],
                "MediaBox": [
                    0.0,
                    0.0,
                    595.4400024414062,
                    841.6799926757812
                ]
            },
            "height": 841.6799926757812,
            "is_scanned": false,
            "page_number": 5,
            "rotation": 0,
            "width": 595.4400024414062
        },
        {
            "boxes": {
                "CropBox": [
                    0.0,
                    0.0,
                    595.4400024414062,
                    841.6799926757812
                ],
                "MediaBox": [
                    0.0,
                    0.0,
                    595.4400024414062,
                    841.6799926757812
                ]
            },
            "height": 841.6799926757812,
            "is_scanned": false,
            "page_number": 6,
            "rotation": 0,
            "width": 595.4400024414062
        }
    ]
}