{
    "version": {
        "json_export": "184",
        "page_segmentation": "5",
        "schema": "1.1.0",
        "structure": "1.1006.0",
        "table_structure": "5"
    },
    "extended_metadata": {
        "ID_instance": "44 34 20 35 38 20 46 42 20 43 46 20 32 45 20 30 44 20 43 36 20 45 38 20 45 36 20 36 42 20 42 42 20 41 46 20 38 35 20 44 33 20 37 32 20 37 43 20 ",
        "ID_permanent": "45 34 20 41 37 20 36 39 20 30 39 20 38 43 20 42 35 20 42 32 20 31 31 20 30 41 20 30 30 20 36 37 20 34 35 20 38 42 20 36 42 20 43 36 20 32 33 20 ",
        "pdf_version": "1.6",
        "pdfa_compliance_level": "",
        "is_encrypted": false,
        "has_acroform": true,
        "is_digitally_signed": true,
        "pdfua_compliance_level": "",
        "page_count": 5,
        "has_embedded_files": false,
        "is_certified": false,
        "is_XFA": false,
        "language": "en-IN"
    },
    "elements": [
        {
            "Bounds": [
                185.64999389648438,
                265.97999572753906,
                497.6499938964844,
                575.7299957275391
            ],
            "ClipBounds": [
                185.64999389648438,
                265.97999572753906,
                497.6499938964844,
                575.7299957275391
            ],
            "HasClip": true,
            "Image": {
                "bits_per_component": 8,
                "colorspace": {
                    "Name": "DeviceRGB"
                },
                "data_length": 2061696,
                "height": 826,
                "resolution_horizontal": 192.0,
                "resolution_vertical": 192.0,
                "width": 832
            },
            "Page": 0,
            "Path": "//Document/Watermark"
        },
        {
            "Bounds": [
                126.02000427246094,
                717.54736328125,
                158.0287628173828,
                730.3097229003906
            ],
            "ClipBounds": [
                126.02000427246094,
                717.54736328125,
                158.0287628173828,
                730.3097229003906
            ],
            "Font": {
                "alt_family_name": "Titlingmes New Roman PSMT",
                "embedded": false,
                "encoding": "WinAnsiEncoding",
                "family_name": "Titlingmes New Roman PSMT",
                "font_type": "TrueType",
                "italic": false,
                "monospaced": false,
                "name": "TimesNewRomanPSMT",
                "subset": false,
                "weight": 400
            },
            "HasClip": true,
            "Lang": "en",
            "Page": 0,
            "Path": "//Document/P",
            "Text": "$~15 ",
            "TextSize": 14.039993286132812,
            "attributes": {
                "LineHeight": 16.875,
                "SpaceAfter": 7.25
            }
        },
        {
            "Bounds": [
                126.02000427246094,
                693.4273529052734,
                517.8919830322266,
                706.1897125244141
            ],
            "ClipBounds": [
                126.02000427246094,
                693.4273529052734,
                517.8919830322266,
                706.1897125244141
            ],
            "Font": {
                "alt_family_name": "Titlingmes New Roman PS",
                "embedded": false,
                "encoding": "WinAnsiEncoding",
                "family_name": "Titlingmes New Roman PS",
                "font_type": "TrueType",
                "italic": false,
                "monospaced": false,
                "name": "TimesNewRomanPS-BoldMT",
                "subset": false,
                "weight": 700
            },
            "HasClip": true,
            "Lang": "en",
            "Page": 0,
            "Path": "//Document/P[2]",
            "Text": "* IN THE  HIGH  COURT  OF DELHI  AT  NEW  DELHI ",
            "TextSize": 14.039993286132812,
            "attributes": {
                "LineHeight": 16.875,
                "SpaceAfter": 18
            }
        },
        {
            "Bounds": [
                126.02000427246094,
                645.0673675537109,
                137.44850158691406,
                657.8297271728516
            ],
            "ClipBounds": [
                126.02000427246094,
                645.0673675537109,
                137.44850158691406,
                657.8297271728516
            ],
            "Font": {
                "alt_family_name": "Titlingmes New Roman PSMT",
                "embedded": false,
                "encoding": "WinAnsiEncoding",
                "family_name": "Titlingmes New Roman PSMT",
                "font_type": "TrueType",
                "italic": false,
                "monospaced": false,
                "name": "TimesNewRomanPSMT",
                "subset": false,
                "weight": 400
            },
            "HasClip": true,
            "Lang": "en",
            "Page": 0,
            "Path": "//Document/P[3]",
            "Text": "+ ",
            "TextSize": 14.039993286132812,
            "attributes": {
                "LineHeight": 16.875
            }
        },
        {
            "Bounds": [
                358.50999450683594,
                669.3073577880859,
                560.9060821533203,
                683.4730072021484
            ],
            "ClipBounds": [
                358.50999450683594,
                669.3073577880859,
                560.9060821533203,
                683.4730072021484
            ],
            "Font": {
                "alt_family_name": "Titlingmes New Roman PS",
                "embedded": false,
                "encoding": "WinAnsiEncoding",
                "family_name": "Titlingmes New Roman PS",
                "font_type": "TrueType",
                "italic": true,
                "monospaced": false,
                "name": "TimesNewRomanPS-BoldItalicMT",
                "subset": false,
                "weight": 700
            },
            "HasClip": true,
            "Lang": "en",
            "Page": 0,
            "Path": "//Document/P[4]",
            "Text": "Date of Decision: 8th August, 2022 ",
            "TextSize": 14.039993286132812,
            "attributes": {
                "LineHeight": 16.875,
                "SpaceAfter": 7.375
            }
        },
        {
            "Bounds": [
                234.0500030517578,
                645.0673675537109,
                432.86607360839844,
                657.6050872802734
            ],
            "ClipBounds": [
                234.0500030517578,
                645.0673675537109,
                432.86607360839844,
                657.6050872802734
            ],
            "Font": {
                "alt_family_name": "Titlingmes New Roman PS",
                "embedded": false,
                "encoding": "WinAnsiEncoding",
                "family_name": "Titlingmes New Roman PS",
                "font_type": "TrueType",
                "italic": false,
                "monospaced": false,
                "name": "TimesNewRomanPS-BoldMT",
                "subset": false,
                "weight": 700
            },
            "HasClip": true,
            "Lang": "en",
            "Page": 0,
            "Path": "//Document/P[5]",
            "Text": "C.A.(COMM.IPD-TM) 146/2022 ",
            "TextSize": 14.039993286132812,
            "attributes": {
                "LineHeight": 16.875,
                "TextAlign": "Center"
            }
        },
        {
            "Bounds": [
                162.02000427246094,
                620.9473571777344,
                401.19140625,
                633.709716796875
            ],
            "ClipBounds": [
                162.02000427246094,
                620.9473571777344,
                401.19140625,
                633.709716796875
            ],
            "Font": {
                "alt_family_name": "Titlingmes New Roman PSMT",
                "embedded": false,
                "encoding": "WinAnsiEncoding",
                "family_name": "Titlingmes New Roman PSMT",
                "font_type": "TrueType",
                "italic": false,
                "monospaced": false,
                "name": "TimesNewRomanPSMT",
                "subset": false,
                "weight": 400
            },
            "HasClip": true,
            "Lang": "en",
            "Page": 0,
            "Path": "//Document/P[6]",
            "Text": "SUN PHARMA LABORATORIES LTD. ",
            "TextSize": 14.039993286132812,
            "attributes": {
                "LineHeight": 16.875,
                "SpaceAfter": 18,
                "TextAlign": "Center"
            }
        },
        {
            "Bounds": [
                450.1000061035156,
                620.9473571777344,
                529.8191223144531,
                633.709716796875
            ],
            "ClipBounds": [
                450.1000061035156,
                620.9473571777344,
                529.8191223144531,
                633.709716796875
            ],
            "Font": {
                "alt_family_name": "Titlingmes New Roman PSMT",
                "embedded": false,
                "encoding": "WinAnsiEncoding",
                "family_name": "Titlingmes New Roman PSMT",
                "font_type": "TrueType",
                "italic": false,
                "monospaced": false,
                "name": "TimesNewRomanPSMT",
                "subset": false,
                "weight": 400
            },
            "HasClip": true,
            "Lang": "en",
            "Page": 0,
            "Path": "//Document/P[7]",
            "Text": "..... Appellant ",
            "TextSize": 14.039993286132812,
            "attributes": {
                "LineHeight": 16.875,
                "SpaceAfter": 18
            }
        },
        {
            "Bounds": [
                270.0500030517578,
                596.8273620605469,
                325.6018829345703,
                609.5897216796875
            ],
            "ClipBounds": [
                270.0500030517578,
                596.8273620605469,
                325.6018829345703,
                609.5897216796875
            ],
            "Font": {
                "alt_family_name": "Titlingmes New Roman PSMT",
                "embedded": false,
                "encoding": "WinAnsiEncoding",
                "family_name": "Titlingmes New Roman PSMT",
                "font_type": "TrueType",
                "italic": false,
                "monospaced": false,
                "name": "TimesNewRomanPSMT",
                "subset": false,
                "weight": 400
            },
            "HasClip": true,
            "Lang": "en",
            "Page": 0,
            "Path": "//Document/P[8]",
            "Text": "Through: ",
            "TextSize": 14.039993286132812,
            "attributes": {
                "LineHeight": 16.875,
                "SpaceAfter": 18
            }
        },
        {
            "Bounds": [
                270.0500030517578,
                532.3573608398438,
                309.3480682373047,
                545.1197204589844
            ],
            "ClipBounds": [
                270.0500030517578,
                532.3573608398438,
                309.3480682373047,
                545.1197204589844
            ],
            "Font": {
                "alt_family_name": "Titlingmes New Roman PSMT",
                "embedded": false,
                "encoding": "WinAnsiEncoding",
                "family_name": "Titlingmes New Roman PSMT",
                "font_type": "TrueType",
                "italic": false,
                "monospaced": false,
                "name": "TimesNewRomanPSMT",
                "subset": false,
                "weight": 400
            },
            "HasClip": true,
            "Lang": "en",
            "Page": 0,
            "Path": "//Document/P[9]",
            "Text": "versus ",
            "TextSize": 14.039993286132812,
            "attributes": {
                "LineHeight": 16.875
            }
        },
        {
            "Bounds": [
                342.07000732421875,
                548.4373626708984,
                560.8268890380859,
                609.5897216796875
            ],
            "ClipBounds": [
                342.07000732421875,
                548.4373626708984,
                560.8268890380859,
                609.5897216796875
            ],
            "Font": {
                "alt_family_name": "Titlingmes New Roman PSMT",
                "embedded": false,
                "encoding": "WinAnsiEncoding",
                "family_name": "Titlingmes New Roman PSMT",
                "font_type": "TrueType",
                "italic": false,
                "monospaced": false,
                "name": "TimesNewRomanPSMT",
                "subset": false,
                "weight": 400
            },
            "HasClip": true,
            "Lang": "en",
            "Page": 0,
            "Path": "//Document/P[10]",
            "Text": "Mr. Sachin Gupta, Ms. Jasleen Kaur, Ms. S. Meena, Ms. Yashi Agrawal & Ms. Oshmi Jaishshreel, Advocates (M-9811180270) ",
            "TextSize": 14.039993286132812,
            "attributes": {
                "LineHeight": 16.125,
                "SpaceAfter": 18,
                "TextAlign": "Justify"
            }
        },
        {
            "Bounds": [
                162.02000427246094,
                500.1973571777344,
                343.0745086669922,
                512.959716796875
            ],
            "ClipBounds": [
                162.02000427246094,
                500.1973571777344,
                343.0745086669922,
                512.959716796875
            ],
            "Font": {
                "alt_family_name": "Titlingmes New Roman PSMT",
                "embedded": false,
                "encoding": "WinAnsiEncoding",
                "family_name": "Titlingmes New Roman PSMT",
                "font_type": "TrueType",
                "italic": false,
                "monospaced": false,
                "name": "TimesNewRomanPSMT",
                "subset": false,
                "weight": 400
            },
            "HasClip": true,
            "Lang": "en",
            "Page": 0,
            "Path": "//Document/P[11]",
            "Text": "DABUR INDIA LTD. & ANR. ",
            "TextSize": 14.039993286132812,
            "attributes": {
                "LineHeight": 16.875
            }
        },
        {
            "Bounds": [
                450.1000061035156,
                500.1973571777344,
                546.211669921875,
                512.959716796875
            ],
            "ClipBounds": [
                450.1000061035156,
                500.1973571777344,
                546.211669921875,
                512.959716796875
            ],
            "Font": {
                "alt_family_name": "Titlingmes New Roman PSMT",
                "embedded": false,
                "encoding": "WinAnsiEncoding",
                "family_name": "Titlingmes New Roman PSMT",
                "font_type": "TrueType",
                "italic": false,
                "monospaced": false,
                "name": "TimesNewRomanPSMT",
                "subset": false,
                "weight": 400
            },
            "HasClip": true,
            "Lang": "en",
            "Page": 0,
            "Path": "//Document/P[12]",
            "Text": "..... Respondents ",
            "TextSize": 14.039993286132812,
            "attributes": {
                "LineHeight": 16.875,
                "SpaceAfter": 8,
                "TextAlign": "End"
            }
        },
        {
            "Bounds": [
                270.0500030517578,
                427.7173614501953,
                560.9167633056641,
                488.8397216796875
            ],
            "ClipBounds": [
                270.0500030517578,
                427.7173614501953,
                560.9167633056641,
                488.8397216796875
            ],
            "Font": {
                "alt_family_name": "Titlingmes New Roman PSMT",
                "embedded": false,
                "encoding": "WinAnsiEncoding",
                "family_name": "Titlingmes New Roman PSMT",
                "font_type": "TrueType",
                "italic": false,
                "monospaced": false,
                "name": "TimesNewRomanPSMT",
                "subset": false,
                "weight": 400
            },
            "HasClip": true,
            "Lang": "en",
            "Page": 0,
            "Path": "//Document/P[13]",
            "Text": "Through: Mr. Manish Kumar Mishra, Ms. Akansha Singh & Mr. Vatsalya Vishal, Advocates for R-1 (M-9438804704) ",
            "TextSize": 14.039993286132812,
            "attributes": {
                "LineHeight": 16.125
            }
        },
        {
            "Bounds": [
                162.02000427246094,
                411.6373596191406,
                224.736572265625,
                424.1750793457031
            ],
            "ClipBounds": [
                162.02000427246094,
                411.6373596191406,
                224.736572265625,
                424.1750793457031
            ],
            "Font": {
                "alt_family_name": "Titlingmes New Roman PS",
                "embedded": false,
                "encoding": "WinAnsiEncoding",
                "family_name": "Titlingmes New Roman PS",
                "font_type": "TrueType",
                "italic": false,
                "monospaced": false,
                "name": "TimesNewRomanPS-BoldMT",
                "subset": false,
                "weight": 700
            },
            "HasClip": true,
            "Page": 0,
            "Path": "//Document/P[14]/Sub",
            "Text": "CORAM: ",
            "TextSize": 14.039993286132812,
            "attributes": {
                "Placement": "Block"
            }
        },
        {
            "Bounds": [
                162.02000427246094,
                395.55735778808594,
                370.97731018066406,
                408.09507751464844
            ],
            "ClipBounds": [
                162.02000427246094,
                395.55735778808594,
                370.97731018066406,
                408.09507751464844
            ],
            "Font": {
                "alt_family_name": "Titlingmes New Roman PS",
                "embedded": false,
                "encoding": "WinAnsiEncoding",
                "family_name": "Titlingmes New Roman PS",
                "font_type": "TrueType",
                "italic": false,
                "monospaced": false,
                "name": "TimesNewRomanPS-BoldMT",
                "subset": false,
                "weight": 700
            },
            "HasClip": true,
            "Page": 0,
            "Path": "//Document/P[14]/Sub[2]",
            "Text": "JUSTICE PRATHIBA M. SINGH ",
            "TextSize": 14.039993286132812,
            "attributes": {
                "Placement": "Block"
            }
        },
        {
            "Bounds": [
                126.02000427246094,
                371.4173583984375,
                298.8752136230469,
                383.955078125
            ],
            "ClipBounds": [
                126.02000427246094,
                371.4173583984375,
                298.8752136230469,
                383.955078125
            ],
            "Font": {
                "alt_family_name": "Titlingmes New Roman PS",
                "embedded": false,
                "encoding": "WinAnsiEncoding",
                "family_name": "Titlingmes New Roman PS",
                "font_type": "TrueType",
                "italic": false,
                "monospaced": false,
                "name": "TimesNewRomanPS-BoldMT",
                "subset": false,
                "weight": 700
            },
            "HasClip": true,
            "Lang": "en",
            "Page": 0,
            "Path": "//Document/H1",
            "Text": "Prathiba M. Singh, J. (Oral) ",
            "TextSize": 14.039993286132812,
            "attributes": {
                "LineHeight": 16.875,
                "SpaceAfter": 7.375
            }
        },
        {
            "Bounds": [
                126.02000427246094,
                347.17735290527344,
                143.6300048828125,
                359.93971252441406
            ],
            "ClipBounds": [
                126.02000427246094,
                347.17735290527344,
                143.6300048828125,
                359.93971252441406
            ],
            "Font": {
                "alt_family_name": "Titlingmes New Roman PSMT",
                "embedded": false,
                "encoding": "WinAnsiEncoding",
                "family_name": "Titlingmes New Roman PSMT",
                "font_type": "TrueType",
                "italic": false,
                "monospaced": false,
                "name": "TimesNewRomanPSMT",
                "subset": false,
                "weight": 400
            },
            "HasClip": true,
            "Page": 0,
            "Path": "//Document/L/LI/Lbl",
            "Text": "1.  ",
            "TextSize": 14.039993286132812
        },
        {
            "Bounds": [
                162.02000427246094,
                347.17735290527344,
                444.0315246582031,
                359.93971252441406
            ],
            "ClipBounds": [
                162.02000427246094,
                347.17735290527344,
                444.0315246582031,
                359.93971252441406
            ],
            "Font": {
                "alt_family_name": "Titlingmes New Roman PSMT",
                "embedded": false,
                "encoding": "WinAnsiEncoding",
                "family_name": "Titlingmes New Roman PSMT",
                "font_type": "TrueType",
                "italic": false,
                "monospaced": false,
                "name": "TimesNewRomanPSMT",
                "subset": false,
                "weight": 400
            },
            "HasClip": true,
            "Page": 0,
            "Path": "//Document/L/LI/LBody",
            "Text": "This hearing has been done through hybrid mode. ",
            "TextSize": 14.039993286132812
        },
        {
            "Bounds": [
                126.02000427246094,
                323.05735778808594,
                435.896728515625,
                335.59507751464844
            ],
            "ClipBounds": [
                126.02000427246094,
                323.05735778808594,
                435.896728515625,
                335.59507751464844
            ],
            "Font": {
                "alt_family_name": "Titlingmes New Roman PS",
                "embedded": false,
                "encoding": "WinAnsiEncoding",
                "family_name": "Titlingmes New Roman PS",
                "font_type": "TrueType",
                "italic": false,
                "monospaced": false,
                "name": "TimesNewRomanPS-BoldMT",
                "subset": false,
                "weight": 700
            },
            "HasClip": true,
            "Lang": "en",
            "Page": 0,
            "Path": "//Document/H1[2]",
            "Text": "I.A. 12673/2022 & I.A. 12674/2022 (for exemptions) ",
            "TextSize": 14.039993286132812,
            "attributes": {
                "LineHeight": 16.875,
                "SpaceAfter": 7.25
            }
        },
        {
            "Bounds": [
                126.02000427246094,
                298.93736267089844,
                140.24124145507812,
                311.69972229003906
            ],
            "ClipBounds": [
                126.02000427246094,
                298.93736267089844,
                140.24124145507812,
                311.69972229003906
            ],
            "Font": {
                "alt_family_name": "Titlingmes New Roman PSMT",
                "embedded": false,
                "encoding": "WinAnsiEncoding",
                "family_name": "Titlingmes New Roman PSMT",
                "font_type": "TrueType",
                "italic": false,
                "monospaced": false,
                "name": "TimesNewRomanPSMT",
                "subset": false,
                "weight": 400
            },
            "HasClip": true,
            "Page": 0,
            "Path": "//Document/L[2]/LI/Lbl",
            "Text": "2. ",
            "TextSize": 14.039993286132812
        },
        {
            "Bounds": [
                162.02000427246094,
                298.93736267089844,
                549.5519714355469,
                311.69972229003906
            ],
            "ClipBounds": [
                162.02000427246094,
                298.93736267089844,
                549.5519714355469,
                311.69972229003906
            ],
            "Font": {
                "alt_family_name": "Titlingmes New Roman PSMT",
                "embedded": false,
                "encoding": "WinAnsiEncoding",
                "family_name": "Titlingmes New Roman PSMT",
                "font_type": "TrueType",
                "italic": false,
                "monospaced": false,
                "name": "TimesNewRomanPSMT",
                "subset": false,
                "weight": 400
            },
            "HasClip": true,
            "Page": 0,
            "Path": "//Document/L[2]/LI/LBody",
            "Text": "Allowed, subject to all just exceptions. Applications are disposed of. ",
            "TextSize": 14.039993286132812
        },
        {
            "Bounds": [
                123.75,
                266.82000732421875,
                324.84608459472656,
                290.9700012207031
            ],
            "ClipBounds": [
                123.75,
                266.82000732421875,
                324.84608459472656,
                290.9700012207031
            ],
            "Font": {
                "alt_family_name": "Titlingmes New Roman PS",
                "embedded": false,
                "encoding": "WinAnsiEncoding",
                "family_name": "Titlingmes New Roman PS",
                "font_type": "TrueType",
                "italic": false,
                "monospaced": false,
                "name": "TimesNewRomanPS-BoldMT",
                "subset": false,
                "weight": 700
            },
            "HasClip": true,
            "Page": 0,
            "Path": "//Document/H1[3]/StyleSpan/Reference",
            "Text": "C.A.(COMM.IPD-TM) 146/2022 ",
            "TextSize": 14.039993286132812
        },
        {
            "Bounds": [
                123.75,
                266.82000732421875,
                494.7581329345703,
                290.9700012207031
            ],
            "ClipBounds": [
                123.75,
                266.82000732421875,
                494.7581329345703,
                290.9700012207031
            ],
            "Font": {
                "alt_family_name": "Titlingmes New Roman PS",
                "embedded": false,
                "encoding": "WinAnsiEncoding",
                "family_name": "Titlingmes New Roman PS",
                "font_type": "TrueType",
                "italic": false,
                "monospaced": false,
                "name": "TimesNewRomanPS-BoldMT",
                "subset": false,
                "weight": 700
            },
            "HasClip": true,
            "Lang": "en",
            "Page": 0,
            "Path": "//Document/H1[3]/StyleSpan",
            "Text": "& I.A. 12672/2022 (for stay) ",
            "TextSize": 14.039993286132812,
            "attributes": {
                "LineHeight": 16.875
            }
        },
        {
            "Bounds": [
                126.02000427246094,
                250.57736206054688,
                140.24124145507812,
                263.3397216796875
            ],
            "ClipBounds": [
                126.02000427246094,
                250.57736206054688,
                140.24124145507812,
                263.3397216796875
            ],
            "Font": {
                "alt_family_name": "Titlingmes New Roman PSMT",
                "embedded": false,
                "encoding": "WinAnsiEncoding",
                "family_name": "Titlingmes New Roman PSMT",
                "font_type": "TrueType",
                "italic": false,
                "monospaced": false,
                "name": "TimesNewRomanPSMT",
                "subset": false,
                "weight": 400
            },
            "HasClip": true,
            "Page": 0,
            "Path": "//Document/L[3]/LI/Lbl",
            "Text": "3. ",
            "TextSize": 14.039993286132812
        },
        {
            "Bounds": [
                126.02000427246094,
                129.79928588867188,
                560.9162750244141,
                263.3397216796875
            ],
            "ClipBounds": [
                126.02000427246094,
                129.79928588867188,
                560.9162750244141,
                263.3397216796875
            ],
            "Font": {
                "alt_family_name": "Titlingmes New Roman PSMT",
                "embedded": false,
                "encoding": "WinAnsiEncoding",
                "family_name": "Titlingmes New Roman PSMT",
                "font_type": "TrueType",
                "italic": false,
                "monospaced": false,
                "name": "TimesNewRomanPSMT",
                "subset": false,
                "weight": 400
            },
            "HasClip": true,
            "Page": 0,
            "Path": "//Document/L[3]/LI/LBody/ParagraphSpan",
            "Text": "This is an appeal filed under Section 91 of the Trade Marks Act, 1999 (hereinafter ‘Act’) challenging the order of the Trademark Registry dated 21st July, 2022 dismissing opposition no.204995 of the Appellant/Opponent (hereinafter ‘Opponent’) against trade mark application no.1309040 of Respondent No.1/ Applicant (hereinafter ‘Applicant’) for the mark ‘Dabur Glucorid KP (Label)’ in class 5. Vide the said order, the extension of time ",
            "TextSize": 14.039993286132812
        },
        {
            "Bounds": [
                126.02000427246094,
                620.9473571777344,
                560.8798065185547,
                730.3097229003906
            ],
            "ClipBounds": [
                126.02000427246094,
                620.9473571777344,
                560.8798065185547,
                730.3097229003906
            ],
            "Font": {
                "alt_family_name": "Titlingmes New Roman PSMT",
                "embedded": false,
                "encoding": "WinAnsiEncoding",
                "family_name": "Titlingmes New Roman PSMT",
                "font_type": "TrueType",
                "italic": false,
                "monospaced": false,
                "name": "TimesNewRomanPSMT",
                "subset": false,
                "weight": 400
            },
            "HasClip": true,
            "Page": 1,
            "Path": "//Document/L[3]/LI/LBody/ParagraphSpan[2]",
            "Text": "sought by the Appellant for taking the evidence on record under Rule 50(3) of the Trade Marks Rules, 2002, (hereinafter ‘2002 Rules’), after delay in service of evidence to the Applicant, was rejected and in effect the opposition has been deemed to have been abandoned under Rule 50(2) of 2002 Rules.  ",
            "TextSize": 14.039993286132812
        },
        {
            "Bounds": [
                185.64999389648438,
                265.97999572753906,
                497.6499938964844,
                575.7299957275391
            ],
            "ClipBounds": [
                185.64999389648438,
                265.97999572753906,
                497.6499938964844,
                575.7299957275391
            ],
            "HasClip": true,
            "Image": {
                "bits_per_component": 8,
                "colorspace": {
                    "Name": "DeviceRGB"
                },
                "data_length": 2061696,
                "height": 826,
                "resolution_horizontal": 192.0,
                "resolution_vertical": 192.0,
                "width": 832
            },
            "Page": 1,
            "Path": "//Document/Watermark[2]"
        },
        {
            "Bounds": [
                126.02000427246094,
                596.8273620605469,
                140.24124145507812,
                609.5897216796875
            ],
            "ClipBounds": [
                126.02000427246094,
                596.8273620605469,
                140.24124145507812,
                609.5897216796875
            ],
            "Font": {
                "alt_family_name": "Titlingmes New Roman PSMT",
                "embedded": false,
                "encoding": "WinAnsiEncoding",
                "family_name": "Titlingmes New Roman PSMT",
                "font_type": "TrueType",
                "italic": false,
                "monospaced": false,
                "name": "TimesNewRomanPSMT",
                "subset": false,
                "weight": 400
            },
            "HasClip": true,
            "Page": 1,
            "Path": "//Document/L[4]/LI/Lbl",
            "Text": "4. ",
            "TextSize": 14.039993286132812
        },
        {
            "Bounds": [
                126.02000427246094,
                427.7173614501953,
                560.9398040771484,
                609.5897216796875
            ],
            "ClipBounds": [
                126.02000427246094,
                427.7173614501953,
                560.9398040771484,
                609.5897216796875
            ],
            "Font": {
                "alt_family_name": "Titlingmes New Roman PSMT",
                "embedded": false,
                "encoding": "WinAnsiEncoding",
                "family_name": "Titlingmes New Roman PSMT",
                "font_type": "TrueType",
                "italic": false,
                "monospaced": false,
                "name": "TimesNewRomanPSMT",
                "subset": false,
                "weight": 400
            },
            "HasClip": true,
            "Page": 1,
            "Path": "//Document/L[4]/LI/LBody",
            "Text": "In the opinion of the Court, the appeal raises an important question as to the time limit within which evidence is to be filed in opposition proceedings before the Trademark Registry. As per Section 21(1) of the Act, the time limit for opposing a trademark which is advertised is clearly prescribed as four months from the date of advertisement. As per Section 21(2) of the Act, upon the statement of opposition being served to the Applicant, the counter-statement has to be filed within two months from the receipt of the notice of opposition. ",
            "TextSize": 14.039993286132812
        },
        {
            "Bounds": [
                126.02000427246094,
                403.5973663330078,
                140.24124145507812,
                416.35972595214844
            ],
            "ClipBounds": [
                126.02000427246094,
                403.5973663330078,
                140.24124145507812,
                416.35972595214844
            ],
            "Font": {
                "alt_family_name": "Titlingmes New Roman PSMT",
                "embedded": false,
                "encoding": "WinAnsiEncoding",
                "family_name": "Titlingmes New Roman PSMT",
                "font_type": "TrueType",
                "italic": false,
                "monospaced": false,
                "name": "TimesNewRomanPSMT",
                "subset": false,
                "weight": 400
            },
            "HasClip": true,
            "Page": 1,
            "Path": "//Document/L[4]/LI[2]/Lbl",
            "Text": "5. ",
            "TextSize": 14.039993286132812
        },
        {
            "Bounds": [
                126.02000427246094,
                113.74736022949219,
                561.029052734375,
                416.35972595214844
            ],
            "ClipBounds": [
                126.02000427246094,
                113.74736022949219,
                561.029052734375,
                416.35972595214844
            ],
            "Font": {
                "alt_family_name": "Titlingmes New Roman PSMT",
                "embedded": false,
                "encoding": "WinAnsiEncoding",
                "family_name": "Titlingmes New Roman PSMT",
                "font_type": "TrueType",
                "italic": false,
                "monospaced": false,
                "name": "TimesNewRomanPSMT",
                "subset": false,
                "weight": 400
            },
            "HasClip": true,
            "Page": 1,
            "Path": "//Document/L[4]/LI[2]/LBody/ParagraphSpan",
            "Text": "Section 21 of the Act contemplates filing of evidence by the Opponent and the Applicant. However, time limits for filing of evidence are not prescribed in the Act and the same are laid down in the Rules. Rule 45 of the Trade Marks Rules, 2017 (hereinafter ‘2017 Rules’), which are currently in place, requires the Opponent to file evidence by way of affidavit within two months from the service of the copy of the counter-statement. The position under Rule 50 of the erstwhile 2002 Rules was that apart from the two-month period, an extension of one month could be granted by the Registrar if the same was sought under Form TM -56 in terms of Rule 50(3) of the 2002 Rules. The corresponding provision in 2017 Rules, i.e., Rule 45, however, has omitted the one-month extension period. As per Rule 46 of the 2017 Rules, evidence has to be adduced by the Applicant within two months of the receipt of the evidence of the Opponent. Under Rule 47 of the 2017 ",
            "TextSize": 14.039993286132812
        },
        {
            "Bounds": [
                126.02000427246094,
                596.8273620605469,
                561.0058898925781,
                730.3097229003906
            ],
            "ClipBounds": [
                126.02000427246094,
                596.8273620605469,
                561.0058898925781,
                730.3097229003906
            ],
            "Font": {
                "alt_family_name": "Titlingmes New Roman PSMT",
                "embedded": false,
                "encoding": "WinAnsiEncoding",
                "family_name": "Titlingmes New Roman PSMT",
                "font_type": "TrueType",
                "italic": false,
                "monospaced": false,
                "name": "TimesNewRomanPSMT",
                "subset": false,
                "weight": 400
            },
            "HasClip": true,
            "Page": 2,
            "Path": "//Document/L[4]/LI[2]/LBody/ParagraphSpan[2]",
            "Text": "Rules, within one month, the evidence in reply has to be filed by the Opponent. Under Rule 48 of the 2017 Rules, further evidence can be entertained if leave is sought by either of the parties. This is usually done, as per the practice of Registrar of Trademarks, by filing of an Interlocutory Petition (I.P.). The time period for filing pleadings and evidence in opposition proceedings is therefore as under: ",
            "TextSize": 14.039993286132812
        },
        {
            "Bounds": [
                185.64999389648438,
                265.97999572753906,
                497.6499938964844,
                575.7299957275391
            ],
            "ClipBounds": [
                185.64999389648438,
                265.97999572753906,
                497.6499938964844,
                575.7299957275391
            ],
            "HasClip": true,
            "Image": {
                "bits_per_component": 8,
                "colorspace": {
                    "Name": "DeviceRGB"
                },
                "data_length": 2061696,
                "height": 826,
                "resolution_horizontal": 192.0,
                "resolution_vertical": 192.0,
                "width": 832
            },
            "Page": 2,
            "Path": "//Document/Watermark[3]"
        },
        {
            "Bounds": [
                174.97999572753906,
                356.4173583984375,
                511.9252166748047,
                585.4697265625
            ],
            "ClipBounds": [
                174.97999572753906,
                356.4173583984375,
                511.9252166748047,
                585.4697265625
            ],
            "Font": {
                "alt_family_name": "Titlingmes New Roman PSMT",
                "embedded": false,
                "encoding": "WinAnsiEncoding",
                "family_name": "Titlingmes New Roman PSMT",
                "font_type": "TrueType",
                "italic": false,
                "monospaced": false,
                "name": "TimesNewRomanPSMT",
                "subset": false,
                "weight": 400
            },
            "HasClip": true,
            "Lang": "en",
            "Page": 2,
            "Path": "//Document/P[15]",
            "Text": "Notice of Opposition to Registration -Four months [Section 21(1) of the Act] Counter-statement-Two months [Section 21(2) of the Act] Evidence in support of Opposition -Two months [Section 21(4) of the Act r/w Rule 45(1) of the 2017 Rules] Evidence in support of Application-Two months [Section 21(4) of the Act r/w Rule 46(1) of the 2017 Rules] ",
            "TextSize": 14.039993286132812,
            "attributes": {
                "LineHeight": 30.875,
                "TextAlign": "Center"
            }
        },
        {
            "Bounds": [
                203.80999755859375,
                302.4173583984375,
                483.2078552246094,
                315.1797180175781
            ],
            "ClipBounds": [
                203.80999755859375,
                302.4173583984375,
                483.2078552246094,
                315.1797180175781
            ],
            "Font": {
                "alt_family_name": "Titlingmes New Roman PS",
                "embedded": false,
                "encoding": "WinAnsiEncoding",
                "family_name": "Titlingmes New Roman PS",
                "font_type": "TrueType",
                "italic": false,
                "monospaced": false,
                "name": "TimesNewRomanPS-BoldMT",
                "subset": false,
                "weight": 700
            },
            "HasClip": true,
            "Page": 2,
            "Path": "//Document/P[16]/Sub/StyleSpan",
            "Text": "Evidence in Reply by the Opponent-One month ",
            "TextSize": 14.039993286132812,
            "attributes": {
                "TextDecorationColor": [
                    0,
                    0,
                    0
                ],
                "TextDecorationThickness": 0,
                "TextDecorationType": "Underline"
            }
        },
        {
            "Bounds": [
                183.1699981689453,
                286.3373565673828,
                503.7652130126953,
                299.09971618652344
            ],
            "ClipBounds": [
                183.1699981689453,
                286.3373565673828,
                503.7652130126953,
                299.09971618652344
            ],
            "Font": {
                "alt_family_name": "Titlingmes New Roman PSMT",
                "embedded": false,
                "encoding": "WinAnsiEncoding",
                "family_name": "Titlingmes New Roman PSMT",
                "font_type": "TrueType",
                "italic": false,
                "monospaced": false,
                "name": "TimesNewRomanPSMT",
                "subset": false,
                "weight": 400
            },
            "HasClip": true,
            "Page": 2,
            "Path": "//Document/P[16]/Sub[2]",
            "Text": "[Section 21(4) of the Act r/w Rule 47 of the 2017 Rules] ",
            "TextSize": 14.039993286132812,
            "attributes": {
                "Placement": "Block"
            }
        },
        {
            "Bounds": [
                126.02000427246094,
                258.73736572265625,
                140.24124145507812,
                271.4997253417969
            ],
            "ClipBounds": [
                126.02000427246094,
                258.73736572265625,
                140.24124145507812,
                271.4997253417969
            ],
            "Font": {
                "alt_family_name": "Titlingmes New Roman PSMT",
                "embedded": false,
                "encoding": "WinAnsiEncoding",
                "family_name": "Titlingmes New Roman PSMT",
                "font_type": "TrueType",
                "italic": false,
                "monospaced": false,
                "name": "TimesNewRomanPSMT",
                "subset": false,
                "weight": 400
            },
            "HasClip": true,
            "Page": 2,
            "Path": "//Document/L[5]/LI/Lbl",
            "Text": "6. ",
            "TextSize": 14.039993286132812
        },
        {
            "Bounds": [
                126.02000427246094,
                113.74736022949219,
                560.8308410644531,
                271.4997253417969
            ],
            "ClipBounds": [
                126.02000427246094,
                113.74736022949219,
                560.8308410644531,
                271.4997253417969
            ],
            "Font": {
                "alt_family_name": "Titlingmes New Roman PSMT",
                "embedded": false,
                "encoding": "WinAnsiEncoding",
                "family_name": "Titlingmes New Roman PSMT",
                "font_type": "TrueType",
                "italic": false,
                "monospaced": false,
                "name": "TimesNewRomanPSMT",
                "subset": false,
                "weight": 400
            },
            "HasClip": true,
            "Page": 2,
            "Path": "//Document/L[5]/LI/LBody",
            "Text": "In the present case, the counter statement was served on the Opponent on 12th June, 2007. This position is not disputed by either of the parties. Evidence was filed by the Opponent with the Trade Marks Registry on 10th August, 2007. The error / lapse on behalf of the Opponent was that before filing the hard copy of the evidence in support of the opposition in the Trademark Registry, a copy of the same was not served on the Applicant within the prescribed time. The same was only served by courier sent on 14th ",
            "TextSize": 9.0
        },
        {
            "Bounds": [
                185.64999389648438,
                265.97999572753906,
                497.6499938964844,
                575.7299957275391
            ],
            "ClipBounds": [
                185.64999389648438,
                265.97999572753906,
                497.6499938964844,
                575.7299957275391
            ],
            "HasClip": true,
            "Image": {
                "bits_per_component": 8,
                "colorspace": {
                    "Name": "DeviceRGB"
                },
                "data_length": 2061696,
                "height": 826,
                "resolution_horizontal": 192.0,
                "resolution_vertical": 192.0,
                "width": 832
            },
            "Page": 3,
            "Path": "//Document/Watermark[4]"
        },
        {
            "Bounds": [
                126.02000427246094,
                645.0673675537109,
                560.8428344726562,
                731.8569946289062
            ],
            "ClipBounds": [
                126.02000427246094,
                645.0673675537109,
                560.8428344726562,
                731.8569946289062
            ],
            "Font": {
                "alt_family_name": "Titlingmes New Roman PSMT",
                "embedded": false,
                "encoding": "WinAnsiEncoding",
                "family_name": "Titlingmes New Roman PSMT",
                "font_type": "TrueType",
                "italic": false,
                "monospaced": false,
                "name": "TimesNewRomanPSMT",
                "subset": false,
                "weight": 400
            },
            "HasClip": true,
            "Lang": "en",
            "Page": 3,
            "Path": "//Document/P[17]",
            "Text": "August, 2007 and received by the Applicant on 16th August, 2007. So, at best, there was a delay of a couple of days in the service of the evidence upon the Applicant, though the same was filed with the Trade Mark Registry within the timeline prescribed. ",
            "TextSize": 14.039993286132812,
            "attributes": {
                "LineHeight": 24.125,
                "TextAlign": "Justify"
            }
        },
        {
            "Bounds": [
                126.02000427246094,
                620.9473571777344,
                140.24124145507812,
                633.709716796875
            ],
            "ClipBounds": [
                126.02000427246094,
                620.9473571777344,
                140.24124145507812,
                633.709716796875
            ],
            "Font": {
                "alt_family_name": "Titlingmes New Roman PSMT",
                "embedded": false,
                "encoding": "WinAnsiEncoding",
                "family_name": "Titlingmes New Roman PSMT",
                "font_type": "TrueType",
                "italic": false,
                "monospaced": false,
                "name": "TimesNewRomanPSMT",
                "subset": false,
                "weight": 400
            },
            "HasClip": true,
            "Page": 3,
            "Path": "//Document/L[6]/LI/Lbl",
            "Text": "7. ",
            "TextSize": 14.039993286132812
        },
        {
            "Bounds": [
                126.02000427246094,
                524.3173675537109,
                561.0038757324219,
                633.709716796875
            ],
            "ClipBounds": [
                126.02000427246094,
                524.3173675537109,
                561.0038757324219,
                633.709716796875
            ],
            "Font": {
                "alt_family_name": "Titlingmes New Roman PSMT",
                "embedded": false,
                "encoding": "WinAnsiEncoding",
                "family_name": "Titlingmes New Roman PSMT",
                "font_type": "TrueType",
                "italic": false,
                "monospaced": false,
                "name": "TimesNewRomanPSMT",
                "subset": false,
                "weight": 400
            },
            "HasClip": true,
            "Page": 3,
            "Path": "//Document/L[6]/LI/LBody",
            "Text": "The present case would be governed by Rule 50 of the 2002 Rules. Thus, under Rule 50(3) of the 2002 Rules, prima facie, one month period extension could have been granted by the Registrar, however, the same was rejected as the extension of time was sought by the Opponent only on 21st July, 2022, just after the hearing was held. ",
            "TextSize": 14.039993286132812
        },
        {
            "Bounds": [
                126.02000427246094,
                500.1973571777344,
                140.24124145507812,
                512.959716796875
            ],
            "ClipBounds": [
                126.02000427246094,
                500.1973571777344,
                140.24124145507812,
                512.959716796875
            ],
            "Font": {
                "alt_family_name": "Titlingmes New Roman PSMT",
                "embedded": false,
                "encoding": "WinAnsiEncoding",
                "family_name": "Titlingmes New Roman PSMT",
                "font_type": "TrueType",
                "italic": false,
                "monospaced": false,
                "name": "TimesNewRomanPSMT",
                "subset": false,
                "weight": 400
            },
            "HasClip": true,
            "Page": 3,
            "Path": "//Document/L[6]/LI[2]/Lbl",
            "Text": "8. ",
            "TextSize": 14.039993286132812
        },
        {
            "Bounds": [
                126.02000427246094,
                379.4573669433594,
                560.9589996337891,
                512.959716796875
            ],
            "ClipBounds": [
                126.02000427246094,
                379.4573669433594,
                560.9589996337891,
                512.959716796875
            ],
            "Font": {
                "alt_family_name": "Titlingmes New Roman PSMT",
                "embedded": false,
                "encoding": "WinAnsiEncoding",
                "family_name": "Titlingmes New Roman PSMT",
                "font_type": "TrueType",
                "italic": false,
                "monospaced": false,
                "name": "TimesNewRomanPSMT",
                "subset": false,
                "weight": 400
            },
            "HasClip": true,
            "Page": 3,
            "Path": "//Document/L[6]/LI[2]/LBody",
            "Text": "Apropos the above legal position, ld. Counsel for the parties have brought to the notice of the Court, the judgment of the IPAB in Sahil Kohli v. Registrar of Trade Mark 2018 SCC OnLine IPAB 55. In the said case, the ld. IPAB has taken a view that under Rule 45 of the 2017 Rules read with Sections 21 & 131 of the Act, the Registrar has the discretion to extend the time period for filing the evidence in support of the opposition. ",
            "TextSize": 14.039993286132812
        },
        {
            "Bounds": [
                126.02000427246094,
                355.3373565673828,
                140.24124145507812,
                368.09971618652344
            ],
            "ClipBounds": [
                126.02000427246094,
                355.3373565673828,
                140.24124145507812,
                368.09971618652344
            ],
            "Font": {
                "alt_family_name": "Titlingmes New Roman PSMT",
                "embedded": false,
                "encoding": "WinAnsiEncoding",
                "family_name": "Titlingmes New Roman PSMT",
                "font_type": "TrueType",
                "italic": false,
                "monospaced": false,
                "name": "TimesNewRomanPSMT",
                "subset": false,
                "weight": 400
            },
            "HasClip": true,
            "Page": 3,
            "Path": "//Document/L[6]/LI[3]/Lbl",
            "Text": "9. ",
            "TextSize": 14.039993286132812
        },
        {
            "Bounds": [
                126.02000427246094,
                210.3773651123047,
                560.8873291015625,
                368.09971618652344
            ],
            "ClipBounds": [
                126.02000427246094,
                210.3773651123047,
                560.8873291015625,
                368.09971618652344
            ],
            "Font": {
                "alt_family_name": "Titlingmes New Roman PSMT",
                "embedded": false,
                "encoding": "WinAnsiEncoding",
                "family_name": "Titlingmes New Roman PSMT",
                "font_type": "TrueType",
                "italic": false,
                "monospaced": false,
                "name": "TimesNewRomanPSMT",
                "subset": false,
                "weight": 400
            },
            "HasClip": true,
            "Page": 3,
            "Path": "//Document/L[6]/LI[3]/LBody",
            "Text": "Ld. Counsels for the parties submit that they would like to cite case law to assist the Court in this regard. Ld. Counsel for the Registrar of Trademarks to also assist the Court on the next date on the interpretation of Rules in this regard. Since the same would also have bearing on a large number of opposition proceedings and the manner in which they are dealt with, if any ld. Counsels wish to assist the Court, they are free to file written submissions on record. ",
            "TextSize": 14.039993286132812
        },
        {
            "Bounds": [
                126.02000427246094,
                186.22735595703125,
                147.3216552734375,
                198.98971557617188
            ],
            "ClipBounds": [
                126.02000427246094,
                186.22735595703125,
                147.3216552734375,
                198.98971557617188
            ],
            "Font": {
                "alt_family_name": "Titlingmes New Roman PSMT",
                "embedded": false,
                "encoding": "WinAnsiEncoding",
                "family_name": "Titlingmes New Roman PSMT",
                "font_type": "TrueType",
                "italic": false,
                "monospaced": false,
                "name": "TimesNewRomanPSMT",
                "subset": false,
                "weight": 400
            },
            "HasClip": true,
            "Page": 3,
            "Path": "//Document/L[6]/LI[4]/Lbl",
            "Text": "10. ",
            "TextSize": 14.039993286132812
        },
        {
            "Bounds": [
                126.02000427246094,
                113.74736022949219,
                560.8703155517578,
                198.98971557617188
            ],
            "ClipBounds": [
                126.02000427246094,
                113.74736022949219,
                560.8703155517578,
                198.98971557617188
            ],
            "Font": {
                "alt_family_name": "Titlingmes New Roman PSMT",
                "embedded": false,
                "encoding": "WinAnsiEncoding",
                "family_name": "Titlingmes New Roman PSMT",
                "font_type": "TrueType",
                "italic": false,
                "monospaced": false,
                "name": "TimesNewRomanPSMT",
                "subset": false,
                "weight": 400
            },
            "HasClip": true,
            "Page": 3,
            "Path": "//Document/L[6]/LI[4]/LBody/ParagraphSpan",
            "Text": "In the meanwhile, considering the fact that the evidence was filed within time before the Trademark Registry and the lapse was only in the delay in service to ld. Counsel for the Applicant, the Registrar of Trademarks shall proceed with the hearing of opposition on merits and pass ",
            "TextSize": 14.039993286132812
        },
        {
            "Bounds": [
                126.02000427246094,
                717.0559539794922,
                145.18467712402344,
                730.3518371582031
            ],
            "ClipBounds": [
                126.02000427246094,
                717.0559539794922,
                145.18467712402344,
                730.3518371582031
            ],
            "Font": {
                "alt_family_name": "Scriptipt MT Bold",
                "embedded": true,
                "encoding": "WinAnsiEncoding",
                "family_name": "Scriptipt MT Bold",
                "font_type": "TrueType",
                "italic": false,
                "monospaced": false,
                "name": "BCDEEE+Script MT Bold,Bold",
                "subset": true,
                "weight": 700
            },
            "HasClip": true,
            "Page": 4,
            "Path": "//Document/L[6]/LI[4]/LBody/ParagraphSpan[2]",
            "Text": "al",
            "TextSize": 14.039993286132812
        },
        {
            "Bounds": [
                185.64999389648438,
                265.97999572753906,
                497.6499938964844,
                575.7299957275391
            ],
            "ClipBounds": [
                185.64999389648438,
                265.97999572753906,
                497.6499938964844,
                575.7299957275391
            ],
            "HasClip": true,
            "Image": {
                "bits_per_component": 8,
                "colorspace": {
                    "Name": "DeviceRGB"
                },
                "data_length": 2061696,
                "height": 826,
                "resolution_horizontal": 192.0,
                "resolution_vertical": 192.0,
                "width": 832
            },
            "Page": 4,
            "Path": "//Document/Watermark[5]"
        },
        {
            "Bounds": [
                126.02000427246094,
                692.9359588623047,
                126.26165771484375,
                706.2318420410156
            ],
            "ClipBounds": [
                126.02000427246094,
                692.9359588623047,
                126.26165771484375,
                706.2318420410156
            ],
            "Font": {
                "alt_family_name": "Scriptipt MT Bold",
                "embedded": true,
                "encoding": "WinAnsiEncoding",
                "family_name": "Scriptipt MT Bold",
                "font_type": "TrueType",
                "italic": false,
                "monospaced": false,
                "name": "BCDEEE+Script MT Bold,Bold",
                "subset": true,
                "weight": 700
            },
            "HasClip": true,
            "Page": 4,
            "Path": "//Document/L[7]/LI/Lbl",
            "Text": "",
            "TextSize": 14.039993286132812
        },
        {
            "Bounds": [
                125.97787475585938,
                644.5759582519531,
                411.0546875,
                706.2318420410156
            ],
            "ClipBounds": [
                125.97787475585938,
                644.5759582519531,
                411.0546875,
                706.2318420410156
            ],
            "Font": {
                "alt_family_name": "Scriptipt MT Bold",
                "embedded": true,
                "encoding": "WinAnsiEncoding",
                "family_name": "Scriptipt MT Bold",
                "font_type": "TrueType",
                "italic": false,
                "monospaced": false,
                "name": "BCDEEE+Script MT Bold,Bold",
                "subset": true,
                "weight": 700
            },
            "HasClip": true,
            "Page": 4,
            "Path": "//Document/L[7]/LI/LBody",
            "Text": "halahhuhahhuuahuahaulauhha",
            "TextSize": 14.039993286132812
        },
        {
            "Bounds": [
                126.02000427246094,
                620.4559631347656,
                126.02000427246094,
                633.7518463134766
            ],
            "Font": {
                "alt_family_name": "Scriptipt MT Bold",
                "embedded": true,
                "encoding": "WinAnsiEncoding",
                "family_name": "Scriptipt MT Bold",
                "font_type": "TrueType",
                "italic": false,
                "monospaced": false,
                "name": "BCDEEE+Script MT Bold,Bold",
                "subset": true,
                "weight": 700
            },
            "HasClip": true,
            "Page": 4,
            "Path": "//Document/L[7]/LI[2]/Lbl",
            "Text": "",
            "TextSize": 14.039993286132812
        },
        {
            "Bounds": [
                126.02000427246094,
                596.3359527587891,
                540.2837829589844,
                635.2839965820312
            ],
            "ClipBounds": [
                126.02000427246094,
                596.3359527587891,
                540.2837829589844,
                635.2839965820312
            ],
            "Font": {
                "alt_family_name": "Scriptipt MT Bold",
                "embedded": true,
                "encoding": "WinAnsiEncoding",
                "family_name": "Scriptipt MT Bold",
                "font_type": "TrueType",
                "italic": false,
                "monospaced": false,
                "name": "BCDEEE+Script MT Bold,Bold",
                "subset": true,
                "weight": 700
            },
            "HasClip": true,
            "Page": 4,
            "Path": "//Document/L[7]/LI[2]/LBody",
            "Text": "hhallaaaah",
            "TextSize": 14.039993286132812
        },
        {
            "Bounds": [
                126.02000427246094,
                572.7073669433594,
                280.86705017089844,
                585.2450866699219
            ],
            "ClipBounds": [
                126.02000427246094,
                572.7073669433594,
                280.86705017089844,
                585.2450866699219
            ],
            "Font": {
                "alt_family_name": "Titlingmes New Roman PS",
                "embedded": false,
                "encoding": "WinAnsiEncoding",
                "family_name": "Titlingmes New Roman PS",
                "font_type": "TrueType",
                "italic": false,
                "monospaced": false,
                "name": "TimesNewRomanPS-BoldMT",
                "subset": false,
                "weight": 700
            },
            "HasClip": true,
            "Lang": "en",
            "Page": 4,
            "Path": "//Document/H1[4]",
            "Text": "I.A. 12672/2022 (for stay) ",
            "TextSize": 14.039993286132812,
            "attributes": {
                "LineHeight": 16.875
            }
        },
        {
            "Bounds": [
                126.02000427246094,
                547.9459533691406,
                126.14082336425781,
                561.2418365478516
            ],
            "ClipBounds": [
                126.02000427246094,
                547.9459533691406,
                126.14082336425781,
                561.2418365478516
            ],
            "Font": {
                "alt_family_name": "Scriptipt MT Bold",
                "embedded": true,
                "encoding": "WinAnsiEncoding",
                "family_name": "Scriptipt MT Bold",
                "font_type": "TrueType",
                "italic": false,
                "monospaced": false,
                "name": "BCDEEE+Script MT Bold,Bold",
                "subset": true,
                "weight": 700
            },
            "HasClip": true,
            "Page": 4,
            "Path": "//Document/L[8]/LI/Lbl",
            "Text": "",
            "TextSize": 14.039993286132812
        },
        {
            "Bounds": [
                126.02000427246094,
                499.7059631347656,
                560.9530029296875,
                564.0779266357422
            ],
            "ClipBounds": [
                126.02000427246094,
                499.7059631347656,
                560.9530029296875,
                564.0779266357422
            ],
            "Font": {
                "alt_family_name": "Scriptipt MT Bold",
                "embedded": true,
                "encoding": "WinAnsiEncoding",
                "family_name": "Scriptipt MT Bold",
                "font_type": "TrueType",
                "italic": false,
                "monospaced": false,
                "name": "BCDEEE+Script MT Bold,Bold",
                "subset": true,
                "weight": 700
            },
            "HasClip": true,
            "Page": 4,
            "Path": "//Document/L[8]/LI/LBody",
            "Text": "Rhalluh‘Dabur Glucorid KP (Label)’ under trade mark alahhahR",
            "TextSize": 14.039993286132812
        },
        {
            "Bounds": [
                126.02000427246094,
                475.58595275878906,
                126.02000427246094,
                488.8818359375
            ],
            "Font": {
                "alt_family_name": "Scriptipt MT Bold",
                "embedded": true,
                "encoding": "WinAnsiEncoding",
                "family_name": "Scriptipt MT Bold",
                "font_type": "TrueType",
                "italic": false,
                "monospaced": false,
                "name": "BCDEEE+Script MT Bold,Bold",
                "subset": true,
                "weight": 700
            },
            "HasClip": true,
            "Page": 4,
            "Path": "//Document/L[8]/LI[2]/Lbl",
            "Text": "",
            "TextSize": 14.039993286132812
        },
        {
            "Bounds": [
                162.02000427246094,
                476.0773620605469,
                257.7698059082031,
                488.6150817871094
            ],
            "ClipBounds": [
                162.02000427246094,
                476.0773620605469,
                257.7698059082031,
                488.6150817871094
            ],
            "Font": {
                "alt_family_name": "Scriptipt MT Bold",
                "embedded": true,
                "encoding": "WinAnsiEncoding",
                "family_name": "Scriptipt MT Bold",
                "font_type": "TrueType",
                "italic": false,
                "monospaced": false,
                "name": "BCDEEE+Script MT Bold,Bold",
                "subset": true,
                "weight": 700
            },
            "HasClip": true,
            "Page": 4,
            "Path": "//Document/L[8]/LI[2]/LBody",
            "Text": "I.A. 12672/2022 ",
            "TextSize": 14.039993286132812
        },
        {
            "Bounds": [
                414.5800018310547,
                427.7173614501953,
                560.8206329345703,
                440.2550811767578
            ],
            "ClipBounds": [
                414.5800018310547,
                427.7173614501953,
                560.8206329345703,
                440.2550811767578
            ],
            "Font": {
                "alt_family_name": "Titlingmes New Roman PS",
                "embedded": false,
                "encoding": "WinAnsiEncoding",
                "family_name": "Titlingmes New Roman PS",
                "font_type": "TrueType",
                "italic": false,
                "monospaced": false,
                "name": "TimesNewRomanPS-BoldMT",
                "subset": false,
                "weight": 700
            },
            "HasClip": true,
            "Page": 4,
            "Path": "//Document/P[18]/Sub",
            "Text": "PRATHIBA M. SINGH ",
            "TextSize": 14.039993286132812,
            "attributes": {
                "Placement": "Block"
            }
        },
        {
            "Bounds": [
                461.97999572753906,
                411.6373596191406,
                513.0147857666016,
                424.1750793457031
            ],
            "ClipBounds": [
                461.97999572753906,
                411.6373596191406,
                513.0147857666016,
                424.1750793457031
            ],
            "Font": {
                "alt_family_name": "Titlingmes New Roman PS",
                "embedded": false,
                "encoding": "WinAnsiEncoding",
                "family_name": "Titlingmes New Roman PS",
                "font_type": "TrueType",
                "italic": false,
                "monospaced": false,
                "name": "TimesNewRomanPS-BoldMT",
                "subset": false,
                "weight": 700
            },
            "HasClip": true,
            "Page": 4,
            "Path": "//Document/P[18]/Sub[2]",
            "Text": "JUDGE ",
            "TextSize": 14.039993286132812,
            "attributes": {
                "Placement": "Block"
            }
        },
        {
            "Bounds": [
                126.02000427246094,
                395.55735778808594,
                290.1260070800781,
                409.3659973144531
            ],
            "ClipBounds": [
                126.02000427246094,
                395.55735778808594,
                290.1260070800781,
                409.3659973144531
            ],
            "Font": {
                "alt_family_name": "Scriptipt MT Bold",
                "embedded": true,
                "encoding": "WinAnsiEncoding",
                "family_name": "Scriptipt MT Bold",
                "font_type": "TrueType",
                "italic": false,
                "monospaced": false,
                "name": "BCDEEE+Script MT Bold,Bold",
                "subset": true,
                "weight": 700
            },
            "HasClip": true,
            "Lang": "en",
            "Page": 4,
            "Path": "//Document/P[19]",
            "Text": "AUGUST 8, 2022/Rahul/SK ",
            "TextSize": 12.0,
            "attributes": {
                "LineHeight": 16.875,
                "SpaceAfter": 18
            }
        }
    ],
    "pages": [
        {
            "boxes": {
                "CropBox": [
                    0.0,
                    0.0,
                    595.4400024414062,
                    841.6799926757812
                ],
                "MediaBox": [
                    0.0,
                    0.0,
                    595.4400024414062,
                    841.6799926757812
                ]
            },
            "height": 841.6799926757812,
            "is_scanned": false,
            "page_number": 0,
            "rotation": 0,
            "width": 595.4400024414062
        },
        {
            "boxes": {
                "CropBox": [
                    0.0,
                    0.0,
                    595.4400024414062,
                    841.6799926757812
                ],
                "MediaBox": [
                    0.0,
                    0.0,
                    595.4400024414062,
                    841.6799926757812
                ]
            },
            "height": 841.6799926757812,
            "is_scanned": false,
            "page_number": 1,
            "rotation": 0,
            "width": 595.4400024414062
        },
        {
            "boxes": {
                "CropBox": [
                    0.0,
                    0.0,
                    595.4400024414062,
                    841.6799926757812
                ],
                "MediaBox": [
                    0.0,
                    0.0,
                    595.4400024414062,
                    841.6799926757812
                ]
            },
            "height": 841.6799926757812,
            "is_scanned": false,
            "page_number": 2,
            "rotation": 0,
            "width": 595.4400024414062
        },
        {
            "boxes": {
                "CropBox": [
                    0.0,
                    0.0,
                    595.4400024414062,
                    841.6799926757812
                ],
                "MediaBox": [
                    0.0,
                    0.0,
                    595.4400024414062,
                    841.6799926757812
                ]
            },
            "height": 841.6799926757812,
            "is_scanned": false,
            "page_number": 3,
            "rotation": 0,
            "width": 595.4400024414062
        },
        {
            "boxes": {
                "CropBox": [
                    0.0,
                    0.0,
                    595.4400024414062,
                    841.6799926757812
                ],
                "MediaBox": [
                    0.0,
                    0.0,
                    595.4400024414062,
                    841.6799926757812
                ]
            },
            "height": 841.6799926757812,
            "is_scanned": false,
            "page_number": 4,
            "rotation": 0,
            "width": 595.4400024414062
        }
    ]
}