{
    "meta": {
        "start_date": "2022-08-09",
        "end_date": "2022-09-06"
    },
    "data": [
        {
            "diary_number": "98 / 2019",
            "case_number": "C.A. No.-005527-005527 / 2022",
            "by": "HON'BLE MR. JUSTICE M.R. SHAH",
            "bench": [
                "HON'BLE MR. JUSTICE M.R. SHAH",
                "HON'BLE MRS. JUSTICE B.V. NAGARATHNA"
            ],
            "petitioner": {
                "name": "M.P. MEDICAL OFFICERS ASSOCIATION",
                "advocate": "ABHINAV RAMKRISHNA"
            },
            "respondent": {
                "name": "THE STATE OF MADHYA PRADESH",
                "advocate": "None"
            },
            "document_href": "https://main.sci.gov.in/supremecourt/2019/98/98_2019_8_1502_37630_Judgement_26-Aug-2022.pdf"
        },
        {
            "diary_number": "428 / 2015",
            "case_number": "W.P.(C) No.-000063-000063 / 2015",
            "by": "HON'BLE MS. JUSTICE HIMA KOHLI",
            "bench": [
                "HON'BLE THE CHIEF JUSTICE",
                "HON'BLE MR. JUSTICE KRISHNA MURARI",
                "HON'BLE MS. JUSTICE HIMA KOHLI"
            ],
            "petitioner": {
                "name": "B.L.A INDUSTRIES PVT. LTD.",
                "advocate": "E. C. AGRAWALA"
            },
            "respondent": {
                "name": "UNION OF INDIA",
                "advocate": "None"
            },
            "document_href": "https://main.sci.gov.in/supremecourt/2015/428/428_2015_1_1501_37350_Judgement_17-Aug-2022.pdf"
        },
        {
            "diary_number": "579 / 2020",
            "case_number": "Crl.A. No.-001356-001356 / 2022",
            "by": "HON'BLE MR. JUSTICE M.R. SHAH",
            "bench": [
                "HON'BLE MR. JUSTICE M.R. SHAH",
                "HON'BLE MR. JUSTICE KRISHNA MURARI"
            ],
            "petitioner": {
                "name": "THE STATE OF MADHYA PRADESH",
                "advocate": "GOPAL JHA"
            },
            "respondent": {
                "name": "NANDU @ NANDUA",
                "advocate": "None"
            },
            "document_href": "https://main.sci.gov.in/supremecourt/2020/579/579_2020_8_1501_37883_Judgement_02-Sep-2022.pdf"
        },
        {
            "diary_number": "709 / 2015",
            "case_number": "C.A. No.-005251-005251 / 2022",
            "by": "HON'BLE THE CHIEF JUSTICE",
            "bench": [
                "HON'BLE THE CHIEF JUSTICE",
                "HON'BLE MR. JUSTICE ANIRUDDHA BOSE",
                "HON'BLE MR. JUSTICE SUDHANSHU DHULIA"
            ],
            "petitioner": {
                "name": "THE KANGRA CENTRAL COOPERATIVE BANK PENSIONERS WELFARE ASSOCIATION (REGISTERED)",
                "advocate": "None"
            },
            "respondent": {
                "name": "STATE OF HIMACHAL PRADESH",
                "advocate": "None"
            },
            "document_href": "https://main.sci.gov.in/supremecourt/2015/709/709_2015_2_301_37304_Judgement_12-Aug-2022.pdf"
        },
        {
            "diary_number": "1857 / 2022",
            "case_number": "C.A. No.-005789-005789 / 2022",
            "by": "HON'BLE MR. JUSTICE J.B. PARDIWALA",
            "bench": [
                "HON'BLE DR. JUSTICE D.Y. CHANDRACHUD",
                "HON'BLE MR. JUSTICE A.S. BOPANNA",
                "HON'BLE MR. JUSTICE J.B. PARDIWALA"
            ],
            "petitioner": {
                "name": "ST.    MARYS    EDUCATION SOCIETY",
                "advocate": "PAI AMIT"
            },
            "respondent": {
                "name": "RAJENDRA PRASAD BHARGAVA",
                "advocate": "RESPONDENT-IN-PERSON"
            },
            "document_href": "https://main.sci.gov.in/supremecourt/2022/1857/1857_2022_3_1502_37540_Judgement_24-Aug-2022.pdf"
        },
        {
            "diary_number": "2184 / 2009",
            "case_number": "C.A. No.-007702-007702 / 2013",
            "by": "HON'BLE MR. JUSTICE HEMANT GUPTA",
            "bench": [
                "HON'BLE MR. JUSTICE HEMANT GUPTA",
                "HON'BLE MR. JUSTICE VIKRAM NATH"
            ],
            "petitioner": {
                "name": "GITABAI MARUTI RAUT (DEAD) THR. LR. SH. CHANDRAKANT M. RAUT",
                "advocate": "SUDHANSHU S. CHOUDHARI"
            },
            "respondent": {
                "name": "PANDURANG MARUTI RAUT (D) THR. LRS",
                "advocate": "NIRNIMESH DUBE"
            },
            "document_href": "https://main.sci.gov.in/supremecourt/2009/2184/2184_2009_8_1501_37199_Judgement_11-Aug-2022.pdf"
        },
        {
            "diary_number": "2563 / 2022",
            "case_number": "W.P.(C) No.-000043 / 2022",
            "by": "HON'BLE THE CHIEF JUSTICE",
            "bench": [
                "None"
            ],
            "petitioner": {
                "name": "ASHWINI KUMAR UPADHYAY",
                "advocate": "ASHWANI KUMAR DUBEY"
            },
            "respondent": {
                "name": "UNION OF INDIA",
                "advocate": "None"
            },
            "document_href": "https://main.sci.gov.in/supremecourt/2022/2563/2563_2022_1_1503_37723_Judgement_26-Aug-2022.pdf"
        },
        {
            "diary_number": "2738 / 2020",
            "case_number": "C.A. No.-005237-005237 / 2022",
            "by": "HON'BLE MS. JUSTICE INDIRA BANERJEE",
            "bench": [
                "HON'BLE MS. JUSTICE INDIRA BANERJEE",
                "HON'BLE MR. JUSTICE V. RAMASUBRAMANIAN"
            ],
            "petitioner": {
                "name": "NET RAM YADAV",
                "advocate": "RAHUL SHYAM BHANDARI"
            },
            "respondent": {
                "name": "THE STATE OF RAJASTHAN",
                "advocate": "None"
            },
            "document_href": "https://main.sci.gov.in/supremecourt/2020/2738/2738_2020_6_1501_37174_Judgement_11-Aug-2022.pdf"
        },
        {
            "diary_number": "2941 / 2020",
            "case_number": "C.A. No.-005783-005783 / 2022",
            "by": "HON'BLE THE CHIEF JUSTICE",
            "bench": [
                "HON'BLE THE CHIEF JUSTICE",
                "HON'BLE MS. JUSTICE HIMA KOHLI",
                "HON'BLE MR. JUSTICE C.T. RAVIKUMAR"
            ],
            "petitioner": {
                "name": "UNION OF INDIA",
                "advocate": "RAJ BAHADUR YADAV"
            },
            "respondent": {
                "name": "M/S. GANPATI DEALCOM PVT. LTD. TTHROUGH MANAGING DIRECTOR",
                "advocate": "None"
            },
            "document_href": "https://main.sci.gov.in/supremecourt/2020/2941/2941_2020_1_1501_37575_Judgement_23-Aug-2022.pdf"
        },
        {
            "diary_number": "3435 / 2010",
            "case_number": "C.A. No.-003314-003314 / 2010",
            "by": "HON'BLE MR. JUSTICE HEMANT GUPTA",
            "bench": [
                "HON'BLE MR. JUSTICE HEMANT GUPTA",
                "HON'BLE MR. JUSTICE VIKRAM NATH"
            ],
            "petitioner": {
                "name": "UNION OF INDIA",
                "advocate": "MUKESH KUMAR MARORIA"
            },
            "respondent": {
                "name": "GOPAL MEENA",
                "advocate": "None"
            },
            "document_href": "https://main.sci.gov.in/supremecourt/2010/3435/3435_2010_8_1501_37198_Judgement_10-Aug-2022.pdf"
        },
        {
            "diary_number": "4305 / 2021",
            "case_number": "Crl.A. No.-000871-000871 / 2021",
            "by": "HON'BLE MR. JUSTICE V. RAMASUBRAMANIAN",
            "bench": [
                "HON'BLE MR. JUSTICE S. ABDUL NAZEER",
                "HON'BLE MR. JUSTICE A.S. BOPANNA",
                "HON'BLE MR. JUSTICE V. RAMASUBRAMANIAN"
            ],
            "petitioner": {
                "name": "SANJEET KUMAR SINGH @ MUNNA KUMAR SINGH",
                "advocate": "SOMANATHA PADHAN"
            },
            "respondent": {
                "name": "THE STATE OF CHHATTISGARH",
                "advocate": "None"
            },
            "document_href": "https://main.sci.gov.in/supremecourt/2021/4305/4305_2021_4_1501_37790_Judgement_30-Aug-2022.pdf"
        },
        {
            "diary_number": "4856 / 2017",
            "case_number": "C.A. No.-005240-005240 / 2022",
            "by": "HON'BLE MR. JUSTICE PAMIDIGHANTAM SRI NARASIMHA",
            "bench": [
                "HON'BLE MR. JUSTICE B.R. GAVAI",
                "HON'BLE MR. JUSTICE PAMIDIGHANTAM SRI NARASIMHA"
            ],
            "petitioner": {
                "name": "BANK OF BARODA",
                "advocate": "ARUN AGGARWAL"
            },
            "respondent": {
                "name": "PARASAADILAL TURSIRAM SHEETGRAH PVT LTD",
                "advocate": "None"
            },
            "document_href": "https://main.sci.gov.in/supremecourt/2017/4856/4856_2017_14_1502_37187_Judgement_11-Aug-2022.pdf"
        },
        {
            "diary_number": "5150 / 2021",
            "case_number": "R.P.(C) No.-000989-000989 / 2022",
            "by": "HON'BLE THE CHIEF JUSTICE",
            "bench": [
                "HON'BLE THE CHIEF JUSTICE",
                "HON'BLE MR. JUSTICE AJAY RASTOGI",
                "HON'BLE MR. JUSTICE A.S. BOPANNA"
            ],
            "petitioner": {
                "name": "RAJENBHAI BALDEVHHAI SHAH",
                "advocate": "K. V. BHARATHI UPADHYAYA"
            },
            "respondent": {
                "name": "BALJIBEN KABHAIBHAI PATANVADIA",
                "advocate": "None"
            },
            "document_href": "https://main.sci.gov.in/supremecourt/2021/5150/5150_2021_2_1002_37650_Judgement_25-Aug-2022.pdf"
        },
        {
            "diary_number": "5546 / 2021",
            "case_number": "C.A. No.-005305-005305 / 2022",
            "by": "HON'BLE DR. JUSTICE D.Y. CHANDRACHUD",
            "bench": [
                "HON'BLE DR. JUSTICE D.Y. CHANDRACHUD",
                "HON'BLE MR. JUSTICE A.S. BOPANNA"
            ],
            "petitioner": {
                "name": "STATE BANK OF INDIA",
                "advocate": "SANJAY KAPUR"
            },
            "respondent": {
                "name": "AJAY KUMAR SOOD",
                "advocate": "None"
            },
            "document_href": "https://main.sci.gov.in/supremecourt/2021/5546/5546_2021_3_27_37306_Judgement_16-Aug-2022.pdf"
        },
        {
            "diary_number": "5679 / 2019",
            "case_number": "C.A. No.-002393-002393 / 2022",
            "by": "HON'BLE MR. JUSTICE B.R. GAVAI",
            "bench": [
                "HON'BLE MR. JUSTICE B.R. GAVAI",
                "HON'BLE MR. JUSTICE PAMIDIGHANTAM SRI NARASIMHA"
            ],
            "petitioner": {
                "name": "ARMED FORCES EX OFFICERS MULTI SERVICES COOPERATIVE SOCIETY LTD.",
                "advocate": "K J JOHN AND CO"
            },
            "respondent": {
                "name": "RASHTRIYA MAZDOOR SANGH (INTUC)",
                "advocate": "None"
            },
            "document_href": "https://main.sci.gov.in/supremecourt/2019/5679/5679_2019_14_1503_37187_Judgement_11-Aug-2022.pdf"
        },
        {
            "diary_number": "5685 / 2018",
            "case_number": "C.A. No.-005114-005114 / 2022",
            "by": "HON'BLE MR. JUSTICE M.R. SHAH",
            "bench": [
                "HON'BLE MR. JUSTICE M.R. SHAH",
                "HON'BLE MRS. JUSTICE B.V. NAGARATHNA"
            ],
            "petitioner": {
                "name": "THE STATE OF TRIPURA",
                "advocate": "SHUVODEEP ROY"
            },
            "respondent": {
                "name": "ANJANA BHATTACHARJEE",
                "advocate": "None"
            },
            "document_href": "https://main.sci.gov.in/supremecourt/2018/5685/5685_2018_9_1502_37528_Judgement_24-Aug-2022.pdf"
        },
        {
            "diary_number": "6035 / 2012",
            "case_number": "C.A. No.-008162-008162 / 2012",
            "by": "HON'BLE MR. JUSTICE SANJIV KHANNA",
            "bench": [
                "HON'BLE MR. JUSTICE SANJIV KHANNA",
                "HON'BLE MR. JUSTICE J.K. MAHESHWARI"
            ],
            "petitioner": {
                "name": "INDEPENDENT SCHOOLS FEDERATION OF INDIA (REGD.)",
                "advocate": "R. P. GUPTA"
            },
            "respondent": {
                "name": "UNION OF INDIA",
                "advocate": "None"
            },
            "document_href": "https://main.sci.gov.in/supremecourt/2012/6035/6035_2012_12_1501_37783_Judgement_29-Aug-2022.pdf"
        },
        {
            "diary_number": "6161 / 2010",
            "case_number": "Crl.A. No.-000962-000962 / 2011",
            "by": "HON'BLE MR. JUSTICE DINESH MAHESHWARI",
            "bench": [
                "HON'BLE MR. JUSTICE DINESH MAHESHWARI",
                "HON'BLE MS. JUSTICE BELA M. TRIVEDI"
            ],
            "petitioner": {
                "name": "DIBAKER NUNIA",
                "advocate": "VARINDER KUMAR SHARMA"
            },
            "respondent": {
                "name": "THE STATE OF ASSAM",
                "advocate": "None"
            },
            "document_href": "https://main.sci.gov.in/supremecourt/2010/6161/6161_2010_11_108_37793_Judgement_30-Aug-2022.pdf"
        },
        {
            "diary_number": "6516 / 2021",
            "case_number": "C.A. No.-005294-005294 / 2022",
            "by": "HON'BLE MR. JUSTICE K.M. JOSEPH",
            "bench": [
                "HON'BLE MR. JUSTICE K.M. JOSEPH",
                "HON'BLE MR. JUSTICE HRISHIKESH ROY"
            ],
            "petitioner": {
                "name": "UNION OF INDIA",
                "advocate": "AMRISH KUMAR"
            },
            "respondent": {
                "name": "BHARAT FORGE LIMITED",
                "advocate": "None"
            },
            "document_href": "https://main.sci.gov.in/supremecourt/2021/6516/6516_2021_7_1501_37310_Judgement_16-Aug-2022.pdf"
        },
        {
            "diary_number": "6725 / 2022",
            "case_number": "C.A. No.-005784-005784 / 2022",
            "by": "HON'BLE THE CHIEF JUSTICE",
            "bench": [
                "HON'BLE THE CHIEF JUSTICE",
                "HON'BLE MS. JUSTICE HIMA KOHLI",
                "HON'BLE MR. JUSTICE C.T. RAVIKUMAR"
            ],
            "petitioner": {
                "name": "MY PALACE MUTUALLY AIDED CO OPERATIVE SOCIETY",
                "advocate": "VISHAL PRASAD"
            },
            "respondent": {
                "name": "B. MAHESH",
                "advocate": "None"
            },
            "document_href": "https://main.sci.gov.in/supremecourt/2022/6725/6725_2022_1_1502_37575_Judgement_23-Aug-2022.pdf"
        },
        {
            "diary_number": "6906 / 2022",
            "case_number": "C.A. No.-005812-005812 / 2022",
            "by": "HON'BLE MR. JUSTICE AJAY RASTOGI",
            "bench": [
                "HON'BLE MR. JUSTICE AJAY RASTOGI",
                "HON'BLE MR. JUSTICE ABHAY S. OKA"
            ],
            "petitioner": {
                "name": "BARUN KUMAR",
                "advocate": "SATYAJEET KUMAR"
            },
            "respondent": {
                "name": "THE STATE OF JHARKHAND",
                "advocate": "None"
            },
            "document_href": "https://main.sci.gov.in/supremecourt/2022/6906/6906_2022_11_1501_37567_Judgement_25-Aug-2022.pdf"
        },
        {
            "diary_number": "7101 / 2002",
            "case_number": "SLP(C) No.-007951-007951 / 2002",
            "by": "HON'BLE THE CHIEF JUSTICE",
            "bench": [
                "HON'BLE THE CHIEF JUSTICE",
                "HON'BLE MR. JUSTICE S. RAVINDRA BHAT",
                "HON'BLE MR. JUSTICE J.B. PARDIWALA"
            ],
            "petitioner": {
                "name": "VIRAJ TRA DESAI",
                "advocate": "LAWYER S KNIT & CO"
            },
            "respondent": {
                "name": "STATE OF GUJARAT .",
                "advocate": "None"
            },
            "document_href": "https://main.sci.gov.in/supremecourt/2002/7101/7101_2002_1_101_37822_Judgement_30-Aug-2022.pdf"
        },
        {
            "diary_number": "7135 / 2020",
            "case_number": "C.A. No.-005874-005874 / 2022",
            "by": "HON'BLE MR. JUSTICE AJAY RASTOGI",
            "bench": [
                "HON'BLE MR. JUSTICE AJAY RASTOGI",
                "HON'BLE MRS. JUSTICE B.V. NAGARATHNA"
            ],
            "petitioner": {
                "name": "HARKIRAT SINGH GHUMAN",
                "advocate": "DEEPKARAN DALAL"
            },
            "respondent": {
                "name": "PUNJAB AND HARYANA HIGH COURT",
                "advocate": "None"
            },
            "document_href": "https://main.sci.gov.in/supremecourt/2020/7135/7135_2020_9_1501_37781_Judgement_29-Aug-2022.pdf"
        },
        {
            "diary_number": "7559 / 2022",
            "case_number": "Crl.A. No.-001218-001218 / 2022",
            "by": "HON'BLE MR. JUSTICE AJAY RASTOGI",
            "bench": [
                "HON'BLE MR. JUSTICE AJAY RASTOGI",
                "HON'BLE MR. JUSTICE C.T. RAVIKUMAR"
            ],
            "petitioner": {
                "name": "BUDHIYARIN BAI",
                "advocate": "SANGEETA KUMAR"
            },
            "respondent": {
                "name": "THE STATE OF CHHATTISGARH",
                "advocate": "None"
            },
            "document_href": "https://main.sci.gov.in/supremecourt/2022/7559/7559_2022_11_1501_37167_Judgement_10-Aug-2022.pdf"
        },
        {
            "diary_number": "7937 / 2010",
            "case_number": "Crl.A. No.-002224-002225 / 2010",
            "by": "HON'BLE MR. JUSTICE PAMIDIGHANTAM SRI NARASIMHA",
            "bench": [
                "HON'BLE MR. JUSTICE B.R. GAVAI",
                "HON'BLE MR. JUSTICE PAMIDIGHANTAM SRI NARASIMHA"
            ],
            "petitioner": {
                "name": "MUNUWA @ SATISH",
                "advocate": "VENKITA SUBRAMONIAM T.R"
            },
            "respondent": {
                "name": "THE STATE OF UTTAR PRADESH",
                "advocate": "SANJAY KUMAR TYAGI"
            },
            "document_href": "https://main.sci.gov.in/supremecourt/2010/7937/7937_2010_13_1501_37634_Judgement_26-Aug-2022.pdf"
        },
        {
            "diary_number": "8023 / 2010",
            "case_number": "Crl.A. No.-000025-000025 / 2012",
            "by": "HON'BLE MR. JUSTICE B.R. GAVAI",
            "bench": [
                "HON'BLE MR. JUSTICE B.R. GAVAI",
                "HON'BLE MR. JUSTICE PAMIDIGHANTAM SRI NARASIMHA"
            ],
            "petitioner": {
                "name": "RAM NIWAS",
                "advocate": "RISHI MALHOTRA"
            },
            "respondent": {
                "name": "THE STATE OF HARYANA",
                "advocate": "MONIKA GUSAIN"
            },
            "document_href": "https://main.sci.gov.in/supremecourt/2010/8023/8023_2010_14_1501_37187_Judgement_11-Aug-2022.pdf"
        },
        {
            "diary_number": "8416 / 2021",
            "case_number": "Crl.A. No.-001333-001333 / 2022",
            "by": "HON'BLE MR. JUSTICE J.K. MAHESHWARI",
            "bench": [
                "HON'BLE MR. JUSTICE S. ABDUL NAZEER",
                "HON'BLE MR. JUSTICE J.K. MAHESHWARI"
            ],
            "petitioner": {
                "name": "PUSHPENDRA KUMAR SINHA",
                "advocate": "PRASHANT BHUSHAN"
            },
            "respondent": {
                "name": "THE STATE OF JHARKHAND",
                "advocate": "None"
            },
            "document_href": "https://main.sci.gov.in/supremecourt/2021/8416/8416_2021_5_1501_37530_Judgement_24-Aug-2022.pdf"
        },
        {
            "diary_number": "8929 / 2013",
            "case_number": "Crl.A. No.-001981-001981 / 2014",
            "by": "HON'BLE MR. JUSTICE SANJIV KHANNA",
            "bench": [
                "HON'BLE MR. JUSTICE SANJIV KHANNA",
                "HON'BLE MR. JUSTICE J.K. MAHESHWARI"
            ],
            "petitioner": {
                "name": "SANJU",
                "advocate": "HINGORANI & ASSOCIATES"
            },
            "respondent": {
                "name": "THE STATE OF UTTAR PRADESH",
                "advocate": "None"
            },
            "document_href": "https://main.sci.gov.in/supremecourt/2013/8929/8929_2013_12_1502_37783_Judgement_29-Aug-2022.pdf"
        },
        {
            "diary_number": "8965 / 2021",
            "case_number": "C.A. No.-005208-005208 / 2022",
            "by": "HON'BLE MR. JUSTICE ANIRUDDHA BOSE",
            "bench": [
                "HON'BLE MR. JUSTICE ANIRUDDHA BOSE",
                "HON'BLE MR. JUSTICE J.B. PARDIWALA"
            ],
            "petitioner": {
                "name": "M/S SIDDHYVINAYAK INFRASTRUCTURE",
                "advocate": "SATYAJEET KUMAR"
            },
            "respondent": {
                "name": "KAMALAKAR JAYANT SRIVASTAVA",
                "advocate": "None"
            },
            "document_href": "https://main.sci.gov.in/supremecourt/2021/8965/8965_2021_16_1501_37259_Judgement_12-Aug-2022.pdf"
        },
        {
            "diary_number": "9265 / 2022",
            "case_number": "R.P.(Crl.) No.-000228-000228 / 2022",
            "by": "HON'BLE THE CHIEF JUSTICE",
            "bench": [
                "HON'BLE THE CHIEF JUSTICE",
                "HON'BLE MR. JUSTICE AJAY RASTOGI"
            ],
            "petitioner": {
                "name": "RAKESH @ BHURA RAJAK",
                "advocate": "RAJESH"
            },
            "respondent": {
                "name": "THE STATE OF MADHYA PRADESH",
                "advocate": "None"
            },
            "document_href": "https://main.sci.gov.in/supremecourt/2022/9265/9265_2022_1_1006_37729_Judgement_30-Aug-2022.pdf"
        },
        {
            "diary_number": "9266 / 2022",
            "case_number": "C.A. No.-005247-005247 / 2022",
            "by": "HON'BLE DR. JUSTICE D.Y. CHANDRACHUD",
            "bench": [
                "HON'BLE DR. JUSTICE D.Y. CHANDRACHUD",
                "HON'BLE MR. JUSTICE SANJIV KHANNA",
                "HON'BLE MR. JUSTICE SURYA KANT"
            ],
            "petitioner": {
                "name": "SECURITIES AND EXCHANGE BOARD OF INDIA",
                "advocate": "K ASHAR & CO."
            },
            "respondent": {
                "name": "RAJKUMAR NAGPAL",
                "advocate": "None"
            },
            "document_href": "https://main.sci.gov.in/supremecourt/2022/9266/9266_2022_2_1502_37867_Judgement_30-Aug-2022.pdf"
        },
        {
            "diary_number": "9434 / 2010",
            "case_number": "Crl.A. No.-002152-002152 / 2010",
            "by": "HON'BLE MR. JUSTICE VIKRAM NATH",
            "bench": [
                "HON'BLE MR. JUSTICE HEMANT GUPTA",
                "HON'BLE MR. JUSTICE VIKRAM NATH"
            ],
            "petitioner": {
                "name": "RAJBIR SINGH",
                "advocate": "T. MAHIPAL"
            },
            "respondent": {
                "name": "THE STATE OF PUNJAB",
                "advocate": "None"
            },
            "document_href": "https://main.sci.gov.in/supremecourt/2010/9434/9434_2010_8_1501_37543_Judgement_24-Aug-2022.pdf"
        },
        {
            "diary_number": "10267 / 2019",
            "case_number": "SLP(Crl) No.-002864 / 2019",
            "by": "HON'BLE MR. JUSTICE J.K. MAHESHWARI",
            "bench": [
                "None"
            ],
            "petitioner": {
                "name": "J. VEDHASINGH",
                "advocate": "P. SOMA SUNDARAM"
            },
            "respondent": {
                "name": "R.M. GOVINDAN",
                "advocate": "None"
            },
            "document_href": "https://main.sci.gov.in/supremecourt/2019/10267/10267_2019_5_1501_37183_Judgement_11-Aug-2022.pdf"
        },
        {
            "diary_number": "10905 / 2019",
            "case_number": "C.A. No.-005764-005764 / 2022",
            "by": "HON'BLE MR. JUSTICE A.S. BOPANNA",
            "bench": [
                "HON'BLE DR. JUSTICE D.Y. CHANDRACHUD",
                "HON'BLE MR. JUSTICE A.S. BOPANNA",
                "HON'BLE MR. JUSTICE J.B. PARDIWALA"
            ],
            "petitioner": {
                "name": "MD. ISLAM",
                "advocate": "AMIT PAWAN"
            },
            "respondent": {
                "name": "THE BIHAR STATE ELECTRICITY BOARD",
                "advocate": "None"
            },
            "document_href": "https://main.sci.gov.in/supremecourt/2019/10905/10905_2019_3_1501_37539_Judgement_23-Aug-2022.pdf"
        },
        {
            "diary_number": "12450 / 2021",
            "case_number": "C.A. No.-005308-005308 / 2022",
            "by": "HON'BLE DR. JUSTICE D.Y. CHANDRACHUD",
            "bench": [
                "HON'BLE DR. JUSTICE D.Y. CHANDRACHUD",
                "HON'BLE MR. JUSTICE A.S. BOPANNA"
            ],
            "petitioner": {
                "name": "DEEPIKA SINGH",
                "advocate": "AKSHAY VERMA"
            },
            "respondent": {
                "name": "CENTRAL ADMINISTRATIVE TRIBUNAL",
                "advocate": "None"
            },
            "document_href": "https://main.sci.gov.in/supremecourt/2021/12450/12450_2021_3_28_37306_Judgement_16-Aug-2022.pdf"
        },
        {
            "diary_number": "13630 / 2008",
            "case_number": "C.A. No.-004721-004723 / 2008",
            "by": "HON'BLE MR. JUSTICE M.R. SHAH",
            "bench": [
                "HON'BLE MR. JUSTICE M.R. SHAH",
                "HON'BLE MRS. JUSTICE B.V. NAGARATHNA"
            ],
            "petitioner": {
                "name": "COMMISSIONER OF CUSTOMS AND CENTRAL EXCISE",
                "advocate": "None"
            },
            "respondent": {
                "name": "M/S. JYOTI LIMITED AND ORS.",
                "advocate": "BINA GUPTA"
            },
            "document_href": "https://main.sci.gov.in/supremecourt/2008/13630/13630_2008_9_1501_37528_Judgement_24-Aug-2022.pdf"
        },
        {
            "diary_number": "14201 / 2020",
            "case_number": "Crl.A. No.-001125-001125 / 2022",
            "by": "HON'BLE DR. JUSTICE D.Y. CHANDRACHUD",
            "bench": [
                "HON'BLE DR. JUSTICE D.Y. CHANDRACHUD",
                "HON'BLE MR. JUSTICE A.S. BOPANNA",
                "HON'BLE MR. JUSTICE J.B. PARDIWALA"
            ],
            "petitioner": {
                "name": "ZAKIR ABDUL MIRAJKAR",
                "advocate": "SANDEEP SUDHAKAR DESHMUKH"
            },
            "respondent": {
                "name": "THE STATE OF MAHARASHTRA",
                "advocate": "None"
            },
            "document_href": "https://main.sci.gov.in/supremecourt/2020/14201/14201_2020_3_1501_37540_Judgement_24-Aug-2022.pdf"
        },
        {
            "diary_number": "14292 / 2012",
            "case_number": "C.A. No.-004639-004639 / 2012",
            "by": "HON'BLE MS. JUSTICE HIMA KOHLI",
            "bench": [
                "HON'BLE THE CHIEF JUSTICE",
                "HON'BLE MS. JUSTICE HIMA KOHLI",
                "HON'BLE MR. JUSTICE C.T. RAVIKUMAR"
            ],
            "petitioner": {
                "name": "RAJHAN NARENDRA RAUT",
                "advocate": "VIKAS MEHTA"
            },
            "respondent": {
                "name": "THE STATE OF MAHARASHTRA URBAN DEVELOPMENT DEPARTMENT . THROUGH SECRETARY",
                "advocate": "VISHWAJIT SINGH"
            },
            "document_href": "https://main.sci.gov.in/supremecourt/2012/14292/14292_2012_1_1501_37692_Judgement_25-Aug-2022.pdf"
        },
        {
            "diary_number": "15219 / 2021",
            "case_number": "C.A. No.-005930-005930 / 2022",
            "by": "HON'BLE MR. JUSTICE SUDHANSHU DHULIA",
            "bench": [
                "HON'BLE MR. JUSTICE HEMANT GUPTA",
                "HON'BLE MR. JUSTICE SUDHANSHU DHULIA"
            ],
            "petitioner": {
                "name": "THE STATE OF RAJASTHAN",
                "advocate": "MILIND KUMAR"
            },
            "respondent": {
                "name": "PHOOL SINGH",
                "advocate": "None"
            },
            "document_href": "https://main.sci.gov.in/supremecourt/2021/15219/15219_2021_7_1501_37894_Judgement_02-Sep-2022.pdf"
        },
        {
            "diary_number": "15522 / 2022",
            "case_number": "C.A. No.-005503-005504 / 2022",
            "by": "HON'BLE MS. JUSTICE HIMA KOHLI",
            "bench": [
                "HON'BLE THE CHIEF JUSTICE",
                "HON'BLE MS. JUSTICE HIMA KOHLI",
                "HON'BLE MR. JUSTICE C.T. RAVIKUMAR"
            ],
            "petitioner": {
                "name": "S. MADHUSUDHAN REDDY",
                "advocate": "SOMANADRI GOUD KATAM"
            },
            "respondent": {
                "name": "V. NARAYANA REDDY",
                "advocate": "None"
            },
            "document_href": "https://main.sci.gov.in/supremecourt/2022/15522/15522_2022_1_1501_37390_Judgement_18-Aug-2022.pdf"
        },
        {
            "diary_number": "16925 / 2019",
            "case_number": "Crl.A. No.-001231-001231 / 2022",
            "by": "HON'BLE DR. JUSTICE D.Y. CHANDRACHUD",
            "bench": [
                "HON'BLE DR. JUSTICE D.Y. CHANDRACHUD",
                "HON'BLE MR. JUSTICE A.S. BOPANNA"
            ],
            "petitioner": {
                "name": "SHAMBHU KHARWAR",
                "advocate": "RAMJEE PANDEY"
            },
            "respondent": {
                "name": "THE STATE OF UTTAR PRADESH",
                "advocate": "SRISHTI SINGH"
            },
            "document_href": "https://main.sci.gov.in/supremecourt/2019/16925/16925_2019_3_18_37244_Judgement_12-Aug-2022.pdf"
        },
        {
            "diary_number": "16992 / 2022",
            "case_number": "R.P.(C) No.-000934 / 2022",
            "by": "HON'BLE THE CHIEF JUSTICE",
            "bench": [
                "None"
            ],
            "petitioner": {
                "name": "EXPORT CREDIT GUARANTEE CORPORATION (ECGC) LIMITED",
                "advocate": "ROHAN BATRA"
            },
            "respondent": {
                "name": "HARIS MARINE PRODUCTS",
                "advocate": "None"
            },
            "document_href": "https://main.sci.gov.in/supremecourt/2022/16992/16992_2022_1_1007_37730_Judgement_30-Aug-2022.pdf"
        },
        {
            "diary_number": "17850 / 2020",
            "case_number": "C.A. No.-005437-005437 / 2022",
            "by": "HON'BLE DR. JUSTICE D.Y. CHANDRACHUD",
            "bench": [
                "HON'BLE DR. JUSTICE D.Y. CHANDRACHUD",
                "HON'BLE MS. JUSTICE HIMA KOHLI"
            ],
            "petitioner": {
                "name": "MORGAN SECURITIES AND CREDITS PVT. LTD.",
                "advocate": "ARUNA GUPTA"
            },
            "respondent": {
                "name": "VIDEOCON INDUSTRIES LTD.",
                "advocate": "None"
            },
            "document_href": "https://main.sci.gov.in/supremecourt/2020/17850/17850_2020_2_1501_37840_Judgement_01-Sep-2022.pdf"
        },
        {
            "diary_number": "18131 / 2020",
            "case_number": "C.A. No.-003116 / 2020",
            "by": "HON'BLE MR. JUSTICE HEMANT GUPTA",
            "bench": [
                "HON'BLE MR. JUSTICE HEMANT GUPTA",
                "HON'BLE MR. JUSTICE VIKRAM NATH"
            ],
            "petitioner": {
                "name": "GAJUBHA JADEJA JESAR",
                "advocate": "SRISHTI AGNIHOTRI"
            },
            "respondent": {
                "name": "UNION OF INDIA",
                "advocate": "None"
            },
            "document_href": "https://main.sci.gov.in/supremecourt/2020/18131/18131_2020_8_1503_37198_Judgement_10-Aug-2022.pdf"
        },
        {
            "diary_number": "18988 / 2022",
            "case_number": "C.A. No.-005256-005256 / 2022",
            "by": "HON'BLE MR. JUSTICE M.R. SHAH",
            "bench": [
                "HON'BLE MR. JUSTICE M.R. SHAH",
                "HON'BLE MRS. JUSTICE B.V. NAGARATHNA"
            ],
            "petitioner": {
                "name": "NATIONAL HIGHWAYS AUTHORITY OF INDIA",
                "advocate": "M. V. KINI & ASSOCIATES"
            },
            "respondent": {
                "name": "SHEETAL JAIDEV VADE",
                "advocate": "None"
            },
            "document_href": "https://main.sci.gov.in/supremecourt/2022/18988/18988_2022_9_1503_37528_Judgement_24-Aug-2022.pdf"
        },
        {
            "diary_number": "19244 / 2021",
            "case_number": "C.A. No.-005822-005822 / 2022",
            "by": "HON'BLE MR. JUSTICE KRISHNA MURARI",
            "bench": [
                "HON'BLE THE CHIEF JUSTICE",
                "HON'BLE MR. JUSTICE KRISHNA MURARI",
                "HON'BLE MS. JUSTICE HIMA KOHLI"
            ],
            "petitioner": {
                "name": "KATTA SUJATHA REDDY",
                "advocate": "E. C. AGRAWALA"
            },
            "respondent": {
                "name": "M/S SIDDAMSETTY INFRA PROJECTS PVT. LTD.",
                "advocate": "None"
            },
            "document_href": "https://main.sci.gov.in/supremecourt/2021/19244/19244_2021_1_1503_37695_Judgement_25-Aug-2022.pdf"
        },
        {
            "diary_number": "20234 / 2022",
            "case_number": "W.P.(C) No.-000493 / 2022",
            "by": "HON'BLE THE CHIEF JUSTICE",
            "bench": [
                "None"
            ],
            "petitioner": {
                "name": "SUBHASH DESAI",
                "advocate": "ANISH R. SHAH"
            },
            "respondent": {
                "name": "PRINCIPAL SECRETARY, GOVERNOR OF MAHARASHTRA",
                "advocate": "None"
            },
            "document_href": "https://main.sci.gov.in/supremecourt/2022/20234/20234_2022_1_301_37640_Judgement_23-Aug-2022.pdf"
        },
        {
            "diary_number": "20411 / 2022",
            "case_number": "SLP(C) No.-012616-012617 / 2022",
            "by": "HON'BLE MR. JUSTICE M.R. SHAH",
            "bench": [
                "HON'BLE MR. JUSTICE M.R. SHAH",
                "HON'BLE MR. JUSTICE KRISHNA MURARI"
            ],
            "petitioner": {
                "name": "M. MOHAN",
                "advocate": "SENTHIL JAGADEESAN"
            },
            "respondent": {
                "name": "THE STATE GOVERNMENT OF TAMIL NADU",
                "advocate": "None"
            },
            "document_href": "https://main.sci.gov.in/supremecourt/2022/20411/20411_2022_8_1502_37883_Judgement_02-Sep-2022.pdf"
        },
        {
            "diary_number": "20644 / 2018",
            "case_number": "W.P.(Crl.) No.-000143 / 2018",
            "by": "HON'BLE DR. JUSTICE D.Y. CHANDRACHUD",
            "bench": [
                "HON'BLE DR. JUSTICE D.Y. CHANDRACHUD",
                "HON'BLE MR. JUSTICE A.S. BOPANNA"
            ],
            "petitioner": {
                "name": "SANDEEP ALIAS KALA",
                "advocate": "SHIVENDRA SINGH"
            },
            "respondent": {
                "name": "SUPREME COURT OF INDIA THROUGH SECRETARY GENERAL",
                "advocate": "None"
            },
            "document_href": "https://main.sci.gov.in/supremecourt/2018/20644/20644_2018_3_15_37306_Judgement_16-Aug-2022.pdf"
        },
        {
            "diary_number": "20871 / 2011",
            "case_number": "Crl.A. No.-001697-001697 / 2011",
            "by": "HON'BLE MS. JUSTICE INDIRA BANERJEE",
            "bench": [
                "HON'BLE MS. JUSTICE INDIRA BANERJEE",
                "HON'BLE MR. JUSTICE V. RAMASUBRAMANIAN"
            ],
            "petitioner": {
                "name": "RAMABORA@RAMABORAIAH",
                "advocate": "KRISHNA PAL SINGH"
            },
            "respondent": {
                "name": "STATE OF KARNATAKA",
                "advocate": "V. N. RAGHUPATHY"
            },
            "document_href": "https://main.sci.gov.in/supremecourt/2011/20871/20871_2011_6_1501_37172_Judgement_10-Aug-2022.pdf"
        },
        {
            "diary_number": "21840 / 2009",
            "case_number": "Crl.A. No.-001066-001066 / 2010",
            "by": "HON'BLE MR. JUSTICE PAMIDIGHANTAM SRI NARASIMHA",
            "bench": [
                "HON'BLE MR. JUSTICE B.R. GAVAI",
                "HON'BLE MR. JUSTICE PAMIDIGHANTAM SRI NARASIMHA"
            ],
            "petitioner": {
                "name": "RAM SHARAN CHATURVEDI",
                "advocate": "S. JANANI"
            },
            "respondent": {
                "name": "THE STATE OF MADHYA PRADESH",
                "advocate": "None"
            },
            "document_href": "https://main.sci.gov.in/supremecourt/2009/21840/21840_2009_14_1501_37547_Judgement_25-Aug-2022.pdf"
        },
        {
            "diary_number": "21877 / 2021",
            "case_number": "C.A. No.-005333-005333 / 2022",
            "by": "HON'BLE MR. JUSTICE K.M. JOSEPH",
            "bench": [
                "HON'BLE MR. JUSTICE K.M. JOSEPH",
                "HON'BLE MR. JUSTICE HRISHIKESH ROY"
            ],
            "petitioner": {
                "name": "M/S PATIL AUTOMATION PRIVATE LIMITED",
                "advocate": "AYUSH NEGI"
            },
            "respondent": {
                "name": "RAKHEJA ENGINEERS PRIVATE LIMITED",
                "advocate": "None"
            },
            "document_href": "https://main.sci.gov.in/supremecourt/2021/21877/21877_2021_7_1501_37324_Judgement_17-Aug-2022.pdf"
        },
        {
            "diary_number": "21883 / 2020",
            "case_number": "C.A. No.-005309-005314 / 2022",
            "by": "HON'BLE THE CHIEF JUSTICE",
            "bench": [
                "HON'BLE THE CHIEF JUSTICE",
                "HON'BLE MR. JUSTICE S. RAVINDRA BHAT",
                "HON'BLE MR. JUSTICE SUDHANSHU DHULIA"
            ],
            "petitioner": {
                "name": "UNIVERSITY OF KERALA AND ORS. ETC.",
                "advocate": "LAKSHMEESH S. KAMATH"
            },
            "respondent": {
                "name": "MERLIN J.N. AND ANR. ETC. ETC.",
                "advocate": "None"
            },
            "document_href": "https://main.sci.gov.in/supremecourt/2020/21883/21883_2020_2_1501_37337_Judgement_17-Aug-2022.pdf"
        },
        {
            "diary_number": "22508 / 2021",
            "case_number": "C.A. No.-005545-005545 / 2022",
            "by": "HON'BLE MR. JUSTICE SANJIV KHANNA",
            "bench": [
                "HON'BLE MR. JUSTICE SANJIV KHANNA",
                "HON'BLE MS. JUSTICE BELA M. TRIVEDI"
            ],
            "petitioner": {
                "name": "UNION OF INDIA",
                "advocate": "B. V. BALARAM DAS"
            },
            "respondent": {
                "name": "EX. HC/GD VIRENDER SINGH",
                "advocate": "None"
            },
            "document_href": "https://main.sci.gov.in/supremecourt/2021/22508/22508_2021_13_1501_37439_Judgement_22-Aug-2022.pdf"
        },
        {
            "diary_number": "22591 / 2021",
            "case_number": "/ 0",
            "by": "HON'BLE THE CHIEF JUSTICE",
            "bench": [
                "HON'BLE THE CHIEF JUSTICE",
                "HON'BLE MR. JUSTICE AJAY RASTOGI"
            ],
            "petitioner": {
                "name": "SRI PAL SINGH",
                "advocate": "NEERAJ KUMAR GUPTA"
            },
            "respondent": {
                "name": "THE GENERAL MANAGER ICICI LOMBARD GENERAL INSURANCE CO. PVT. LTD.",
                "advocate": "None"
            },
            "document_href": "https://main.sci.gov.in/supremecourt/2021/22591/22591_2021_2_1001_37649_Judgement_25-Aug-2022.pdf"
        },
        {
            "diary_number": "22882 / 2018",
            "case_number": "C.A. No.-000371-000371 / 2022",
            "by": "HON'BLE MR. JUSTICE SANJAY KISHAN KAUL",
            "bench": [
                "HON'BLE MR. JUSTICE SANJAY KISHAN KAUL",
                "HON'BLE MR. JUSTICE ABHAY S. OKA"
            ],
            "petitioner": {
                "name": "M/S JAGAN SINGH AND CO.",
                "advocate": "NATASHA DALMIA"
            },
            "respondent": {
                "name": "LUDHIANA IMPROVEMENT TRUST",
                "advocate": "None"
            },
            "document_href": "https://main.sci.gov.in/supremecourt/2018/22882/22882_2018_3_1501_37881_Judgement_02-Sep-2022.pdf"
        },
        {
            "diary_number": "23560 / 2022",
            "case_number": "C.A. No.-005929-005929 / 2022",
            "by": "HON'BLE MR. JUSTICE SURYA KANT",
            "bench": [
                "HON'BLE MR. JUSTICE SURYA KANT",
                "HON'BLE MR. JUSTICE J.B. PARDIWALA"
            ],
            "petitioner": {
                "name": "ABRAHAM PATANI OF MUMBAI",
                "advocate": "VIKAS MEHTA"
            },
            "respondent": {
                "name": "THE STATE OF MAHARASHTRA",
                "advocate": "None"
            },
            "document_href": "https://main.sci.gov.in/supremecourt/2022/23560/23560_2022_14_1501_37891_Judgement_02-Sep-2022.pdf"
        },
        {
            "diary_number": "23681 / 2022",
            "case_number": "SLP(C) No.-013554-013555 / 2022",
            "by": "HON'BLE MR. JUSTICE M.R. SHAH",
            "bench": [
                "HON'BLE MR. JUSTICE M.R. SHAH",
                "HON'BLE MR. JUSTICE PAMIDIGHANTAM SRI NARASIMHA"
            ],
            "petitioner": {
                "name": "BOARD OF CONTROL FOR CRICKET IN INDIA",
                "advocate": "ABHINAV MUKERJI"
            },
            "respondent": {
                "name": "REGIONAL DIRECTOR",
                "advocate": "None"
            },
            "document_href": "https://main.sci.gov.in/supremecourt/2022/23681/23681_2022_9_9_37397_Judgement_18-Aug-2022.pdf"
        },
        {
            "diary_number": "23865 / 2018",
            "case_number": "Crl.A. No.-001343-001343 / 2022",
            "by": "HON'BLE MR. JUSTICE C.T. RAVIKUMAR",
            "bench": [
                "HON'BLE THE CHIEF JUSTICE",
                "HON'BLE MS. JUSTICE HIMA KOHLI",
                "HON'BLE MR. JUSTICE C.T. RAVIKUMAR"
            ],
            "petitioner": {
                "name": "PARVEZ PARWAZ",
                "advocate": "FUZAIL AHMAD AYYUBI"
            },
            "respondent": {
                "name": "THE STATE OF UTTAR PRADESH",
                "advocate": "None"
            },
            "document_href": "https://main.sci.gov.in/supremecourt/2018/23865/23865_2018_1_1505_37723_Judgement_26-Aug-2022.pdf"
        },
        {
            "diary_number": "24056 / 2019",
            "case_number": "Crl.A. No.-001200-001202 / 2022",
            "by": "HON'BLE MR. JUSTICE B.R. GAVAI",
            "bench": [
                "HON'BLE MR. JUSTICE B.R. GAVAI",
                "HON'BLE MR. JUSTICE PAMIDIGHANTAM SRI NARASIMHA"
            ],
            "petitioner": {
                "name": "KHEMA @ KHEM CHANDRA ETC.",
                "advocate": "T. L. GARG"
            },
            "respondent": {
                "name": "THE STATE OF UTTAR PRADESH ETC.",
                "advocate": "VISHNU SHANKAR JAIN"
            },
            "document_href": "https://main.sci.gov.in/supremecourt/2019/24056/24056_2019_14_1501_37186_Judgement_10-Aug-2022.pdf"
        },
        {
            "diary_number": "25151 / 2018",
            "case_number": "C.A. No.-004943-004943 / 2022",
            "by": "HON'BLE MR. JUSTICE VIKRAM NATH",
            "bench": [
                "HON'BLE MR. JUSTICE HEMANT GUPTA",
                "HON'BLE MR. JUSTICE VIKRAM NATH"
            ],
            "petitioner": {
                "name": "AYILLYATH YADUNATH NAMBIAR",
                "advocate": "KMNP LAW AOR"
            },
            "respondent": {
                "name": "P. SREEDHARAN",
                "advocate": "None"
            },
            "document_href": "https://main.sci.gov.in/supremecourt/2018/25151/25151_2018_8_1501_37396_Judgement_18-Aug-2022.pdf"
        },
        {
            "diary_number": "25351 / 2019",
            "case_number": "C.A. No.-005220-005220 / 2022",
            "by": "HON'BLE MR. JUSTICE HEMANT GUPTA",
            "bench": [
                "HON'BLE MR. JUSTICE HEMANT GUPTA",
                "HON'BLE MR. JUSTICE VIKRAM NATH"
            ],
            "petitioner": {
                "name": "JANABAI",
                "advocate": "ATUL BABASAHEB DAKH"
            },
            "respondent": {
                "name": "M/S I.C.I.C.I. LAMBORD INSURANCE COMPANY LTD.",
                "advocate": "None"
            },
            "document_href": "https://main.sci.gov.in/supremecourt/2019/25351/25351_2019_8_1502_37198_Judgement_10-Aug-2022.pdf"
        },
        {
            "diary_number": "25496 / 2020",
            "case_number": "C.A. No.-000498-000501 / 2021",
            "by": "HON'BLE MR. JUSTICE SANJIV KHANNA",
            "bench": [
                "HON'BLE MR. JUSTICE SANJIV KHANNA",
                "HON'BLE MS. JUSTICE BELA M. TRIVEDI"
            ],
            "petitioner": {
                "name": "FRANKLIN TEMPLETON TRUSTEE  SERVICES PVT. LTD.",
                "advocate": "JASMEET SINGH"
            },
            "respondent": {
                "name": "AMRUTA GARG AND ORS. ETC. ETC.",
                "advocate": "None"
            },
            "document_href": "https://main.sci.gov.in/supremecourt/2020/25496/25496_2020_13_1501_37255_Judgement_12-Aug-2022.pdf"
        },
        {
            "diary_number": "25587 / 2019",
            "case_number": "C.A. No.-005439-005439 / 2022",
            "by": "HON'BLE MR. JUSTICE M.R. SHAH",
            "bench": [
                "HON'BLE MR. JUSTICE M.R. SHAH",
                "HON'BLE MRS. JUSTICE B.V. NAGARATHNA"
            ],
            "petitioner": {
                "name": "UNION OF INDIA",
                "advocate": "SUJEETA SRIVASTAVA"
            },
            "respondent": {
                "name": "SUBHASH CHANDER SEHGAL",
                "advocate": "None"
            },
            "document_href": "https://main.sci.gov.in/supremecourt/2019/25587/25587_2019_9_1501_37433_Judgement_22-Aug-2022.pdf"
        },
        {
            "diary_number": "25634 / 2020",
            "case_number": "Crl.A. No.-000892 / 2020",
            "by": "HON'BLE MR. JUSTICE K.M. JOSEPH",
            "bench": [
                "HON'BLE MR. JUSTICE K.M. JOSEPH",
                "HON'BLE MR. JUSTICE HRISHIKESH ROY"
            ],
            "petitioner": {
                "name": "MEHMOOD PRACHA",
                "advocate": "PETITIONER-IN-PERSON"
            },
            "respondent": {
                "name": "CENTRAL ADMINISTRATIVE TRIBUNAL",
                "advocate": "None"
            },
            "document_href": "https://main.sci.gov.in/supremecourt/2020/25634/25634_2020_7_5_37175_Judgement_10-Aug-2022.pdf"
        },
        {
            "diary_number": "26837 / 2019",
            "case_number": "C.A. No.-004252-004252 / 2022",
            "by": "HON'BLE MR. JUSTICE PAMIDIGHANTAM SRI NARASIMHA",
            "bench": [
                "HON'BLE MR. JUSTICE M.R. SHAH",
                "HON'BLE MR. JUSTICE PAMIDIGHANTAM SRI NARASIMHA"
            ],
            "petitioner": {
                "name": "PR. COMMISSIONER OF INCOME TAX  1",
                "advocate": "ANIL KATIYAR"
            },
            "respondent": {
                "name": "M/S ABC PAPERS LIMITED",
                "advocate": "None"
            },
            "document_href": "https://main.sci.gov.in/supremecourt/2019/26837/26837_2019_9_1501_37397_Judgement_18-Aug-2022.pdf"
        },
        {
            "diary_number": "27171 / 2020",
            "case_number": "CURATIVE PET(C) No.-000088 / 2021",
            "by": "HON'BLE THE CHIEF JUSTICE",
            "bench": [
                "HON'BLE THE CHIEF JUSTICE",
                "HON'BLE DR. JUSTICE D.Y. CHANDRACHUD",
                "HON'BLE MR. JUSTICE SANJAY KISHAN KAUL",
                "HON'BLE MR. JUSTICE S. ABDUL NAZEER"
            ],
            "petitioner": {
                "name": "EX HAVILDAR BHOOP SINGH",
                "advocate": "RANDHIR KUMAR OJHA"
            },
            "respondent": {
                "name": "UNION OF INDIA",
                "advocate": "None"
            },
            "document_href": "https://main.sci.gov.in/supremecourt/2020/27171/27171_2020_1_1002_37725_Judgement_30-Aug-2022.pdf"
        },
        {
            "diary_number": "27657 / 2020",
            "case_number": "C.A. No.-005238-005238 / 2022",
            "by": "HON'BLE MS. JUSTICE INDIRA BANERJEE",
            "bench": [
                "HON'BLE MS. JUSTICE INDIRA BANERJEE",
                "HON'BLE MR. JUSTICE V. RAMASUBRAMANIAN"
            ],
            "petitioner": {
                "name": "SANDHYA PANT",
                "advocate": "SATISH KUMAR"
            },
            "respondent": {
                "name": "DEEPAK RUWALI",
                "advocate": "None"
            },
            "document_href": "https://main.sci.gov.in/supremecourt/2020/27657/27657_2020_6_1502_37174_Judgement_11-Aug-2022.pdf"
        },
        {
            "diary_number": "27977 / 2020",
            "case_number": "CURATIVE PET(C) No.-000210 / 2021",
            "by": "HON'BLE THE CHIEF JUSTICE",
            "bench": [
                "None"
            ],
            "petitioner": {
                "name": "MARAYAMMAL",
                "advocate": "MADHUSMITA BORA"
            },
            "respondent": {
                "name": "K.S. VENKIDUSAMY",
                "advocate": "None"
            },
            "document_href": "https://main.sci.gov.in/supremecourt/2020/27977/27977_2020_1_1001_37724_Judgement_30-Aug-2022.pdf"
        },
        {
            "diary_number": "28230 / 2021",
            "case_number": "C.A. No.-007129 / 2021",
            "by": "HON'BLE MS. JUSTICE HIMA KOHLI",
            "bench": [
                "HON'BLE THE CHIEF JUSTICE",
                "HON'BLE MS. JUSTICE HIMA KOHLI",
                "HON'BLE MR. JUSTICE C.T. RAVIKUMAR"
            ],
            "petitioner": {
                "name": "UTTAR HARYANA BIJLI VITRAN NIGAM LTD.",
                "advocate": "NIKUNJ DAYAL"
            },
            "respondent": {
                "name": "ADANI POWER (MUNDRA) LIMITED",
                "advocate": "None"
            },
            "document_href": "https://main.sci.gov.in/supremecourt/2021/28230/28230_2021_1_1501_37579_Judgement_24-Aug-2022.pdf"
        },
        {
            "diary_number": "28254 / 2021",
            "case_number": "ARBIT.CASE(C) No.-000005 / 2022",
            "by": "HON'BLE DR. JUSTICE D.Y. CHANDRACHUD",
            "bench": [
                "None"
            ],
            "petitioner": {
                "name": "OIL AND NATURAL GAS CORPORATION LTD.",
                "advocate": "GUNNAM VENKATESWARA RAO"
            },
            "respondent": {
                "name": "AFCONS GUNANUSA JV",
                "advocate": "None"
            },
            "document_href": "https://main.sci.gov.in/supremecourt/2021/28254/28254_2021_2_1501_37867_Judgement_30-Aug-2022.pdf"
        },
        {
            "diary_number": "28263 / 2020",
            "case_number": "CURATIVE PET(C) No.-000066 / 2021",
            "by": "HON'BLE THE CHIEF JUSTICE",
            "bench": [
                "None"
            ],
            "petitioner": {
                "name": "ARJUN PRAKASH",
                "advocate": "V. ELANCHEZHIYAN"
            },
            "respondent": {
                "name": "SHYAM SAHANI",
                "advocate": "None"
            },
            "document_href": "https://main.sci.gov.in/supremecourt/2020/28263/28263_2020_1_1005_37728_Judgement_30-Aug-2022.pdf"
        },
        {
            "diary_number": "28272 / 2020",
            "case_number": "CURATIVE PET(C) No.-000076 / 2021",
            "by": "HON'BLE THE CHIEF JUSTICE",
            "bench": [
                "None"
            ],
            "petitioner": {
                "name": "M/S ICE TV PRIVATE LIMITED",
                "advocate": "RAJIV SHANKAR DVIVEDI"
            },
            "respondent": {
                "name": "M/S SREEDEVI DIGITAL SYSTEMS PRIVATE LIMITED",
                "advocate": "None"
            },
            "document_href": "https://main.sci.gov.in/supremecourt/2020/28272/28272_2020_1_1003_37726_Judgement_30-Aug-2022.pdf"
        },
        {
            "diary_number": "28579 / 2020",
            "case_number": "CURATIVE PET(C) No.-000120 / 2021",
            "by": "HON'BLE THE CHIEF JUSTICE",
            "bench": [
                "None"
            ],
            "petitioner": {
                "name": "PM COLD STORAGE PRIVATE LIMITED",
                "advocate": "K. L. JANJANI"
            },
            "respondent": {
                "name": "MONOTRONE LEASING PRIVATE LIMITED",
                "advocate": "None"
            },
            "document_href": "https://main.sci.gov.in/supremecourt/2020/28579/28579_2020_1_1004_37727_Judgement_30-Aug-2022.pdf"
        },
        {
            "diary_number": "28597 / 2019",
            "case_number": "C.A. No.-005909-005909 / 2022",
            "by": "HON'BLE THE CHIEF JUSTICE",
            "bench": [
                "HON'BLE THE CHIEF JUSTICE",
                "HON'BLE MR. JUSTICE S. RAVINDRA BHAT",
                "HON'BLE MR. JUSTICE J.B. PARDIWALA"
            ],
            "petitioner": {
                "name": "LIFE INSURANCE CORPORATION OF INDIA",
                "advocate": "AAKARSH KAMRA"
            },
            "respondent": {
                "name": "SANJEEV BUILDERS PRIVATE LIMITED",
                "advocate": "None"
            },
            "document_href": "https://main.sci.gov.in/supremecourt/2019/28597/28597_2019_1_1501_37898_Judgement_01-Sep-2022.pdf"
        },
        {
            "diary_number": "28750 / 2021",
            "case_number": "C.A. No.-005509-005510 / 2022",
            "by": "HON'BLE MS. JUSTICE INDIRA BANERJEE",
            "bench": [
                "HON'BLE MS. JUSTICE INDIRA BANERJEE",
                "HON'BLE MR. JUSTICE V. RAMASUBRAMANIAN"
            ],
            "petitioner": {
                "name": "BRIJ RAJ OBEROI",
                "advocate": "SAHIL TAGOTRA"
            },
            "respondent": {
                "name": "THE  SECRETARY,  TOURISM  AND  CIVIL AVIATION  DEPARTMENT",
                "advocate": "None"
            },
            "document_href": "https://main.sci.gov.in/supremecourt/2021/28750/28750_2021_6_1501_37380_Judgement_18-Aug-2022.pdf"
        },
        {
            "diary_number": "29601 / 2021",
            "case_number": "Crl.A. No.-001196-001196 / 2022",
            "by": "HON'BLE DR. JUSTICE D.Y. CHANDRACHUD",
            "bench": [
                "HON'BLE DR. JUSTICE D.Y. CHANDRACHUD",
                "HON'BLE MR. JUSTICE SURYA KANT",
                "HON'BLE MR. JUSTICE A.S. BOPANNA"
            ],
            "petitioner": {
                "name": "M.P. RAMANI",
                "advocate": "SAJITH. P"
            },
            "respondent": {
                "name": "THE STATE OF KERALA",
                "advocate": "None"
            },
            "document_href": "https://main.sci.gov.in/supremecourt/2021/29601/29601_2021_3_1501_37190_Judgement_11-Aug-2022.pdf"
        },
        {
            "diary_number": "29770 / 2021",
            "case_number": "C.A. No.-005876-005876 / 2022",
            "by": "HON'BLE MR. JUSTICE HEMANT GUPTA",
            "bench": [
                "HON'BLE MR. JUSTICE HEMANT GUPTA",
                "HON'BLE MR. JUSTICE SUDHANSHU DHULIA"
            ],
            "petitioner": {
                "name": "MAHADEO",
                "advocate": "DHARMENDRA KUMAR SINHA"
            },
            "respondent": {
                "name": "SOVAN DEVI",
                "advocate": "None"
            },
            "document_href": "https://main.sci.gov.in/supremecourt/2021/29770/29770_2021_7_1501_37868_Judgement_30-Aug-2022.pdf"
        },
        {
            "diary_number": "30527 / 2021",
            "case_number": "C.A. No.-007667 / 2021",
            "by": "HON'BLE THE CHIEF JUSTICE",
            "bench": [
                "HON'BLE THE CHIEF JUSTICE",
                "HON'BLE MR. JUSTICE J.K. MAHESHWARI",
                "HON'BLE MS. JUSTICE HIMA KOHLI"
            ],
            "petitioner": {
                "name": "SUNDARESH BHATT",
                "advocate": "ALOK TRIPATHI"
            },
            "respondent": {
                "name": "CENTRAL BOARD OF INDIRECT TAXES AND CUSTOMS",
                "advocate": "None"
            },
            "document_href": "https://main.sci.gov.in/supremecourt/2021/30527/30527_2021_1_1501_37723_Judgement_26-Aug-2022.pdf"
        },
        {
            "diary_number": "30855 / 2019",
            "case_number": "Crl.A. No.-001260-001260 / 2022",
            "by": "HON'BLE DR. JUSTICE D.Y. CHANDRACHUD",
            "bench": [
                "HON'BLE DR. JUSTICE D.Y. CHANDRACHUD",
                "HON'BLE MR. JUSTICE A.S. BOPANNA"
            ],
            "petitioner": {
                "name": "ORIENTAL BANK OF COMMERCE",
                "advocate": "AMBAR QAMARUDDIN"
            },
            "respondent": {
                "name": "PRABODH KUMAR TEWARI",
                "advocate": "None"
            },
            "document_href": "https://main.sci.gov.in/supremecourt/2019/30855/30855_2019_3_18_37306_Judgement_16-Aug-2022.pdf"
        },
        {
            "diary_number": "31213 / 2021",
            "case_number": "Crl.A. No.-001217-001217 / 2022",
            "by": "HON'BLE MR. JUSTICE B.R. GAVAI",
            "bench": [
                "HON'BLE MR. JUSTICE B.R. GAVAI",
                "HON'BLE MR. JUSTICE PAMIDIGHANTAM SRI NARASIMHA"
            ],
            "petitioner": {
                "name": "KAPIL GUPTA",
                "advocate": "AJAY KUMAR TALESARA"
            },
            "respondent": {
                "name": "STATE OF NCT OF DELHI",
                "advocate": "None"
            },
            "document_href": "https://main.sci.gov.in/supremecourt/2021/31213/31213_2021_14_26_37185_Judgement_10-Aug-2022.pdf"
        },
        {
            "diary_number": "31632 / 2019",
            "case_number": "CONMT.PET.(C) No.-000399 / 2020",
            "by": "HON'BLE THE CHIEF JUSTICE",
            "bench": [
                "HON'BLE THE CHIEF JUSTICE",
                "HON'BLE MR. JUSTICE S. RAVINDRA BHAT",
                "HON'BLE MR. JUSTICE SUDHANSHU DHULIA"
            ],
            "petitioner": {
                "name": "BAHADUR SINGH",
                "advocate": "SATYAPAL KHUSHAL CHAND PASI"
            },
            "respondent": {
                "name": "JASPREET KAUR TALWAR",
                "advocate": "None"
            },
            "document_href": "https://main.sci.gov.in/supremecourt/2019/31632/31632_2019_2_24_37343_Judgement_16-Aug-2022.pdf"
        },
        {
            "diary_number": "32175 / 2016",
            "case_number": "C.A. No.-005841-005841 / 2022",
            "by": "HON'BLE MS. JUSTICE HIMA KOHLI",
            "bench": [
                "HON'BLE THE CHIEF JUSTICE",
                "HON'BLE MS. JUSTICE HIMA KOHLI",
                "HON'BLE MR. JUSTICE C.T. RAVIKUMAR"
            ],
            "petitioner": {
                "name": "THE STATE OF RAJASTHAN AND ANR.",
                "advocate": "MILIND KUMAR"
            },
            "respondent": {
                "name": "ULTRATECH CEMENT LTD.",
                "advocate": "None"
            },
            "document_href": "https://main.sci.gov.in/supremecourt/2016/32175/32175_2016_1_1504_37723_Judgement_26-Aug-2022.pdf"
        },
        {
            "diary_number": "33581 / 2017",
            "case_number": "C.A. No.-004833-004833 / 2022",
            "by": "HON'BLE THE CHIEF JUSTICE",
            "bench": [
                "HON'BLE THE CHIEF JUSTICE",
                "HON'BLE MR. JUSTICE S. RAVINDRA BHAT",
                "HON'BLE MR. JUSTICE SUDHANSHU DHULIA"
            ],
            "petitioner": {
                "name": "SATYENDER",
                "advocate": "ABHIMANYU TEWARI"
            },
            "respondent": {
                "name": "SAROJ",
                "advocate": "None"
            },
            "document_href": "https://main.sci.gov.in/supremecourt/2017/33581/33581_2017_2_1502_37337_Judgement_17-Aug-2022.pdf"
        },
        {
            "diary_number": "34326 / 2017",
            "case_number": "C.A. No.-005006-005010 / 2022",
            "by": "HON'BLE MR. JUSTICE HEMANT GUPTA",
            "bench": [
                "HON'BLE MR. JUSTICE HEMANT GUPTA",
                "HON'BLE MR. JUSTICE VIKRAM NATH"
            ],
            "petitioner": {
                "name": "UNION OF INDIA",
                "advocate": "AMRISH KUMAR"
            },
            "respondent": {
                "name": "RAMCHANDRA",
                "advocate": "None"
            },
            "document_href": "https://main.sci.gov.in/supremecourt/2017/34326/34326_2017_8_1502_37199_Judgement_11-Aug-2022.pdf"
        },
        {
            "diary_number": "34821 / 2019",
            "case_number": "Crl.A. No.-001273-001273 / 2022",
            "by": "HON'BLE DR. JUSTICE D.Y. CHANDRACHUD",
            "bench": [
                "HON'BLE DR. JUSTICE D.Y. CHANDRACHUD",
                "HON'BLE MR. JUSTICE A.S. BOPANNA"
            ],
            "petitioner": {
                "name": "M.N.G BHARATEESH REDDY",
                "advocate": "H. CHANDRA SEKHAR"
            },
            "respondent": {
                "name": "RAMESH RANGANATHAN",
                "advocate": "None"
            },
            "document_href": "https://main.sci.gov.in/supremecourt/2019/34821/34821_2019_3_19_37392_Judgement_18-Aug-2022.pdf"
        },
        {
            "diary_number": "35328 / 2013",
            "case_number": "SLP(C) No.-039422-039422 / 2013",
            "by": "HON'BLE MR. JUSTICE M.R. SHAH",
            "bench": [
                "None"
            ],
            "petitioner": {
                "name": "NAGAR PANCHAYAT MOONAK AND ORS.",
                "advocate": "K. K. MOHAN"
            },
            "respondent": {
                "name": "THE STATE OF PUNJAB AND ORS.",
                "advocate": "None"
            },
            "document_href": "https://main.sci.gov.in/supremecourt/2013/35328/35328_2013_9_2_37378_Judgement_17-Aug-2022.pdf"
        },
        {
            "diary_number": "35856 / 2009",
            "case_number": "W.P.(C) No.-000562-000562 / 2009",
            "by": "HON'BLE THE CHIEF JUSTICE",
            "bench": [
                "HON'BLE THE CHIEF JUSTICE RANJAN GOGOI",
                "HON'BLE MRS. JUSTICE R. BANUMATHI"
            ],
            "petitioner": {
                "name": "SAMAJ PARIVARTANA SAMUDAYA",
                "advocate": "PRASHANT BHUSHAN"
            },
            "respondent": {
                "name": "STATE OF KARNATAKA .",
                "advocate": "None"
            },
            "document_href": "https://main.sci.gov.in/supremecourt/2009/35856/35856_2009_1_1502_37723_Judgement_26-Aug-2022.pdf"
        },
        {
            "diary_number": "37676 / 2019",
            "case_number": "C.A. No.-005825-005825 / 2022",
            "by": "HON'BLE MR. JUSTICE KRISHNA MURARI",
            "bench": [
                "HON'BLE THE CHIEF JUSTICE",
                "HON'BLE MR. JUSTICE KRISHNA MURARI",
                "HON'BLE MS. JUSTICE HIMA KOHLI"
            ],
            "petitioner": {
                "name": "RATILAL S. PUJARA (SINCE DECEASED) THR. HIS L.RS",
                "advocate": "PETITIONER-IN-PERSON"
            },
            "respondent": {
                "name": "MUNICIPAL COMMISSIONER, MUNICIPAL CORPORATION OF GREATER MUMBAI",
                "advocate": "None"
            },
            "document_href": "https://main.sci.gov.in/supremecourt/2019/37676/37676_2019_1_1502_37695_Judgement_25-Aug-2022.pdf"
        },
        {
            "diary_number": "41365 / 2019",
            "case_number": "C.A. No.-005293-005293 / 2022",
            "by": "HON'BLE THE CHIEF JUSTICE",
            "bench": [
                "HON'BLE THE CHIEF JUSTICE",
                "HON'BLE MR. JUSTICE S. RAVINDRA BHAT",
                "HON'BLE MR. JUSTICE SUDHANSHU DHULIA"
            ],
            "petitioner": {
                "name": "THE STATE OF WEST BENGAL",
                "advocate": "PLR CHAMBERS AND CO."
            },
            "respondent": {
                "name": "ADONIS ENGINEERS COOPERATIVE CONSTRUCTION SOCIETY LIMITED",
                "advocate": "None"
            },
            "document_href": "https://main.sci.gov.in/supremecourt/2019/41365/41365_2019_2_25_37343_Judgement_16-Aug-2022.pdf"
        },
        {
            "diary_number": "41564 / 2016",
            "case_number": "C.A. No.-005337-005434 / 2022",
            "by": "HON'BLE MR. JUSTICE M.R. SHAH",
            "bench": [
                "HON'BLE MR. JUSTICE M.R. SHAH",
                "HON'BLE MRS. JUSTICE B.V. NAGARATHNA"
            ],
            "petitioner": {
                "name": "JAGJIT SINGH AND ORS. ETC. ETC.",
                "advocate": "SUBHASISH BHOWMICK"
            },
            "respondent": {
                "name": "STATE OF PUNJAB AND ANR. ETC. ETC.",
                "advocate": "None"
            },
            "document_href": "https://main.sci.gov.in/supremecourt/2016/41564/41564_2016_8_1501_37630_Judgement_26-Aug-2022.pdf"
        },
        {
            "diary_number": "44271 / 2019",
            "case_number": "C.A. No.-005804-005804 / 2022",
            "by": "HON'BLE THE CHIEF JUSTICE",
            "bench": [
                "HON'BLE THE CHIEF JUSTICE",
                "HON'BLE MR. JUSTICE S. RAVINDRA BHAT",
                "HON'BLE MR. JUSTICE SUDHANSHU DHULIA"
            ],
            "petitioner": {
                "name": "PR. COMMISSIONER OF INCOME TAX 6",
                "advocate": "RAJ BAHADUR YADAV"
            },
            "respondent": {
                "name": "KHYATI REALTORS PVT. LTD.",
                "advocate": "None"
            },
            "document_href": "https://main.sci.gov.in/supremecourt/2019/44271/44271_2019_2_1501_37558_Judgement_25-Aug-2022.pdf"
        },
        {
            "diary_number": "44734 / 2019",
            "case_number": "Crl.A. No.-001414-001414 / 2022",
            "by": "HON'BLE MR. JUSTICE AJAY RASTOGI",
            "bench": [
                "HON'BLE MR. JUSTICE AJAY RASTOGI",
                "HON'BLE MRS. JUSTICE B.V. NAGARATHNA"
            ],
            "petitioner": {
                "name": "MUNNA PRASAD VERMA",
                "advocate": "PARUL SHUKLA"
            },
            "respondent": {
                "name": "THE STATE OF UTTAR PRADESH",
                "advocate": "None"
            },
            "document_href": "https://main.sci.gov.in/supremecourt/2019/44734/44734_2019_9_1501_37887_Judgement_02-Sep-2022.pdf"
        },
        {
            "diary_number": "70851 / 2009",
            "case_number": "Crl.A. No.-001290-001290 / 2010",
            "by": "HON'BLE MR. JUSTICE B.R. GAVAI",
            "bench": [
                "HON'BLE MR. JUSTICE B.R. GAVAI",
                "HON'BLE MR. JUSTICE PAMIDIGHANTAM SRI NARASIMHA"
            ],
            "petitioner": {
                "name": "MAKHAN SINGH",
                "advocate": "SUDARSHAN SINGH RAWAT"
            },
            "respondent": {
                "name": "THE STATE OF HARYANA",
                "advocate": "None"
            },
            "document_href": "https://main.sci.gov.in/supremecourt/2009/70851/70851_2009_14_1501_37317_Judgement_16-Aug-2022.pdf"
        }
    ]
}
